winery,wine,year,is_non_vintage,rating,num_reviews,region,region_grouped,price,price_log,type,body,acidity
Teso La Monja,Tinto,2013,FALSE,4.9,58,Toro,Toro,995.0,2.9978,Toro Red,5,3
Artadi,Vina El Pison,2018,FALSE,4.9,31,Vino de Espana,Vino de Espana,313.5,2.4962,Tempranillo,4,2
Vega Sicilia,Unico,2009,FALSE,4.8,1793,Ribera del Duero,Ribera del Duero,324.95,2.5118,Ribera Del Duero Red,5,3
Vega Sicilia,Unico,1999,FALSE,4.8,1705,Ribera del Duero,Ribera del Duero,692.96,2.8407,Ribera Del Duero Red,5,3
Vega Sicilia,Unico,1996,FALSE,4.8,1309,Ribera del Duero,Ribera del Duero,778.06,2.891,Ribera Del Duero Red,5,3
Vega Sicilia,Unico,1998,FALSE,4.8,1209,Ribera del Duero,Ribera del Duero,490.0,2.6902,Ribera Del Duero Red,5,3
Vega Sicilia,Unico,2010,FALSE,4.8,1201,Ribera del Duero,Ribera del Duero,349.0,2.5428,Ribera Del Duero Red,5,3
Vega Sicilia,Unico,1995,FALSE,4.8,926,Ribera del Duero,Ribera del Duero,810.89,2.909,Ribera Del Duero Red,5,3
Vega Sicilia,Unico Reserva Especial Edicion,2015,FALSE,4.8,643,Ribera del Duero,Ribera del Duero,345.0,2.5378,Ribera Del Duero Red,5,3
Vega Sicilia,Unico,2011,FALSE,4.8,630,Ribera del Duero,Ribera del Duero,315.0,2.4983,Ribera Del Duero Red,5,3
Vega Sicilia,Unico Reserva Especial Edicion,2016,FALSE,4.8,591,Ribera del Duero,Ribera del Duero,514.85,2.7117,Ribera Del Duero Red,5,3
Pago de Carraovejas,El Anejon,2016,FALSE,4.8,454,Ribera del Duero,Ribera del Duero,105.15,2.0218,Ribera Del Duero Red,5,3
Vega Sicilia,Unico Reserva Especial Edicion,2018,FALSE,4.8,438,Ribera del Duero,Ribera del Duero,430.0,2.6335,Ribera Del Duero Red,5,3
Vega Sicilia,Unico,1970,FALSE,4.8,417,Ribera del Duero,Ribera del Duero,925.0,2.9661,Ribera Del Duero Red,5,3
Toro Albala,Don PX Convento Seleccion,1946,FALSE,4.8,398,Montilla-Moriles,Other,350.0,2.5441,Pedro Ximenez,5,1
Pago de Carraovejas,Cuesta de Las Liebres,2015,FALSE,4.8,372,Ribera del Duero,Ribera del Duero,166.18,2.2206,Ribera Del Duero Red,5,3
Vega Sicilia,Unico,1962,FALSE,4.8,295,Ribera del Duero,Ribera del Duero,1620.0,3.2095,Ribera Del Duero Red,5,3
Vega Sicilia,Unico Reserva Especial Edicion,2019,FALSE,4.8,250,Ribera del Duero,Ribera del Duero,431.36,2.6348,Ribera Del Duero Red,5,3
Bodegas El Nido,El Nido,2018,FALSE,4.8,217,Jumilla,Other,195.627379550654,2.2914,Red,4,3
Vega Sicilia,Unico Reserva Especial Edicion,2004,FALSE,4.8,211,Ribera del Duero,Ribera del Duero,824.43,2.9162,Ribera Del Duero Red,5,3
Valdespino,Toneles Moscatel,,TRUE,4.8,174,Jerez-Xeres-Sherry,Jerez-Xeres-Sherry,253.0,2.4031,Sherry,4,3
Vega Sicilia,Unico Reserva Especial Edicion,2013,FALSE,4.8,172,Ribera del Duero,Ribera del Duero,570.51,2.7563,Ribera Del Duero Red,5,3
Dominio de Pingus,Pingus,2016,FALSE,4.8,145,Ribera del Duero,Ribera del Duero,1280.0,3.1072,Ribera Del Duero Red,5,3
Toro Albala,Don PX Convento Seleccion,1931,FALSE,4.8,139,Montilla-Moriles,Other,244.85,2.3889,Pedro Ximenez,5,1
Vega Sicilia,Unico Reserva Especial Edicion,2010,FALSE,4.8,125,Ribera del Duero,Ribera del Duero,719.34,2.8569,Ribera Del Duero Red,5,3
Vega Sicilia,Unico,1979,FALSE,4.8,118,Ribera del Duero,Ribera del Duero,815.0,2.9112,Ribera Del Duero Red,5,3
Toro Albala,Don PX Pedro Ximenez,1946,FALSE,4.8,103,Montilla-Moriles,Other,285.86,2.4562,Pedro Ximenez,5,1
Alvaro Palacios,L'Ermita Velles Vinyes Priorat,2004,FALSE,4.8,87,Priorato,Priorato,1410.26,3.1493,Priorat Red,4,3
Vega Sicilia,Unico Reserva Especial Edicion,2005,FALSE,4.8,87,Ribera del Duero,Ribera del Duero,813.96,2.9106,Ribera Del Duero Red,5,3
Vega Sicilia,Unico Reserva Especial Edicion,2020,FALSE,4.8,84,Ribera del Duero,Ribera del Duero,435.75,2.6392,Ribera Del Duero Red,5,3
Ordonez,Vatan Arena Tinta de Toro,2014,FALSE,4.8,79,Toro,Toro,369.05,2.5671,Toro Red,5,3
Vega Sicilia,Unico Reserva Especial Edicion,1985,FALSE,4.8,70,Ribera del Duero,Ribera del Duero,1182.77,3.0729,Ribera Del Duero Red,5,3
Toro Albala,Don PX Convento Seleccion,1929,FALSE,4.8,69,Montilla-Moriles,Other,227.95,2.3578,Pedro Ximenez,5,1
Bodegas Valduero,Ribera Del Duero Gran Reserva 12 Anos,1999,FALSE,4.8,68,Ribera del Duero,Ribera del Duero,999.0,2.9996,Ribera Del Duero Red,5,3
Vina Sastre,Pesus Ribera del Duero,2007,FALSE,4.8,68,Ribera del Duero,Ribera del Duero,360.0,2.5563,Ribera Del Duero Red,5,3
Teso La Monja,Tinto,2012,FALSE,4.8,56,Toro,Toro,1190.0,3.0755,Toro Red,5,3
Dominio de Pingus,Pingus,2017,FALSE,4.8,52,Ribera del Duero,Ribera del Duero,1150.0,3.0607,Ribera Del Duero Red,5,3
Teso La Monja,Tinto,2009,FALSE,4.8,50,Toro,Toro,950.0,2.9777,Toro Red,5,3
Alvaro Palacios,L'Ermita Velles Vinyes Priorat,2008,FALSE,4.8,40,Priorato,Priorato,1021.21,3.0091,Priorat Red,4,3
Sierra Cantabria,Magico,2016,FALSE,4.8,40,Rioja,Rioja,544.5,2.736,Rioja Red,4,3
Teso La Monja,Tinto,2011,FALSE,4.8,32,Toro,Toro,1295.0,3.1123,Toro Red,5,3
Alvaro Palacios,L'Ermita Velles Vinyes Priorat,2017,FALSE,4.8,31,Priorato,Priorato,992.2,2.9966,Priorat Red,4,3
Teso La Monja,Tinto,2015,FALSE,4.8,28,Toro,Toro,1289.44,3.1104,Toro Red,5,3
Descendientes de J. Palacios,La Faraona Bierzo (Corullon),2017,FALSE,4.8,26,Bierzo,Bierzo,1098.9,3.041,Red,4,3
La Rioja Alta,Gran Reserva 890,1985,FALSE,4.8,26,Rioja,Rioja,215.34,2.3331,Rioja Red,4,3
Alvaro Palacios,L'Ermita Velles Vinyes Priorat,2018,FALSE,4.8,26,Priorato,Priorato,1094.9,3.0394,Priorat Red,4,3
Vega Sicilia,Unico Reserva Especial Edicion,,TRUE,4.7,12421,Ribera del Duero,Ribera del Duero,423.5,2.6269,Ribera Del Duero Red,5,3
Vega Sicilia,Valbuena 5o,2010,FALSE,4.7,5266,Ribera del Duero,Ribera del Duero,239.5,2.3793,Ribera Del Duero Red,5,3
Vega Sicilia,Valbuena 5o,2014,FALSE,4.7,4350,Ribera del Duero,Ribera del Duero,175.5,2.2443,Ribera Del Duero Red,5,3
Vega Sicilia,Valbuena 5o,2006,FALSE,4.7,3929,Ribera del Duero,Ribera del Duero,194.0,2.2878,Ribera Del Duero Red,5,3
Vega Sicilia,Unico,2005,FALSE,4.7,3437,Ribera del Duero,Ribera del Duero,381.15,2.5811,Ribera Del Duero Red,5,3
Vega Sicilia,Unico,2004,FALSE,4.7,3164,Ribera del Duero,Ribera del Duero,584.43,2.7667,Ribera Del Duero Red,5,3
Vega Sicilia,Unico,2000,FALSE,4.7,3127,Ribera del Duero,Ribera del Duero,555.2,2.7444,Ribera Del Duero Red,5,3
Vega Sicilia,Unico,2007,FALSE,4.7,2935,Ribera del Duero,Ribera del Duero,445.28,2.6486,Ribera Del Duero Red,5,3
Vega Sicilia,Valbuena 5o,2015,FALSE,4.7,2826,Ribera del Duero,Ribera del Duero,189.0,2.2765,Ribera Del Duero Red,5,3
Vega Sicilia,Unico,2006,FALSE,4.7,2765,Ribera del Duero,Ribera del Duero,362.25,2.559,Ribera Del Duero Red,5,3
Vega Sicilia,Unico,2008,FALSE,4.7,2480,Ribera del Duero,Ribera del Duero,289.0,2.4609,Ribera Del Duero Red,5,3
Vega Sicilia,Unico,2003,FALSE,4.7,2419,Ribera del Duero,Ribera del Duero,325.0,2.5119,Ribera Del Duero Red,5,3
Vega Sicilia,Valbuena 5o,2016,FALSE,4.7,2177,Ribera del Duero,Ribera del Duero,107.57,2.0317,Ribera Del Duero Red,5,3
Vega Sicilia,Valbuena 5o,2005,FALSE,4.7,1892,Ribera del Duero,Ribera del Duero,234.0,2.3692,Ribera Del Duero Red,5,3
Vega Sicilia,Unico,2002,FALSE,4.7,1199,Ribera del Duero,Ribera del Duero,500.94,2.6998,Ribera Del Duero Red,5,3
Vega Sicilia,Unico,1991,FALSE,4.7,1141,Ribera del Duero,Ribera del Duero,698.9,2.8444,Ribera Del Duero Red,5,3
Vega Sicilia,Unico,1994,FALSE,4.7,940,Ribera del Duero,Ribera del Duero,872.47,2.9408,Ribera Del Duero Red,5,3
Vega Sicilia,Unico Reserva Especial Edicion,2000,FALSE,4.7,935,Ribera del Duero,Ribera del Duero,877.85,2.9434,Ribera Del Duero Red,5,3
Vega Sicilia,Unico,1990,FALSE,4.7,690,Ribera del Duero,Ribera del Duero,827.94,2.918,Ribera Del Duero Red,5,3
Pago de Carraovejas,Cuesta de Las Liebres,2014,FALSE,4.7,685,Ribera del Duero,Ribera del Duero,113.18,2.0538,Ribera Del Duero Red,5,3
Vega Sicilia,Unico,1989,FALSE,4.7,675,Ribera del Duero,Ribera del Duero,679.72,2.8323,Ribera Del Duero Red,5,3
Vega Sicilia,Unico,1987,FALSE,4.7,593,Ribera del Duero,Ribera del Duero,787.59,2.8963,Ribera Del Duero Red,5,3
Vega Sicilia,Unico Reserva Especial Edicion,2017,FALSE,4.7,560,Ribera del Duero,Ribera del Duero,480.06,2.6813,Ribera Del Duero Red,5,3
Pago de Carraovejas,El Anejon,2015,FALSE,4.7,543,Ribera del Duero,Ribera del Duero,75.1,1.8756,Ribera Del Duero Red,5,3
Bodegas El Nido,El Nido,2014,FALSE,4.7,511,Jumilla,Other,154.9,2.1901,Red,4,3
Bodegas El Nido,El Nido,2013,FALSE,4.7,476,Jumilla,Other,145.0,2.1614,Red,4,3
Vega Sicilia,Unico Reserva Especial Edicion,1996,FALSE,4.7,442,Ribera del Duero,Ribera del Duero,290.0,2.4624,Ribera Del Duero Red,5,3
Marques de Murrieta,Castillo Ygay Gran Reserva Especial Blanco,1986,FALSE,4.7,425,Rioja,Rioja,795.0,2.9004,Rioja White,3,3
Bodegas El Nido,El Nido,2016,FALSE,4.7,393,Jumilla,Other,371.78009750522,2.5703,Red,4,3
Bodegas El Nido,El Nido,2008,FALSE,4.7,347,Jumilla,Other,134.19,2.1277,Red,4,3
Vinedos de Paganos,La Nieta,2015,FALSE,4.7,312,Rioja,Rioja,82.58,1.9169,Rioja Red,4,3
Vega Sicilia,Unico,1981,FALSE,4.7,308,Ribera del Duero,Ribera del Duero,873.86,2.9414,Ribera Del Duero Red,5,3
Vega Sicilia,Unico Reserva Especial Edicion,2007,FALSE,4.7,303,Ribera del Duero,Ribera del Duero,774.4,2.889,Ribera Del Duero Red,5,3
Emilio Moro,Malleolus de Valderramiro,2016,FALSE,4.7,300,Ribera del Duero,Ribera del Duero,84.95,1.9292,Ribera Del Duero Red,5,3
Dominio de Pingus,Pingus,2001,FALSE,4.7,295,Ribera del Duero,Ribera del Duero,940.0,2.9731,Ribera Del Duero Red,5,3
Vega Sicilia,Unico,1986,FALSE,4.7,292,Ribera del Duero,Ribera del Duero,812.63,2.9099,Ribera Del Duero Red,5,3
Emilio Moro,Malleolus de Sanchomartin,2016,FALSE,4.7,291,Ribera del Duero,Ribera del Duero,116.54,2.0665,Ribera Del Duero Red,5,3
Dominio de Pingus,Pingus,2004,FALSE,4.7,285,Ribera del Duero,Ribera del Duero,1500.0,3.1761,Ribera Del Duero Red,5,3
Dominio de Pingus,Pingus,2006,FALSE,4.7,280,Ribera del Duero,Ribera del Duero,1190.0,3.0755,Ribera Del Duero Red,5,3
Bodegas El Nido,El Nido,2017,FALSE,4.7,268,Jumilla,Other,154.85,2.1899,Red,4,3
Teso La Monja,Alabaster,2016,FALSE,4.7,264,Toro,Toro,135.0,2.1303,Toro Red,5,3
Quinta de la Quietud,La Mula de la Quietud,2015,FALSE,4.7,256,Toro,Toro,63.75,1.8045,Toro Red,5,3
Vega Sicilia,Unico,1985,FALSE,4.7,254,Ribera del Duero,Ribera del Duero,827.94,2.918,Ribera Del Duero Red,5,3
Bodegas Mauro,Terreus Paraje de Cueva Baja,2017,FALSE,4.7,251,Castilla y Leon,Other,66.07,1.82,Tempranillo,4,2
Bodega Contador (Benjamin Romeo),Contador Rioja,2012,FALSE,4.7,243,Rioja,Rioja,213.9,2.3302,Rioja Red,4,3
Remirez de Ganuza,Maria Remirez de Ganuza,2006,FALSE,4.7,240,Rioja,Rioja,234.9,2.3709,Rioja Red,4,3
Vega Sicilia,Unico,1968,FALSE,4.7,225,Ribera del Duero,Ribera del Duero,2087.25,3.3196,Ribera Del Duero Red,5,3
Vinedos de Paganos,La Nieta,2018,FALSE,4.7,220,Rioja,Rioja,89.9,1.9538,Rioja Red,4,3
Vega Sicilia,Unico,1964,FALSE,4.7,214,Ribera del Duero,Ribera del Duero,1384.54,3.1413,Ribera Del Duero Red,5,3
Vega Sicilia,Unico,1982,FALSE,4.7,205,Ribera del Duero,Ribera del Duero,820.98,2.9143,Ribera Del Duero Red,5,3
Dominio de Pingus,Pingus,2015,FALSE,4.7,203,Ribera del Duero,Ribera del Duero,1250.0,3.0969,Ribera Del Duero Red,5,3
Vega Sicilia,Unico Reserva Especial Edicion,1995,FALSE,4.7,196,Ribera del Duero,Ribera del Duero,1500.0,3.1761,Ribera Del Duero Red,5,3
Dominio de Pingus,Pingus,1999,FALSE,4.7,184,Ribera del Duero,Ribera del Duero,1715.18,3.2343,Ribera Del Duero Red,5,3
Vega Sicilia,Unico,1974,FALSE,4.7,173,Ribera del Duero,Ribera del Duero,932.3,2.9696,Ribera Del Duero Red,5,3
Alvaro Palacios,L'Ermita Velles Vinyes Priorat,1998,FALSE,4.7,171,Priorato,Priorato,1372.14,3.1374,Priorat Red,4,3
Bodegas San Roman,Cartago Paraje de Pozo,2015,FALSE,4.7,137,Toro,Toro,78.9,1.8971,Toro Red,5,3
Vega Sicilia,Unico Reserva Especial Edicion,2012,FALSE,4.7,136,Ribera del Duero,Ribera del Duero,660.96,2.8202,Ribera Del Duero Red,5,3
Pago de Los Capellanes,Parcela El Picon Tinto,2009,FALSE,4.7,134,Ribera del Duero,Ribera del Duero,154.0,2.1875,Ribera Del Duero Red,5,3
Vega Sicilia,Valbuena 5o,2017,FALSE,4.7,133,Ribera del Duero,Ribera del Duero,134.89,2.13,Ribera Del Duero Red,5,3
Alvaro Palacios,L'Ermita Velles Vinyes Priorat,2000,FALSE,4.7,132,Priorato,Priorato,1422.96,3.1532,Priorat Red,4,3
Bodega Numanthia,Termanthia,2005,FALSE,4.7,131,Toro,Toro,207.11,2.3162,Toro Red,5,3
Vega Sicilia,Unico Reserva Especial Edicion,2011,FALSE,4.7,131,Ribera del Duero,Ribera del Duero,340.49,2.5321,Ribera Del Duero Red,5,3
Emilio Moro,Clon De La Familia,2010,FALSE,4.7,127,Ribera del Duero,Ribera del Duero,317.63,2.5019,Ribera Del Duero Red,5,3
Alto Moncayo,Aquilon Garnacha,2011,FALSE,4.7,123,Campo de Borja,Other,108.9,2.037,Grenache,5,3
Vega Sicilia,Unico,1983,FALSE,4.7,118,Ribera del Duero,Ribera del Duero,700.0,2.8451,Ribera Del Duero Red,5,3
Toro Albala,Don PX Convento Seleccion,1955,FALSE,4.7,117,Montilla-Moriles,Other,185.0,2.2672,Pedro Ximenez,5,1
Vega Sicilia,Unico,1980,FALSE,4.7,116,Ribera del Duero,Ribera del Duero,911.43,2.9597,Ribera Del Duero Red,5,3
Bodega Contador (Benjamin Romeo),Contador Rioja,2005,FALSE,4.7,112,Rioja,Rioja,1150.0,3.0607,Rioja Red,4,3
Vega Sicilia,Unico,1972,FALSE,4.7,110,Ribera del Duero,Ribera del Duero,698.95,2.8444,Ribera Del Duero Red,5,3
Bodega Numanthia,Termanthia,2004,FALSE,4.7,108,Toro,Toro,2814.16,3.4493,Toro Red,5,3
Teso La Monja,Tinto,2010,FALSE,4.7,102,Toro,Toro,1325.0,3.1222,Toro Red,5,3
Alvaro Palacios,Quinon de Valmira,2015,FALSE,4.7,102,Rioja,Rioja,527.26,2.722,Rioja Red,4,3
Vega Sicilia,Unico Reserva Especial Edicion,1987,FALSE,4.7,100,Ribera del Duero,Ribera del Duero,1071.45,3.03,Ribera Del Duero Red,5,3
Mas Doix,1902 Centenary Carignan Priorat,2015,FALSE,4.7,94,Priorato,Priorato,299.0,2.4757,Priorat Red,4,3
Finca Moncloa,Tintilla de Rota,2016,FALSE,4.7,92,Cadiz,Other,43.13,1.6348,NA,NA,NA
Vega Sicilia,Unico,1953,FALSE,4.7,89,Ribera del Duero,Ribera del Duero,1207.6,3.0819,Ribera Del Duero Red,5,3
Bodegas Roda,Cirsion Rioja,2000,FALSE,4.7,87,Rioja,Rioja,175.0,2.243,Rioja Red,4,3
Alvaro Palacios,L'Ermita Velles Vinyes Priorat,2015,FALSE,4.7,82,Priorato,Priorato,1252.35,3.0977,Priorat Red,4,3
Bodegas El Nido,El Nido,2019,FALSE,4.7,80,Jumilla,Other,145.9,2.1641,Red,4,3
Mas Doix,1902 Centenary Carignan Priorat,2013,FALSE,4.7,74,Priorato,Priorato,447.95,2.6512,Priorat Red,4,3
Vega Sicilia,Unico Reserva Especial Edicion,2006,FALSE,4.7,72,Ribera del Duero,Ribera del Duero,813.96,2.9106,Ribera Del Duero Red,5,3
Alvaro Palacios,L'Ermita Velles Vinyes Priorat,2005,FALSE,4.7,67,Priorato,Priorato,1410.26,3.1493,Priorat Red,4,3
Martinet,Cami Pesseroles,2006,FALSE,4.7,65,Priorato,Priorato,182.9,2.2622,Priorat Red,4,3
Recaredo,Turo d'en Mota,2007,FALSE,4.7,64,Cava,Other,99.0,1.9956,Cava,2,3
Vega Sicilia,Unico Reserva Especial Edicion,1986,FALSE,4.7,63,Ribera del Duero,Ribera del Duero,1113.2,3.0466,Ribera Del Duero Red,5,3
Clos Erasmus,Priorat,2007,FALSE,4.7,60,Priorato,Priorato,654.31,2.8158,Priorat Red,4,3
Pago de Los Capellanes,Parcela El Picon Tinto,2016,FALSE,4.7,59,Ribera del Duero,Ribera del Duero,134.26,2.1279,Ribera Del Duero Red,5,3
Barbadillo,Reliquia Palo Cortado Sherry,,TRUE,4.7,58,Jerez Palo Cortado,Other,380.0,2.5798,Sherry,4,3
La Rioja Alta,Gran Reserva 890,1982,FALSE,4.7,57,Rioja,Rioja,292.09,2.4655,Rioja Red,4,3
Gonzalez-Byass,Anada Palo Cortado 1987,1987,FALSE,4.7,53,Jerez Palo Cortado,Other,400.85,2.603,Sherry,4,3
Clos Erasmus,Daphne Glorian Red,2007,FALSE,4.7,51,Priorato,Priorato,202.01,2.3054,Red,4,3
Toro Albala,Don PX Pedro Ximenez,1955,FALSE,4.7,50,Montilla-Moriles,Other,250.0,2.3979,Pedro Ximenez,5,1
Vinedos de Paganos,La Nieta,2019,FALSE,4.7,49,Rioja,Rioja,88.9,1.9489,Rioja Red,4,3
Bodegas Amaren,El Regollar,2016,FALSE,4.7,49,Rioja,Rioja,77.9,1.8915,Rioja Red,4,3
Toro Albala,Don PX Convento Seleccion,1958,FALSE,4.7,47,Montilla-Moriles,Other,191.61,2.2824,Pedro Ximenez,5,1
Teso La Monja,Alabaster,2018,FALSE,4.7,45,Toro,Toro,123.89,2.093,Toro Red,5,3
Alvear,Abuelo Diego Palo Cortado,,TRUE,4.7,42,Montilla-Moriles,Other,114.28,2.058,Pedro Ximenez,5,1
Equipo Navazos,La Bota 78 de Oloroso,,TRUE,4.7,41,Manzanilla,Other,95.57,1.9803,Sherry,4,3
Morca,Touran,2018,FALSE,4.7,41,Campo de Borja,Other,93.95,1.9729,Grenache,5,3
Territorio Luthier,Luthier Gran Reserva,2012,FALSE,4.7,40,Ribera del Duero,Ribera del Duero,248.0,2.3945,Ribera Del Duero Red,5,3
Artadi,Vina El Pison,1995,FALSE,4.7,39,Vino de Espana,Vino de Espana,397.0,2.5988,Tempranillo,4,2
Rafael Palacios,Sorte O Soro Val do Bibei,2019,FALSE,4.7,37,Valdeorras,Other,194.86,2.2897,NA,NA,NA
Recaredo,Reserva Particular de Recaredo Brut Nature,2011,FALSE,4.7,35,Cava,Other,65.05,1.8132,Cava,2,3
Bodegas Mauro,Terreus Paraje de Cueva Baja,2019,FALSE,4.7,33,Castilla y Leon,Other,86.9,1.939,Tempranillo,4,2
Vina Sastre,Pesus Ribera del Duero,2004,FALSE,4.7,32,Ribera del Duero,Ribera del Duero,472.5,2.6744,Ribera Del Duero Red,5,3
Terra Remota,Usted,2010,FALSE,4.7,31,Emporda,Other,379.0,2.5786,Red,4,3
Dehesa de Los Canonigos,Gran Reserva,2001,FALSE,4.7,31,Ribera del Duero,Ribera del Duero,185.15,2.2675,Ribera Del Duero Red,5,3
Vina Sastre,Regina Vides Ribera del Duero,1998,FALSE,4.7,30,Ribera del Duero,Ribera del Duero,94.2,1.9741,Ribera Del Duero Red,5,3
Miguel Merino,La Loma,2018,FALSE,4.7,29,Rioja Alta,Other,46.0,1.6628,Rioja Red,4,3
Alvaro Palacios,L'Ermita Velles Vinyes Priorat,2016,FALSE,4.7,28,Priorato,Priorato,919.6,2.9636,Priorat Red,4,3
Gutierrez de la Vega,Recondita Armonia Monastrell Dulce,1987,FALSE,4.7,27,Alicante,Alicante,81.9,1.9133,NA,NA,NA
Marques de Murrieta,Castillo Ygay Gran Reserva Especial Tinto,1942,FALSE,4.7,27,Rioja,Rioja,680.0,2.8325,Rioja Red,4,3
Vega Sicilia,Valbuena 5o,2011,FALSE,4.6,6803,Ribera del Duero,Ribera del Duero,218.0,2.3385,Ribera Del Duero Red,5,3
Vega Sicilia,Valbuena 5o,2012,FALSE,4.6,5938,Ribera del Duero,Ribera del Duero,177.0,2.248,Ribera Del Duero Red,5,3
Vega Sicilia,Valbuena 5o,2008,FALSE,4.6,5545,Ribera del Duero,Ribera del Duero,187.3,2.2725,Ribera Del Duero Red,5,3
Vega Sicilia,Valbuena 5o,2007,FALSE,4.6,5116,Ribera del Duero,Ribera del Duero,195.59,2.2913,Ribera Del Duero Red,5,3
Vega Sicilia,Valbuena 5o,2013,FALSE,4.6,4747,Ribera del Duero,Ribera del Duero,135.0,2.1303,Ribera Del Duero Red,5,3
Vega Sicilia,Valbuena 5o,2009,FALSE,4.6,4685,Ribera del Duero,Ribera del Duero,225.2,2.3526,Ribera Del Duero Red,5,3
Alion,Ribera del Duero,2016,FALSE,4.6,4516,Ribera del Duero,Ribera del Duero,79.8,1.902,Ribera Del Duero Red,5,3
Aalto,PS (Pagos Seleccionados) Ribera del Duero,2017,FALSE,4.6,3383,Ribera del Duero,Ribera del Duero,116.187943627787,2.0652,Ribera Del Duero Red,5,3
Aalto,PS (Pagos Seleccionados) Ribera del Duero,2018,FALSE,4.6,3239,Ribera del Duero,Ribera del Duero,89.3,1.9509,Ribera Del Duero Red,5,3
Marques de Murrieta,Castillo Ygay Gran Reserva Especial Tinto,2010,FALSE,4.6,2416,Rioja,Rioja,438.9,2.6424,Rioja Red,4,3
Alion,Ribera del Duero,2017,FALSE,4.6,2208,Ribera del Duero,Ribera del Duero,79.9,1.9025,Ribera Del Duero Red,5,3
Vega Sicilia,Valbuena 5o,2004,FALSE,4.6,1608,Ribera del Duero,Ribera del Duero,249.0,2.3962,Ribera Del Duero Red,5,3
Dominio de Pingus,Flor de Pingus,2018,FALSE,4.6,1363,Ribera del Duero,Ribera del Duero,129.95,2.1138,Ribera Del Duero Red,5,3
Aalto,PS (Pagos Seleccionados) Ribera del Duero,2019,FALSE,4.6,1108,Ribera del Duero,Ribera del Duero,76.95,1.8862,Ribera Del Duero Red,5,3
Vega Sicilia,Valbuena 5o,2000,FALSE,4.6,1015,Ribera del Duero,Ribera del Duero,252.0,2.4014,Ribera Del Duero Red,5,3
Vega Sicilia,Valbuena 5o,2002,FALSE,4.6,936,Ribera del Duero,Ribera del Duero,232.0,2.3655,Ribera Del Duero Red,5,3
Bodega Numanthia,Termanthia,2012,FALSE,4.6,840,Toro,Toro,214.0,2.3304,Toro Red,5,3
Bodega Numanthia,Termanthia,2011,FALSE,4.6,790,Toro,Toro,205.0,2.3118,Toro Red,5,3
Carmelo Rodero,Pago De Valtarrena,2015,FALSE,4.6,700,Ribera del Duero,Ribera del Duero,49.95,1.6985,Ribera Del Duero Red,5,3
Emilio Moro,Malleolus de Sanchomartin,2011,FALSE,4.6,693,Ribera del Duero,Ribera del Duero,125.0,2.0969,Ribera Del Duero Red,5,3
Vega Sicilia,Valbuena 5o,1999,FALSE,4.6,595,Ribera del Duero,Ribera del Duero,276.8,2.4422,Ribera Del Duero Red,5,3
Emilio Moro,Malleolus de Valderramiro,2015,FALSE,4.6,516,Ribera del Duero,Ribera del Duero,75.0,1.8751,Ribera Del Duero Red,5,3
Dominio de Pingus,Pingus,2010,FALSE,4.6,410,Ribera del Duero,Ribera del Duero,1359.75,3.1335,Ribera Del Duero Red,5,3
Pago de Carraovejas,Cuesta de Las Liebres,2010,FALSE,4.6,405,Ribera del Duero,Ribera del Duero,81.5,1.9112,Ribera Del Duero Red,5,3
Dominio de Pingus,Pingus,2012,FALSE,4.6,400,Ribera del Duero,Ribera del Duero,890.0,2.9494,Ribera Del Duero Red,5,3
Dominio del Bendito,El Titan del Bendito,2015,FALSE,4.6,388,Toro,Toro,43.5,1.6385,Toro Red,5,3
Emilio Moro,Malleolus de Sanchomartin,2015,FALSE,4.6,369,Ribera del Duero,Ribera del Duero,99.0,1.9956,Ribera Del Duero Red,5,3
Dominio de Pingus,Pingus,2013,FALSE,4.6,323,Ribera del Duero,Ribera del Duero,1198.72,3.0787,Ribera Del Duero Red,5,3
Bodegas Mauro,Terreus Paraje de Cueva Baja,2015,FALSE,4.6,313,Castilla y Leon,Other,94.95,1.9775,Tempranillo,4,2
Bodegas Mauro,Terreus Paraje de Cueva Baja,2016,FALSE,4.6,304,Castilla y Leon,Other,89.0,1.9494,Tempranillo,4,2
Dominio de Pingus,Pingus,2005,FALSE,4.6,293,Ribera del Duero,Ribera del Duero,1785.96,3.2519,Ribera Del Duero Red,5,3
Vinedos de Paganos,La Nieta,2017,FALSE,4.6,286,Rioja,Rioja,108.21,2.0343,Rioja Red,4,3
Artadi,Vina El Pison,2006,FALSE,4.6,274,Vino de Espana,Vino de Espana,391.5,2.5927,Tempranillo,4,2
Dominio de Pingus,Pingus,1998,FALSE,4.6,244,Ribera del Duero,Ribera del Duero,1350.0,3.1303,Ribera Del Duero Red,5,3
Bodegas Roda,Cirsion Rioja,2007,FALSE,4.6,242,Rioja,Rioja,145.0,2.1614,Rioja Red,4,3
Bodegas Roda,Cirsion Rioja,2012,FALSE,4.6,231,Rioja,Rioja,173.38,2.239,Rioja Red,4,3
Bodega Contador (Benjamin Romeo),Contador Rioja,2011,FALSE,4.6,225,Rioja,Rioja,220.0,2.3424,Rioja Red,4,3
Marques de Murrieta,Dalmau Rioja,2017,FALSE,4.6,222,Rioja,Rioja,85.7,1.933,Rioja Red,4,3
Vega Sicilia,Unico,1965,FALSE,4.6,218,Ribera del Duero,Ribera del Duero,2884.04,3.46,Ribera Del Duero Red,5,3
Sierra Cantabria,Finca el Bosque,2015,FALSE,4.6,214,Rioja,Rioja,79.9,1.9025,Rioja Red,4,3
Vina Sastre,Pago de Santa Cruz,2018,FALSE,4.6,211,Ribera del Duero,Ribera del Duero,68.7,1.837,Ribera Del Duero Red,5,3
Dominio de Pingus,Pingus,2003,FALSE,4.6,205,Ribera del Duero,Ribera del Duero,1638.95,3.2146,Ribera Del Duero Red,5,3
Mas d'en Gil,Clos Fonta Priorat,2004,FALSE,4.6,202,Priorato,Priorato,150.0,2.1761,Priorat Red,4,3
Carmelo Rodero,Pago De Valtarrena,2016,FALSE,4.6,200,Ribera del Duero,Ribera del Duero,48.95,1.6898,Ribera Del Duero Red,5,3
Pago de Los Capellanes,Parcela El Picon Tinto,2014,FALSE,4.6,197,Ribera del Duero,Ribera del Duero,109.41,2.0391,Ribera Del Duero Red,5,3
Emilio Moro,Malleolus de Sanchomartin,2014,FALSE,4.6,186,Ribera del Duero,Ribera del Duero,119.0,2.0755,Ribera Del Duero Red,5,3
Vega Sicilia,Valbuena 5o,1992,FALSE,4.6,176,Ribera del Duero,Ribera del Duero,195.0,2.29,Ribera Del Duero Red,5,3
Dominio de Pingus,Pingus,2014,FALSE,4.6,172,Ribera del Duero,Ribera del Duero,1595.0,3.2028,Ribera Del Duero Red,5,3
Artadi,Vina El Pison,2010,FALSE,4.6,169,Vino de Espana,Vino de Espana,519.55,2.7156,Tempranillo,4,2
Pago de Los Capellanes,Parcela El Picon Tinto,2012,FALSE,4.6,165,Ribera del Duero,Ribera del Duero,89.0,1.9494,Ribera Del Duero Red,5,3
Artadi,Vina El Pison,2011,FALSE,4.6,165,Vino de Espana,Vino de Espana,511.9,2.7092,Tempranillo,4,2
Alvaro Palacios,L'Ermita Velles Vinyes Priorat,1999,FALSE,4.6,164,Priorato,Priorato,980.0,2.9912,Priorat Red,4,3
Casa Castillo,Cuvee N Vinas Viejas,2015,FALSE,4.6,160,Jumilla,Other,73.0,1.8633,Red,4,3
Artadi,Vina El Pison,2012,FALSE,4.6,159,Vino de Espana,Vino de Espana,280.0,2.4472,Tempranillo,4,2
Vega Sicilia,Unico,1973,FALSE,4.6,157,Ribera del Duero,Ribera del Duero,932.3,2.9696,Ribera Del Duero Red,5,3
Bodega Contador (Benjamin Romeo),Contador Rioja,2014,FALSE,4.6,157,Rioja,Rioja,251.99,2.4014,Rioja Red,4,3
Bodegas San Roman,Cartago Paraje de Pozo,2014,FALSE,4.6,153,Toro,Toro,61.69,1.7902,Toro Red,5,3
Alvaro Palacios,L'Ermita Velles Vinyes Priorat,1996,FALSE,4.6,150,Priorato,Priorato,1372.14,3.1374,Priorat Red,4,3
Bodega Numanthia,Termanthia,2014,FALSE,4.6,147,Toro,Toro,210.5,2.3233,Toro Red,5,3
Vega Sicilia,Valbuena 5o,1985,FALSE,4.6,146,Ribera del Duero,Ribera del Duero,285.0,2.4548,Ribera Del Duero Red,5,3
Matarromera,Ribera del Duero Prestigio Pago de las Solanas,2001,FALSE,4.6,145,Ribera del Duero,Ribera del Duero,245.75,2.3905,Ribera Del Duero Red,5,3
Vega Sicilia,Valbuena 5o,1989,FALSE,4.6,143,Ribera del Duero,Ribera del Duero,228.57,2.359,Ribera Del Duero Red,5,3
Bodega Contador (Benjamin Romeo),Contador Rioja,2015,FALSE,4.6,143,Rioja,Rioja,319.9,2.505,Rioja Red,4,3
Artadi,Vina El Pison,2005,FALSE,4.6,142,Vino de Espana,Vino de Espana,325.0,2.5119,Tempranillo,4,2
Nin-Ortiz,Nit de Nin Mas d'en Cacador,2011,FALSE,4.6,139,Priorato,Priorato,345.0,2.5378,Priorat Red,4,3
Bodegas Mauro,VS,2018,FALSE,4.6,136,Castilla y Leon,Other,58.9,1.7701,Tempranillo,4,2
Remirez de Ganuza,Maria Remirez de Ganuza,2005,FALSE,4.6,136,Rioja,Rioja,159.0,2.2014,Rioja Red,4,3
Vinas del Vero,Blecua Somontano,2013,FALSE,4.6,135,Somontano,Other,69.9,1.8445,Red,4,3
Vega Sicilia,Unico Reserva Especial Edicion,1989,FALSE,4.6,133,Ribera del Duero,Ribera del Duero,895.4,2.952,Ribera Del Duero Red,5,3
Teso La Monja,Alabaster,2017,FALSE,4.6,131,Toro,Toro,147.85,2.1698,Toro Red,5,3
Bodegas Mauro,Terreus Paraje de Cueva Baja,2018,FALSE,4.6,128,Castilla y Leon,Other,88.05,1.9447,Tempranillo,4,2
Alvaro Palacios,L'Ermita Velles Vinyes Priorat,1997,FALSE,4.6,127,Priorato,Priorato,1080.0,3.0334,Priorat Red,4,3
Marques de Riscal,Frank Gehry Selection,2001,FALSE,4.6,124,Rioja,Rioja,301.0,2.4786,Tempranillo,4,2
Artadi,Vina El Pison,2014,FALSE,4.6,124,Vino de Espana,Vino de Espana,275.0,2.4393,Tempranillo,4,2
Vega Sicilia,Unico,1967,FALSE,4.6,123,Ribera del Duero,Ribera del Duero,1106.24,3.0438,Ribera Del Duero Red,5,3
Arzuaga,Amaya Arzuaga (Coleccion),2016,FALSE,4.6,123,Ribera del Duero,Ribera del Duero,64.9,1.8122,Ribera Del Duero Red,5,3
Dominio de Pingus,Pingus,2000,FALSE,4.6,122,Ribera del Duero,Ribera del Duero,1503.0,3.177,Ribera Del Duero Red,5,3
Alvaro Palacios,L'Ermita Velles Vinyes Priorat,1995,FALSE,4.6,122,Priorato,Priorato,1372.14,3.1374,Priorat Red,4,3
Artadi,Vina El Pison,2015,FALSE,4.6,122,Vino de Espana,Vino de Espana,241.55,2.383,Tempranillo,4,2
Bodegas Mas Alta,La Creu Alta,2013,FALSE,4.6,116,Priorato,Priorato,89.17,1.9502,Priorat Red,4,3
Vega Sicilia,Unico,1975,FALSE,4.6,115,Ribera del Duero,Ribera del Duero,769.9,2.8864,Ribera Del Duero Red,5,3
Dominio de Calogia,Tinto,2019,FALSE,4.6,114,Ribera del Duero,Ribera del Duero,67.94,1.8321,Ribera Del Duero Red,5,3
Tomas Postigo,5o Ano Ribera del Duero Tinto,2016,FALSE,4.6,113,Ribera del Duero,Ribera del Duero,44.0,1.6435,Ribera Del Duero Red,5,3
Artadi,Vina El Pison,2009,FALSE,4.6,113,Vino de Espana,Vino de Espana,445.0,2.6484,Tempranillo,4,2
Cal Pla,Planots Priorat,2010,FALSE,4.6,112,Priorato,Priorato,87.02,1.9396,Priorat Red,4,3
Vega Sicilia,Unico Reserva Especial Edicion,2009,FALSE,4.6,111,Ribera del Duero,Ribera del Duero,747.17,2.8734,Ribera Del Duero Red,5,3
Dominio del Bendito,El Titan del Bendito,2018,FALSE,4.6,111,Toro,Toro,49.95,1.6985,Toro Red,5,3
Ossian,Capitel,2018,FALSE,4.6,107,Castilla y Leon,Other,50.51,1.7034,Verdejo,3,3
Arzuaga,Gran Arzuaga Ribera del Duero,2004,FALSE,4.6,105,Ribera del Duero,Ribera del Duero,157.4,2.197,Ribera Del Duero Red,5,3
Alto Moncayo,Aquilon Garnacha,2015,FALSE,4.6,105,Campo de Borja,Other,120.9,2.0824,Grenache,5,3
Dominio de Pingus,Pingus,1996,FALSE,4.6,102,Ribera del Duero,Ribera del Duero,1746.94,3.2423,Ribera Del Duero Red,5,3
Cepa 21,Horcajo,2015,FALSE,4.6,100,Ribera del Duero,Ribera del Duero,75.3,1.8768,Ribera Del Duero Red,5,3
Carmelo Rodero,Pago De Valtarrena,2018,FALSE,4.6,99,Ribera del Duero,Ribera del Duero,47.5,1.6767,Ribera Del Duero Red,5,3
Vega Sicilia,Unico,2012,FALSE,4.6,98,Ribera del Duero,Ribera del Duero,359.9,2.5562,Ribera Del Duero Red,5,3
Bodegas Vilano,Tinto,2019,FALSE,4.6,97,Ribera del Duero,Ribera del Duero,43.5,1.6385,Ribera Del Duero Red,5,3
Allende,Aurus,2005,FALSE,4.6,95,Rioja,Rioja,136.0,2.1335,Rioja Red,4,3
Costers del Siurana,Dolc de L'Obac,2006,FALSE,4.6,94,Priorato,Priorato,117.239420060872,2.0691,NA,NA,NA
Pago de Los Capellanes,Parcela El Picon Tinto,2011,FALSE,4.6,93,Ribera del Duero,Ribera del Duero,135.0,2.1303,Ribera Del Duero Red,5,3
Remirez de Ganuza,Trasnocho,2013,FALSE,4.6,91,Rioja,Rioja,82.5,1.9165,Rioja Red,4,3
Bodegas Roda,Cirsion Rioja,2017,FALSE,4.6,90,Rioja,Rioja,149.9,2.1758,Rioja Red,4,3
Teso La Monja,Tinto,2008,FALSE,4.6,87,Toro,Toro,1260.0,3.1004,Toro Red,5,3
Pago de Los Capellanes,Doroteo Edicion Especial 25 Aniversario,2015,FALSE,4.6,86,Ribera del Duero,Ribera del Duero,59.0,1.7709,Ribera Del Duero Red,5,3
Bodegas Valduero,Tierra Alta de 2 Racimos Gran Reserva,2011,FALSE,4.6,85,Ribera del Duero,Ribera del Duero,82.5,1.9165,Ribera Del Duero Red,5,3
Marques de Murrieta,Castillo Ygay Gran Reserva Especial Tinto,2011,FALSE,4.6,85,Rioja,Rioja,195.0,2.29,Rioja Red,4,3
Vega Sicilia,Valbuena 5o,1980,FALSE,4.6,84,Ribera del Duero,Ribera del Duero,195.0,2.29,Ribera Del Duero Red,5,3
Arzuaga,Reserva Especial Ribera del Duero,2016,FALSE,4.6,83,Ribera del Duero,Ribera del Duero,54.5,1.7364,Ribera Del Duero Red,5,3
Hacienda Monasterio,Reserva Especial,2015,FALSE,4.6,80,Ribera del Duero,Ribera del Duero,79.1,1.8982,Ribera Del Duero Red,5,3
Mas d'en Gil,Gran Buig Priorat,2004,FALSE,4.6,79,Priorato,Priorato,272.0,2.4346,Priorat Red,4,3
Castillo Perelada,Finca Garbet,2014,FALSE,4.6,75,Emporda,Other,99.0,1.9956,Syrah,4,3
Osborne,Solera India Oloroso Rare Sherry,,TRUE,4.6,74,Jerez-Xeres-Sherry,Jerez-Xeres-Sherry,189.99,2.2787,Sherry,4,3
Emilio Moro,Clon De La Familia,2011,FALSE,4.6,72,Ribera del Duero,Ribera del Duero,317.63,2.5019,Ribera Del Duero Red,5,3
Sierra Cantabria,Amancio,2007,FALSE,4.6,70,Rioja,Rioja,399.6,2.6016,Rioja Red,4,3
Toro Albala,Gines Liebana Pedro Ximenez,1910,FALSE,4.6,70,Montilla-Moriles,Other,701.05,2.8457,Pedro Ximenez,5,1
Recaredo,Reserva Particular de Recaredo Brut Nature,2008,FALSE,4.6,69,Cava,Other,74.9,1.8745,Cava,2,3
Clos Erasmus,Priorat,2008,FALSE,4.6,66,Priorato,Priorato,654.31,2.8158,Priorat Red,4,3
Vega Sicilia,Valbuena 5o,1983,FALSE,4.6,66,Ribera del Duero,Ribera del Duero,247.75,2.394,Ribera Del Duero Red,5,3
Toro Albala,Don PX Seleccion,1965,FALSE,4.6,65,Montilla-Moriles,Other,144.99,2.1613,Pedro Ximenez,5,1
Alvaro Palacios,L'Ermita Velles Vinyes Priorat,2001,FALSE,4.6,65,Priorato,Priorato,945.0,2.9754,Priorat Red,4,3
Hacienda Monasterio,Reserva,2017,FALSE,4.6,64,Ribera del Duero,Ribera del Duero,50.0,1.699,Ribera Del Duero Red,5,3
Ysios,Finca Las Naves,2016,FALSE,4.6,63,Rioja,Rioja,126.64,2.1026,Rioja Red,4,3
Marques de Grinon,AAA,2008,FALSE,4.6,63,Dominio de Valdepusa,Other,162.38,2.2105,Red,4,3
Contino,Vina del Olivo,2001,FALSE,4.6,60,Rioja,Rioja,81.0,1.9085,Rioja Red,4,3
Alvaro Palacios,L'Ermita Velles Vinyes Priorat,2010,FALSE,4.6,60,Priorato,Priorato,2750.0,3.4393,Priorat Red,4,3
Marques de Murrieta,Dalmau Rioja,2001,FALSE,4.6,59,Rioja,Rioja,121.0,2.0828,Rioja Red,4,3
Alvaro Palacios,Les Aubaguetes Priorat,2016,FALSE,4.6,59,Priorato,Priorato,355.95,2.5514,Priorat Red,4,3
Gramona,Cava Enoteca Finca La Plana Brut Nature,2001,FALSE,4.6,58,Cava,Other,164.66,2.2166,Cava,2,3
Alto Moncayo,Aquilon Garnacha,2016,FALSE,4.6,58,Campo de Borja,Other,120.9,2.0824,Grenache,5,3
Dominio del Aguila,Gran Reserva Penas Aladas,2014,FALSE,4.6,58,Ribera del Duero,Ribera del Duero,218.9,2.3402,Ribera Del Duero Red,5,3
Hacienda Solano,Pena Lobera,2016,FALSE,4.6,57,Ribera del Duero,Ribera del Duero,65.95,1.8192,Ribera Del Duero Red,5,3
Bodegas Mas Alta,La Creu Alta,2014,FALSE,4.6,53,Priorato,Priorato,86.0,1.9345,Priorat Red,4,3
Francisco Garcia Perez,Adega do Moucho Treixadura,2017,FALSE,4.6,53,Ribeiro,Ribeiro,34.5,1.5378,NA,NA,NA
Anima Negra,Son Negre,2007,FALSE,4.6,51,Mallorca,Mallorca,282.65,2.4512,Red,4,3
Mas Doix,1902 Centenary Carignan Priorat,2017,FALSE,4.6,51,Priorato,Priorato,259.9,2.4148,Priorat Red,4,3
Vega Sicilia,Unico,1961,FALSE,4.6,50,Ribera del Duero,Ribera del Duero,1099.28,3.0411,Ribera Del Duero Red,5,3
Castano,Casa Cisca Monastrell,2016,FALSE,4.6,49,Yecla,Other,35.0,1.5441,Monastrell,5,3
Descendientes de J. Palacios,Moncerbal Bierzo (Corullon),2016,FALSE,4.6,48,Bierzo,Bierzo,269.95,2.4313,Mencia,3,3
La Legua,Capricho,2014,FALSE,4.6,47,Cigales,Other,27.2693427,1.4357,Red,4,3
Dominio de Pingus,Pingus,2018,FALSE,4.6,47,Ribera del Duero,Ribera del Duero,1250.0,3.0969,Ribera Del Duero Red,5,3
Castillo de Cuzcurrita,Cerrado del Castillo Rioja,2016,FALSE,4.6,47,Rioja,Rioja,52.95,1.7239,Rioja Red,4,3
Oxer Wines,Kalamity Rioja,2018,FALSE,4.6,46,Rioja,Rioja,114.95,2.0605,Rioja Red,4,3
Bodegas Yuste,Conde de Aldama Amontillado,,TRUE,4.6,46,Jerez-Xeres-Sherry,Jerez-Xeres-Sherry,89.9,1.9538,Sherry,4,3
Vega Sicilia,Valbuena 5o,1979,FALSE,4.6,46,Ribera del Duero,Ribera del Duero,195.0,2.29,Ribera Del Duero Red,5,3
Bodegas 6o Elemento - Vino Sexto Elemento,Respeto,2015,FALSE,4.6,45,Utiel-Requena,Other,29.35,1.4676,Red,4,3
Proyecto Garnachas de Espana,El Garnacho Viejo de la Familia Acha,2014,FALSE,4.6,45,Rioja,Rioja,79.9,1.9025,Rioja Red,4,3
Matarromera,Ribera del Duero Prestigio,2016,FALSE,4.6,45,Ribera del Duero,Ribera del Duero,53.95,1.732,Ribera Del Duero Red,5,3
Casal de Arman,Finca Misenhora Edicion Limitada,2018,FALSE,4.6,44,Ribeiro,Ribeiro,26.2,1.4183,NA,NA,NA
Mas Doix,1902 Centenary Carignan Priorat,2016,FALSE,4.6,43,Priorato,Priorato,270.44,2.4321,Priorat Red,4,3
Artadi,La Poza de Ballesteros,2009,FALSE,4.6,42,Vino de Espana,Vino de Espana,187.5,2.273,Tempranillo,4,2
Marques de Murrieta,Reserva Rioja (Finca Ygay),1954,FALSE,4.6,42,Rioja,Rioja,210.0,2.3222,Rioja Red,4,3
Hacienda Monasterio,Reserva Especial,2016,FALSE,4.6,41,Ribera del Duero,Ribera del Duero,85.63,1.9326,Ribera Del Duero Red,5,3
Artadi,Vina El Pison,2017,FALSE,4.6,41,Vino de Espana,Vino de Espana,304.54,2.4836,Tempranillo,4,2
Vall Llach,Idus,2020,FALSE,4.6,41,Priorato,Priorato,34.3,1.5353,Priorat Red,4,3
Clos Erasmus,Priorat,2003,FALSE,4.6,41,Priorato,Priorato,993.28,2.9971,Priorat Red,4,3
Sierra Cantabria,Amancio,2017,FALSE,4.6,40,Rioja,Rioja,85.95,1.9342,Rioja Red,4,3
Pago de Larrainzar,Rosado de Larrainzar,2020,FALSE,4.6,39,Navarra,Other,12.0,1.0792,NA,NA,NA
Emilio Moro,Clon De La Familia,2015,FALSE,4.6,39,Ribera del Duero,Ribera del Duero,249.9,2.3978,Ribera Del Duero Red,5,3
Vega Sicilia,Unico Reserva Especial Edicion,1982,FALSE,4.6,39,Ribera del Duero,Ribera del Duero,1238.43,3.0929,Ribera Del Duero Red,5,3
Sierra Cantabria,Finca el Bosque,2002,FALSE,4.6,38,Rioja,Rioja,128.0,2.1072,Rioja Red,4,3
Descendientes de J. Palacios,Valdafoz Bierzo (Corullon),2011,FALSE,4.6,38,Bierzo,Bierzo,135.5,2.1319,Mencia,3,3
Ukan Winery,Tinto,2019,FALSE,4.6,38,Rioja Alavesa,Other,40.5,1.6075,Rioja Red,4,3
Finca Moncloa,Tintilla de Rota,2017,FALSE,4.6,37,Cadiz,Other,43.1,1.6345,NA,NA,NA
Bodegas Mas Alta,La Creu Alta,2017,FALSE,4.6,36,Priorato,Priorato,85.0,1.9294,Priorat Red,4,3
Vina Real,Rioja Gran Reserva,1986,FALSE,4.6,35,Rioja,Rioja,123.0,2.0899,Rioja Red,4,3
Dominio de Atauta,Valdegatiles Ribera del Duero,2012,FALSE,4.6,34,Ribera del Duero,Ribera del Duero,106.35,2.0267,Ribera Del Duero Red,5,3
Toro Albala,Don PX Seleccion,1962,FALSE,4.6,34,Montilla-Moriles,Other,207.0,2.316,Pedro Ximenez,5,1
Micro Bio (MicroBio),Respublica Verdejo,2016,FALSE,4.6,33,Vino de Espana,Vino de Espana,75.95,1.8805,Verdejo,3,3
Dominio del Aguila,Gran Reserva Penas Aladas,2015,FALSE,4.6,33,Ribera del Duero,Ribera del Duero,185.3,2.2679,Ribera Del Duero Red,5,3
Terroir Al Limit Soc. Lda,Les Tosses,2016,FALSE,4.6,33,Priorato,Priorato,205.95,2.3138,Priorat Red,4,3
Finca Torremilanos,Torremilanos Coleccion Ribera del Duero,2016,FALSE,4.6,32,Ribera del Duero,Ribera del Duero,40.45,1.6069,Ribera Del Duero Red,5,3
Artadi,El Carretil,2017,FALSE,4.6,32,Vino de Espana,Vino de Espana,176.89,2.2477,Tempranillo,4,2
Huerta de Albala,Taberner No. 1,2013,FALSE,4.6,32,Cadiz,Other,79.9,1.9025,Red,4,3
Gomez Cruzado,Vina Motulleri,2011,FALSE,4.6,30,Rioja,Rioja,79.0,1.8976,Rioja Red,4,3
Castell d'Encus,Saktih,2013,FALSE,4.6,30,Costers del Segre,Costers del Segre,195.27,2.2906,Red,4,3
Abadia Retuerta,Cuvee Palomar,2017,FALSE,4.6,30,Sardon de Duero,Other,58.9,1.7701,Red,4,3
Alvaro Palacios,L'Ermita Velles Vinyes Priorat,2014,FALSE,4.6,30,Priorato,Priorato,1660.0,3.2201,Priorat Red,4,3
Dominio de Atauta,Valdegatiles Ribera del Duero,2013,FALSE,4.6,29,Ribera del Duero,Ribera del Duero,111.9,2.0488,Ribera Del Duero Red,5,3
Bodegas 6o Elemento - Vino Sexto Elemento,Respeto,2017,FALSE,4.6,29,Utiel-Requena,Other,29.95,1.4764,Red,4,3
Enate,Uno Tinto,2010,FALSE,4.6,28,Somontano,Other,129.9,2.1136,Red,4,3
Benjamin de Rothschild - Vega Sicilia,Macan,2017,FALSE,4.6,28,Rioja,Rioja,69.95,1.8448,Rioja Red,4,3
Mas Doix,1903 Centenary Grenache,2016,FALSE,4.6,28,Priorato,Priorato,299.0,2.4757,Priorat Red,4,3
Descendientes de J. Palacios,La Faraona Bierzo (Corullon),2010,FALSE,4.6,28,Bierzo,Bierzo,3119.08,3.494,Red,4,3
Bodegas Aragonesas,Galiano Seleccion Especial,2013,FALSE,4.6,28,Campo de Borja,Other,99.95,1.9998,Red,4,3
Telmo Rodriguez,Molino Real,2016,FALSE,4.6,28,Malaga,Other,41.69,1.62,NA,NA,NA
Anima Negra,Son Negre,2004,FALSE,4.6,27,Mallorca,Mallorca,374.35,2.5733,Red,4,3
Tomas Postigo,5o Ano Ribera del Duero Tinto,2017,FALSE,4.6,27,Ribera del Duero,Ribera del Duero,46.45,1.667,Ribera Del Duero Red,5,3
Alvaro Palacios,L'Ermita Velles Vinyes Priorat,2011,FALSE,4.6,27,Priorato,Priorato,2750.0,3.4393,Priorat Red,4,3
Acustic Celler,Etern Vinyes Molt Velles,2016,FALSE,4.6,26,Priorato,Priorato,42.5,1.6284,Priorat Red,4,3
Vina Pedrosa,40 Aniversario Gran Reserva,2012,FALSE,4.6,25,Ribera del Duero,Ribera del Duero,95.0,1.9777,Ribera Del Duero Red,5,3
Osborne,Solera BC-200,,TRUE,4.6,25,Jerez-Xeres-Sherry,Jerez-Xeres-Sherry,197.3,2.2951,Sherry,4,3
Recaredo,Corpinnat Enoteca Reserva Particular de Recaredo,2004,FALSE,4.6,25,Cataluna,Other,130.0,2.1139,Sparkling,2,3
Toro Albala,Don PX Pedro Ximenez,1968,FALSE,4.6,25,Montilla-Moriles,Other,181.5,2.2589,Pedro Ximenez,5,1
Pago de Carraovejas,Tinto,2016,FALSE,4.5,7529,Ribera del Duero,Ribera del Duero,29.8,1.4742,Ribera Del Duero Red,5,3
Alion,Ribera del Duero,2013,FALSE,4.5,7435,Ribera del Duero,Ribera del Duero,73.0,1.8633,Ribera Del Duero Red,5,3
Alion,Ribera del Duero,2014,FALSE,4.5,7237,Ribera del Duero,Ribera del Duero,56.27,1.7503,Ribera Del Duero Red,5,3
Pintia,Toro,2014,FALSE,4.5,5863,Toro,Toro,69.0,1.8388,Toro Red,5,3
Pago de Carraovejas,Tinto,2018,FALSE,4.5,5372,Ribera del Duero,Ribera del Duero,45.0,1.6532,Ribera Del Duero Red,5,3
Alion,Ribera del Duero,2015,FALSE,4.5,5365,Ribera del Duero,Ribera del Duero,75.0,1.8751,Ribera Del Duero Red,5,3
Pintia,Toro,2015,FALSE,4.5,4979,Toro,Toro,69.8,1.8439,Toro Red,5,3
Pago de Carraovejas,Tinto,2017,FALSE,4.5,4935,Ribera del Duero,Ribera del Duero,121.936825872994,2.0861,Ribera Del Duero Red,5,3
Aalto,PS (Pagos Seleccionados) Ribera del Duero,2016,FALSE,4.5,4411,Ribera del Duero,Ribera del Duero,78.65,1.8957,Ribera Del Duero Red,5,3
Marques de Murrieta,Castillo Ygay Gran Reserva Especial Tinto,2005,FALSE,4.5,3521,Rioja,Rioja,400.0,2.6021,Rioja Red,4,3
La Rioja Alta,Gran Reserva 890,2005,FALSE,4.5,3443,Rioja,Rioja,125.0,2.0969,Rioja Red,4,3
Marques de Murrieta,Castillo Ygay Gran Reserva Especial Tinto,2009,FALSE,4.5,3148,Rioja,Rioja,229.0,2.3598,Rioja Red,4,3
Pintia,Toro,2016,FALSE,4.5,3118,Toro,Toro,40.41,1.6065,Toro Red,5,3
Dominio de Pingus,Flor de Pingus,2016,FALSE,4.5,2887,Ribera del Duero,Ribera del Duero,101.94,2.0083,Ribera Del Duero Red,5,3
Aalto,PS (Pagos Seleccionados) Ribera del Duero,2015,FALSE,4.5,2858,Ribera del Duero,Ribera del Duero,172.5,2.2368,Ribera Del Duero Red,5,3
Bodegas El Nido,Clio,2015,FALSE,4.5,2712,Jumilla,Other,33.2,1.5211,Red,4,3
Dominio de Pingus,Flor de Pingus,2014,FALSE,4.5,2710,Ribera del Duero,Ribera del Duero,125.0,2.0969,Ribera Del Duero Red,5,3
Dominio de Pingus,Flor de Pingus,2010,FALSE,4.5,2551,Ribera del Duero,Ribera del Duero,125.0,2.0969,Ribera Del Duero Red,5,3
Dominio de Pingus,Flor de Pingus,2015,FALSE,4.5,2530,Ribera del Duero,Ribera del Duero,125.0,2.0969,Ribera Del Duero Red,5,3
Bodegas El Nido,Clio,2016,FALSE,4.5,2228,Jumilla,Other,31.75,1.5017,Red,4,3
Bodegas El Nido,Clio,2017,FALSE,4.5,2220,Jumilla,Other,39.5,1.5966,Red,4,3
Aalto,PS (Pagos Seleccionados) Ribera del Duero,2011,FALSE,4.5,2207,Ribera del Duero,Ribera del Duero,64.0,1.8062,Ribera Del Duero Red,5,3
Pago de Carraovejas,Tinto,2019,FALSE,4.5,2144,Ribera del Duero,Ribera del Duero,33.8,1.5289,Ribera Del Duero Red,5,3
Benjamin de Rothschild - Vega Sicilia,Macan,2014,FALSE,4.5,1910,Rioja,Rioja,58.95,1.7705,Rioja Red,4,3
Aalto,Tinto,2018,FALSE,4.5,1864,Ribera del Duero,Ribera del Duero,33.25,1.5218,Ribera Del Duero Red,5,3
Bodegas El Nido,Clio,2018,FALSE,4.5,1520,Jumilla,Other,61.8491765262698,1.7913,Red,4,3
Alto Moncayo,Garnacha,2017,FALSE,4.5,1503,Campo de Borja,Other,44.27,1.6461,Grenache,5,3
Pago de Los Capellanes,Parcela El Nogal Tinto,2015,FALSE,4.5,1393,Ribera del Duero,Ribera del Duero,45.9,1.6618,Ribera Del Duero Red,5,3
Vega Sicilia,Valbuena 5o,2003,FALSE,4.5,1346,Ribera del Duero,Ribera del Duero,239.2,2.3788,Ribera Del Duero Red,5,3
Benjamin de Rothschild - Vega Sicilia,Macan,2015,FALSE,4.5,1345,Rioja,Rioja,68.9,1.8382,Rioja Red,4,3
Alion,Ribera del Duero,2003,FALSE,4.5,1236,Ribera del Duero,Ribera del Duero,164.0,2.2148,Ribera Del Duero Red,5,3
Belondrade,Belondrade y Lurton,2018,FALSE,4.5,1192,Rueda,Other,32.85,1.5165,Verdejo,3,3
Pago de Los Capellanes,Parcela El Nogal Tinto,2014,FALSE,4.5,1163,Ribera del Duero,Ribera del Duero,40.95,1.6123,Ribera Del Duero Red,5,3
Pago de Carraovejas,Reserva,2014,FALSE,4.5,1148,Ribera del Duero,Ribera del Duero,69.5803235920536,1.8425,Ribera Del Duero Red,5,3
Dominio de Pingus,Flor de Pingus,2017,FALSE,4.5,1094,Ribera del Duero,Ribera del Duero,110.0,2.0414,Ribera Del Duero Red,5,3
Remirez de Ganuza,Rioja Reserva,2012,FALSE,4.5,1089,Rioja,Rioja,49.75,1.6968,Rioja Red,4,3
Muga,Prado Enea Gran Reserva,2014,FALSE,4.5,1014,Rioja,Rioja,51.0,1.7076,Rioja Red,4,3
Remirez de Ganuza,Rioja Reserva,2011,FALSE,4.5,1012,Rioja,Rioja,59.9,1.7774,Rioja Red,4,3
La Rioja Alta,Gran Reserva 890,2004,FALSE,4.5,990,Rioja,Rioja,290.7,2.4634,Rioja Red,4,3
Belondrade,Belondrade y Lurton,2019,FALSE,4.5,961,Rueda,Other,37.7,1.5763,Verdejo,3,3
Clos Mogador,Priorat,2015,FALSE,4.5,955,Priorato,Priorato,146.95,2.1672,Priorat Red,4,3
Bodegas Tradicion,Pedro Ximenez Tradicion 20 Years Old Vos,,TRUE,4.5,854,Jerez Pedro Ximenes (PX),Other,68.9,1.8382,Pedro Ximenez,5,1
Muga,Torre Muga,2016,FALSE,4.5,838,Rioja,Rioja,70.5,1.8482,Rioja Red,4,3
Benjamin de Rothschild - Vega Sicilia,Macan,2016,FALSE,4.5,813,Rioja,Rioja,64.0,1.8062,Rioja Red,4,3
Bodega Numanthia,Termanthia,2010,FALSE,4.5,729,Toro,Toro,168.0,2.2253,Toro Red,5,3
Emilio Moro,Malleolus de Valderramiro,2011,FALSE,4.5,719,Ribera del Duero,Ribera del Duero,173.95,2.2404,Ribera Del Duero Red,5,3
Clos Mogador,Priorat,2017,FALSE,4.5,666,Priorato,Priorato,65.0,1.8129,Priorat Red,4,3
Marques de Murrieta,Dalmau Rioja,2014,FALSE,4.5,642,Rioja,Rioja,67.6,1.8299,Rioja Red,4,3
Hacienda Monasterio,Reserva,2015,FALSE,4.5,629,Ribera del Duero,Ribera del Duero,53.95,1.732,Ribera Del Duero Red,5,3
Pago de Los Capellanes,Parcela El Nogal Tinto,2016,FALSE,4.5,595,Ribera del Duero,Ribera del Duero,42.95,1.633,Ribera Del Duero Red,5,3
La Rioja Alta,Gran Reserva 890,1995,FALSE,4.5,574,Rioja,Rioja,127.23,2.1046,Rioja Red,4,3
Bodegas El Nido,Clio,2019,FALSE,4.5,550,Jumilla,Other,47.3,1.6749,Red,4,3
Muga,Aro,2015,FALSE,4.5,529,Rioja,Rioja,169.4,2.2289,Rioja Red,4,3
Remirez de Ganuza,Gran Reserva,2007,FALSE,4.5,529,Rioja,Rioja,121.838963251908,2.0858,Rioja Red,4,3
Senorio de San Vicente,San Vicente Rioja,2017,FALSE,4.5,505,Rioja,Rioja,34.8,1.5416,Rioja Red,4,3
Carmelo Rodero,Ribera del Duero TSM,2017,FALSE,4.5,503,Ribera del Duero,Ribera del Duero,55.35,1.7431,Ribera Del Duero Red,5,3
Vina Sastre,Pago de Santa Cruz,2016,FALSE,4.5,501,Ribera del Duero,Ribera del Duero,75.95,1.8805,Ribera Del Duero Red,5,3
Bodegas Valduero,Ribera Del Duero Reserva Premium 6 Anos,2011,FALSE,4.5,500,Ribera del Duero,Ribera del Duero,48.7,1.6875,Ribera Del Duero Red,5,3
Remirez de Ganuza,Trasnocho,2012,FALSE,4.5,499,Rioja,Rioja,118.89,2.0751,Rioja Red,4,3
Costers del Siurana,Clos de L'Obac,2005,FALSE,4.5,493,Priorato,Priorato,92.8716274104906,1.9679,Priorat Red,4,3
Vega Sicilia,Valbuena 5o,1996,FALSE,4.5,488,Ribera del Duero,Ribera del Duero,290.4,2.463,Ribera Del Duero Red,5,3
Arzuaga,Reserva Ribera del Duero,2017,FALSE,4.5,477,Ribera del Duero,Ribera del Duero,31.8,1.5024,Ribera Del Duero Red,5,3
La Rioja Alta,Gran Reserva 890,2010,FALSE,4.5,469,Rioja,Rioja,149.5,2.1746,Rioja Red,4,3
Francisco Barona,Ribera Del Duero,2018,FALSE,4.5,462,Ribera del Duero,Ribera del Duero,35.85,1.5545,Ribera Del Duero Red,5,3
Vina Sastre,Pago de Santa Cruz,2015,FALSE,4.5,420,Ribera del Duero,Ribera del Duero,82.95,1.9188,Ribera Del Duero Red,5,3
Bodegas Valduero,Ribera Del Duero Reserva Premium 6 Anos,2012,FALSE,4.5,406,Ribera del Duero,Ribera del Duero,59.0,1.7709,Ribera Del Duero Red,5,3
Juan Gil,Bruto,2018,FALSE,4.5,384,Jumilla,Other,37.7,1.5763,Monastrell,5,3
Lan,Culmen Reserva Rioja,2015,FALSE,4.5,365,Rioja,Rioja,42.75,1.6309,Rioja Red,4,3
Bodegas Roda,Cirsion Rioja,2016,FALSE,4.5,353,Rioja,Rioja,175.57,2.2445,Rioja Red,4,3
Clos Mogador,Priorat,2018,FALSE,4.5,336,Priorato,Priorato,61.64,1.7899,Priorat Red,4,3
Juan Gil,Bruto,2017,FALSE,4.5,322,Jumilla,Other,30.7,1.4871,Monastrell,5,3
Bodegas Mauro,VS,2017,FALSE,4.5,318,Castilla y Leon,Other,56.5,1.752,Tempranillo,4,2
Bodega Numanthia,Termanthia,2013,FALSE,4.5,316,Toro,Toro,207.11,2.3162,Toro Red,5,3
Remirez de Ganuza,Trasnocho,2011,FALSE,4.5,301,Rioja,Rioja,110.5,2.0434,Rioja Red,4,3
Hacienda Monasterio,Reserva,2016,FALSE,4.5,297,Ribera del Duero,Ribera del Duero,55.95,1.7478,Ribera Del Duero Red,5,3
R. Lopez de Heredia,Vina Tondonia Gran Reserva,1995,FALSE,4.5,292,Rioja,Rioja,170.0,2.2304,Rioja Red,4,3
Abadia Retuerta,Petit Verdot,2015,FALSE,4.5,286,Sardon de Duero,Other,107.9,2.033,Red,4,3
Tomas Postigo,5o Ano Ribera del Duero Tinto,2011,FALSE,4.5,264,Ribera del Duero,Ribera del Duero,69.9,1.8445,Ribera Del Duero Red,5,3
Dominio del Bendito,El Titan del Bendito,2017,FALSE,4.5,261,Toro,Toro,49.5,1.6946,Toro Red,5,3
Abadia Retuerta,Petit Verdot,2014,FALSE,4.5,249,Sardon de Duero,Other,176.98,2.2479,Red,4,3
Sierra Cantabria,Amancio,2012,FALSE,4.5,246,Rioja,Rioja,90.0,1.9542,Rioja Red,4,3
Martinet,Clos Martinet,2014,FALSE,4.5,230,Priorato,Priorato,65.0,1.8129,Priorat Red,4,3
Remirez de Ganuza,Trasnocho,2006,FALSE,4.5,229,Rioja,Rioja,95.0,1.9777,Rioja Red,4,3
Adama Wines,Tinto,2009,FALSE,4.5,229,Ribera del Duero,Ribera del Duero,39.0,1.5911,Ribera Del Duero Red,5,3
Alion,Ribera del Duero,1995,FALSE,4.5,226,Ribera del Duero,Ribera del Duero,193.0,2.2856,Ribera Del Duero Red,5,3
Muga,Aro,2016,FALSE,4.5,222,Rioja,Rioja,174.91,2.2428,Rioja Red,4,3
Vega Sicilia,Valbuena 5o,1987,FALSE,4.5,221,Ribera del Duero,Ribera del Duero,312.0,2.4942,Ribera Del Duero Red,5,3
Milsetentayseis,Tinto,2018,FALSE,4.5,218,Ribera del Duero,Ribera del Duero,52.9,1.7235,Ribera Del Duero Red,5,3
Vina Sastre,Pago de Santa Cruz,2017,FALSE,4.5,217,Ribera del Duero,Ribera del Duero,40.9,1.6117,Ribera Del Duero Red,5,3
Espectacle del Montsant,Tinto,2013,FALSE,4.5,214,Montsant,Other,157.95,2.1985,Montsant Red,4,3
Tinto Pesquera,Millenium Gran Reserva,2015,FALSE,4.5,213,Ribera del Duero,Ribera del Duero,77.5,1.8893,Ribera Del Duero Red,5,3
Vina Sastre,Regina Vides Ribera del Duero,2011,FALSE,4.5,213,Ribera del Duero,Ribera del Duero,116.0,2.0645,Ribera Del Duero Red,5,3
Alvaro Palacios,Finca Dofi,2006,FALSE,4.5,207,Priorato,Priorato,75.0,1.8751,Priorat Red,4,3
Arzuaga,Gran Reserva Ribera del Duero,2015,FALSE,4.5,205,Ribera del Duero,Ribera del Duero,80.98,1.9084,Ribera Del Duero Red,5,3
Contino,Vina del Olivo,2017,FALSE,4.5,203,Rioja,Rioja,64.5,1.8096,Rioja Red,4,3
Dominio de Pingus,Flor de Pingus,2019,FALSE,4.5,201,Ribera del Duero,Ribera del Duero,118.5,2.0737,Ribera Del Duero Red,5,3
Ferrer Bobet,Seleccio Especial Vinyes Velles,2015,FALSE,4.5,197,Priorato,Priorato,64.0,1.8062,Priorat Red,4,3
Clos Mogador,Priorat,2003,FALSE,4.5,196,Priorato,Priorato,95.0,1.9777,Priorat Red,4,3
Allende,Calvario Rioja,2009,FALSE,4.5,194,Rioja,Rioja,125.97,2.1003,Rioja Red,4,3
Bodegas Valduero,Ribera del Duero Una Cepa I,2017,FALSE,4.5,194,Ribera del Duero,Ribera del Duero,26.5,1.4232,Ribera Del Duero Red,5,3
Matarromera,Ribera del Duero Prestigio,2015,FALSE,4.5,190,Ribera del Duero,Ribera del Duero,54.01,1.7325,Ribera Del Duero Red,5,3
Vina Sastre,Regina Vides Ribera del Duero,2014,FALSE,4.5,189,Ribera del Duero,Ribera del Duero,104.9,2.0208,Ribera Del Duero Red,5,3
Familia Torres,Grans Muralles,2015,FALSE,4.5,189,Conca de Barbera,Other,170.5,2.2317,Red,4,3
Vina Sastre,Pesus Ribera del Duero,2014,FALSE,4.5,189,Ribera del Duero,Ribera del Duero,315.0,2.4983,Ribera Del Duero Red,5,3
Pazo Barrantes,Gran Vino Albarino,2019,FALSE,4.5,188,Rias Baixas,Rias Baixas,34.9,1.5428,Albarino,3,3
Arzuaga,Reserva Especial Ribera del Duero,2015,FALSE,4.5,187,Ribera del Duero,Ribera del Duero,51.5,1.7118,Ribera Del Duero Red,5,3
Tio Pepe,Cuatro Palmas Amontillado,,TRUE,4.5,186,Jerez Amontillado,Other,112.26,2.0502,Sherry,4,3
Abadia Retuerta,Pago Garduna,2016,FALSE,4.5,186,Castilla y Leon,Other,71.85,1.8564,Syrah,4,3
Belondrade,Belondrade y Lurton,2020,FALSE,4.5,184,Rueda,Other,38.9,1.5899,Verdejo,3,3
Pintia,Toro,2017,FALSE,4.5,178,Toro,Toro,54.09,1.7331,Toro Red,5,3
Bodega Contador (Benjamin Romeo),La Cueva del Contador Rioja,2017,FALSE,4.5,174,Rioja,Rioja,67.9,1.8319,Rioja Red,4,3
Sierra Cantabria,Finca el Bosque,2016,FALSE,4.5,173,Rioja,Rioja,80.95,1.9082,Rioja Red,4,3
Alvear,Solera 1830 Pedro Ximenez,,TRUE,4.5,171,Montilla-Moriles,Other,114.5,2.0588,Pedro Ximenez,5,1
Bodega Contador (Benjamin Romeo),Que Bonito Cacareaba Blanco,2018,FALSE,4.5,170,Rioja,Rioja,50.34,1.7019,Rioja White,3,3
Tomas Postigo,5o Ano Ribera del Duero Tinto,2014,FALSE,4.5,165,Ribera del Duero,Ribera del Duero,57.96,1.7631,Ribera Del Duero Red,5,3
Marques de Riscal,Baron de Chirel Rioja Reserva,2016,FALSE,4.5,163,Rioja,Rioja,73.62,1.867,Rioja Red,4,3
Ossian,Capitel,2016,FALSE,4.5,162,Castilla y Leon,Other,144.78,2.1607,Verdejo,3,3
Recaredo,Turo d'en Mota,2005,FALSE,4.5,161,Cava,Other,90.0,1.9542,Cava,2,3
Sierra Cantabria,Amancio,2015,FALSE,4.5,156,Rioja,Rioja,89.95,1.954,Rioja Red,4,3
Vina Sastre,Regina Vides Ribera del Duero,2015,FALSE,4.5,154,Ribera del Duero,Ribera del Duero,92.8,1.9675,Ribera Del Duero Red,5,3
Marques de Grinon,Emeritvs (Emeritus),2013,FALSE,4.5,147,Dominio de Valdepusa,Other,48.9,1.6893,Red,4,3
Vina Sastre,Regina Vides Ribera del Duero,2016,FALSE,4.5,144,Ribera del Duero,Ribera del Duero,70.55,1.8485,Ribera Del Duero Red,5,3
Recaredo,Turo d'en Mota,2006,FALSE,4.5,142,Cava,Other,110.0,2.0414,Cava,2,3
Martinet,Cami Pesseroles,2009,FALSE,4.5,141,Priorato,Priorato,139.3,2.144,Priorat Red,4,3
Dominio del Aguila,Reserva,2018,FALSE,4.5,141,Ribera del Duero,Ribera del Duero,59.8,1.7767,Ribera Del Duero Red,5,3
Sierra Cantabria,Amancio,2014,FALSE,4.5,140,Rioja,Rioja,75.0,1.8751,Rioja Red,4,3
Cruz de Alba,Finca Los Hoyales Ribera del Duero,2015,FALSE,4.5,140,Ribera del Duero,Ribera del Duero,57.0,1.7559,Ribera Del Duero Red,5,3
Artadi,Vina El Pison,2013,FALSE,4.5,137,Vino de Espana,Vino de Espana,253.47,2.4039,Tempranillo,4,2
Emilio Rojo,Blanco,2017,FALSE,4.5,134,Ribeiro,Ribeiro,49.95,1.6985,NA,NA,NA
Vina Sastre,Pesus Ribera del Duero,2015,FALSE,4.5,134,Ribera del Duero,Ribera del Duero,298.0,2.4742,Ribera Del Duero Red,5,3
Abadia Retuerta,Pago Garduna,2009,FALSE,4.5,132,Castilla y Leon,Other,73.6,1.8669,Syrah,4,3
Bodegas Mas Alta,La Basseta,2013,FALSE,4.5,132,Priorato,Priorato,58.0,1.7634,Priorat Red,4,3
Territorio Luthier,Territorio Luthier Reserva,2016,FALSE,4.5,128,Ribera del Duero,Ribera del Duero,54.0,1.7324,Ribera Del Duero Red,5,3
Alion,Ribera del Duero,2018,FALSE,4.5,128,Ribera del Duero,Ribera del Duero,78.38,1.8942,Ribera Del Duero Red,5,3
Vega Sicilia,Valbuena 5o,1988,FALSE,4.5,126,Ribera del Duero,Ribera del Duero,228.63,2.3591,Ribera Del Duero Red,5,3
Anima Negra,Son Negre,2011,FALSE,4.5,121,Mallorca,Mallorca,228.9,2.3596,Red,4,3
Costers del Siurana,Clos de L'Obac,2010,FALSE,4.5,121,Priorato,Priorato,81.3,1.9101,Priorat Red,4,3
Dominio de Es,Vinas Viejas de Soria Ribera Del Duero,2018,FALSE,4.5,117,Ribera del Duero,Ribera del Duero,165.0,2.2175,Ribera Del Duero Red,5,3
Vina Sastre,Pago de Santa Cruz Gran Reserva Ribera del Duero,2014,FALSE,4.5,115,Ribera del Duero,Ribera del Duero,54.9,1.7396,Ribera Del Duero Red,5,3
Rafael Palacios,As Sortes Val do Bibei Godello,2020,FALSE,4.5,115,Valdeorras,Other,55.0,1.7404,NA,NA,NA
Martinet,Cami Pesseroles,2010,FALSE,4.5,113,Priorato,Priorato,131.85,2.1201,Priorat Red,4,3
Pago de Los Capellanes,Parcela El Picon Tinto,2015,FALSE,4.5,113,Ribera del Duero,Ribera del Duero,148.39,2.1714,Ribera Del Duero Red,5,3
Adama Wines,Tinto,2011,FALSE,4.5,110,Ribera del Duero,Ribera del Duero,39.0,1.5911,Ribera Del Duero Red,5,3
Jesus Madrazo,Seleccion Rioja,2015,FALSE,4.5,107,Rioja,Rioja,67.1,1.8267,Rioja Red,4,3
Tinto Pesquera,Millenium Reserva,1996,FALSE,4.5,106,Ribera del Duero,Ribera del Duero,199.45,2.2998,Ribera Del Duero Red,5,3
Bodegas Naluar & Acediano,Acediano,2015,FALSE,4.5,104,Ribera del Duero,Ribera del Duero,52.0,1.716,Ribera Del Duero Red,5,3
Marques de Caceres,Gaudium,2016,FALSE,4.5,104,Rioja,Rioja,34.9,1.5428,Rioja Red,4,3
Dominio de Es,Vinas Viejas de Soria Ribera Del Duero,2017,FALSE,4.5,103,Ribera del Duero,Ribera del Duero,75.81,1.8797,Ribera Del Duero Red,5,3
Sierra Cantabria,Finca el Bosque,2017,FALSE,4.5,103,Rioja,Rioja,84.36,1.9261,Rioja Red,4,3
Trus,Pico de Luyas,2016,FALSE,4.5,103,Ribera del Duero,Ribera del Duero,47.95,1.6808,Ribera Del Duero Red,5,3
Artadi,Grandes Anadas Rioja,2001,FALSE,4.5,103,Rioja,Rioja,391.65,2.5929,Rioja Red,4,3
Juan Gil,Bruto,2019,FALSE,4.5,104,Jumilla,Other,32.5,1.5119,Monastrell,5,3
Muga,Aro,2004,FALSE,4.5,102,Rioja,Rioja,198.0,2.2967,Rioja Red,4,3
Mestres,Mas Via Gran Reserva Brut,2004,FALSE,4.5,102,Cava,Other,40.33,1.6056,Cava,2,3
Alvaro Palacios,Les Aubaguetes Priorat,2015,FALSE,4.5,99,Priorato,Priorato,302.5,2.4807,Priorat Red,4,3
Quinta de la Quietud,La Mula de la Quietud,2016,FALSE,4.5,99,Toro,Toro,62.0,1.7924,Toro Red,5,3
Chivite,Navarra Coleccion 125 Blanco,2018,FALSE,4.5,97,Navarra,Other,49.1,1.6911,Chardonnay,4,3
Marques de Murrieta,Dalmau Rioja,2015,FALSE,4.5,97,Rioja,Rioja,75.0,1.8751,Rioja Red,4,3
Enate,Chardonnay Uno,2011,FALSE,4.5,96,Somontano,Other,200.13,2.3013,Chardonnay,4,3
Toro Albala,Don PX Vieja Cosecha,1973,FALSE,4.5,95,Montilla-Moriles,Other,113.0,2.0531,Pedro Ximenez,5,1
Bodega Ribas,Ribas de Cabrera,2018,FALSE,4.5,94,Mallorca,Mallorca,68.4059721390231,1.8351,Red,4,3
Vinas del Cenit,Cenit,2012,FALSE,4.5,92,Tierra del Vino de Zamora,Other,37.5,1.574,Tempranillo,4,2
Artadi,El Carretil,2012,FALSE,4.5,88,Vino de Espana,Vino de Espana,165.0,2.2175,Tempranillo,4,2
Alvaro Palacios,Quinon de Valmira,2016,FALSE,4.5,88,Rioja,Rioja,415.0,2.618,Rioja Red,4,3
Bodegas Naluar & Acediano,Acediano,2014,FALSE,4.5,87,Ribera del Duero,Ribera del Duero,74.0,1.8692,Ribera Del Duero Red,5,3
Mas del Serral,Mas del Serral,2007,FALSE,4.5,82,Penedes,Other,192.16,2.2837,Sparkling,2,3
Cervoles,Estrats,2009,FALSE,4.5,81,Costers del Segre,Costers del Segre,59.82,1.7768,Red,4,3
Anima Negra,Son Negre,2016,FALSE,4.5,81,Mallorca,Mallorca,164.9,2.2172,Red,4,3
Diez Merito,Fino Imperial Amontillado 30 Anos,,TRUE,4.5,81,Jerez Amontillado,Other,94.9,1.9773,Sherry,4,3
Valdespino,Coliseo Amontillado VORS,,TRUE,4.5,81,Jerez Amontillado,Other,199.0,2.2989,Sherry,4,3
Sierra Cantabria,Finca el Bosque,2018,FALSE,4.5,81,Rioja,Rioja,85.95,1.9342,Rioja Red,4,3
Familia Torres,Grans Muralles,2000,FALSE,4.5,81,Conca de Barbera,Other,125.05,2.0971,Red,4,3
Emilio Moro,Malleolus de Valderramiro,2018,FALSE,4.5,82,Ribera del Duero,Ribera del Duero,85.55,1.9322,Ribera Del Duero Red,5,3
Bodega Contador (Benjamin Romeo),Contador Rioja,2016,FALSE,4.5,80,Rioja,Rioja,317.75,2.5021,Rioja Red,4,3
Adama Wines,Tinto,2010,FALSE,4.5,79,Ribera del Duero,Ribera del Duero,35.0,1.5441,Ribera Del Duero Red,5,3
R. Lopez de Heredia,Vina Tondonia Gran Reserva Blanco,1981,FALSE,4.5,78,Rioja Alta,Other,274.95,2.4393,Rioja White,3,3
Martinet,Cami Pesseroles,2014,FALSE,4.5,78,Priorato,Priorato,82.55,1.9167,Priorat Red,4,3
Clos Mogador,Priorat,2019,FALSE,4.5,76,Priorato,Priorato,63.9,1.8055,Priorat Red,4,3
Marques de Burgos,8000,2017,FALSE,4.5,75,Ribera del Duero,Ribera del Duero,29.95,1.4764,Ribera Del Duero Red,5,3
Vina Sastre,Pesus Ribera del Duero,2009,FALSE,4.5,75,Ribera del Duero,Ribera del Duero,312.6,2.495,Ribera Del Duero Red,5,3
Bodegas Mas Alta,La Basseta,2017,FALSE,4.5,75,Priorato,Priorato,58.95,1.7705,Priorat Red,4,3
Artadi,La Poza de Ballesteros,2010,FALSE,4.5,74,Vino de Espana,Vino de Espana,99.35,1.9972,Tempranillo,4,2
Penafiel,Mironia Black Edition Tempranillo,2015,FALSE,4.5,73,Ribera del Duero,Ribera del Duero,49.5,1.6946,Ribera Del Duero Red,5,3
Bodegas Mas Alta,La Creu Alta,2015,FALSE,4.5,73,Priorato,Priorato,234.98,2.371,Priorat Red,4,3
Costers del Siurana,Miserere,2010,FALSE,4.5,74,Priorato,Priorato,78.5,1.8949,Priorat Red,4,3
Muga,Prado Enea Gran Reserva,2015,FALSE,4.5,72,Rioja,Rioja,56.95,1.7555,Rioja Red,4,3
Tobia,Alma Tobia Rioja,2015,FALSE,4.5,72,Rioja,Rioja,40.0,1.6021,Rioja Red,4,3
Tresmano - Tr3smano,Tm,2016,FALSE,4.5,71,Ribera del Duero,Ribera del Duero,100.0,2.0,Tempranillo,4,2
Mas Doix,Doix,2017,FALSE,4.5,71,Priorato,Priorato,79.9,1.9025,Priorat Red,4,3
Sei Solo,Tinto,2012,FALSE,4.5,70,Ribera del Duero,Ribera del Duero,63.5,1.8028,Ribera Del Duero Red,5,3
Miguel Merino,La Loma,2017,FALSE,4.5,69,Rioja Alta,Other,38.9,1.5899,Rioja Red,4,3
Finca Villacreces,Nebro Ribera del Duero,2011,FALSE,4.5,69,Ribera del Duero,Ribera del Duero,154.5,2.1889,Ribera Del Duero Red,5,3
Clos Erasmus,Priorat,2012,FALSE,4.5,69,Priorato,Priorato,374.66,2.5736,Priorat Red,4,3
Artadi,El Carretil,2015,FALSE,4.5,66,Vino de Espana,Vino de Espana,143.51,2.1569,Tempranillo,4,2
Virgen de la Asuncion,El Canto del Angel,2014,FALSE,4.5,66,Ribera del Duero,Ribera del Duero,59.95,1.7778,Ribera Del Duero Red,5,3
Artadi,Grandes Anadas Rioja,1998,FALSE,4.5,66,Rioja,Rioja,467.65,2.6699,Rioja Red,4,3
Remirez de Ganuza,Rioja Blanco Reserva,2012,FALSE,4.5,66,Rioja,Rioja,65.5,1.8162,Rioja White,3,3
Remirez de Ganuza,Gran Reserva,2011,FALSE,4.5,65,Rioja,Rioja,88.5,1.9469,Rioja Red,4,3
Romate,Cayetano del Pino Viejisimo Palo Cortado,,TRUE,4.5,61,Jerez Palo Cortado,Other,25.92,1.4136,Sherry,4,3
Allende,Calvario Rioja,2002,FALSE,4.5,61,Rioja,Rioja,95.0,1.9777,Rioja Red,4,3
Dominio del Aguila,Gran Reserva Penas Aladas,2012,FALSE,4.5,61,Ribera del Duero,Ribera del Duero,559.02,2.7474,Ribera Del Duero Red,5,3
Martinet,Cami Pesseroles,2012,FALSE,4.5,60,Priorato,Priorato,115.85,2.0639,Priorat Red,4,3
Vega Sicilia,Unico,1969,FALSE,4.5,60,Ribera del Duero,Ribera del Duero,976.83,2.9898,Ribera Del Duero Red,5,3
Sara Perez y Rene Barbier,Gratallops Partida Bellvisos,2005,FALSE,4.5,59,Priorato,Priorato,266.81,2.4262,Priorat Red,4,3
Dehesa del Carrizal,Coleccion Privada,2017,FALSE,4.5,59,Dehesa del Carrizal,Other,26.9,1.4298,Red,4,3
Tarsus,Finca El Canto,2015,FALSE,4.5,58,Ribera del Duero,Ribera del Duero,89.66,1.9526,Tempranillo,4,2
Hacienda Solano,Finca Cascorrales,2016,FALSE,4.5,57,Ribera del Duero,Ribera del Duero,64.3,1.8082,Ribera Del Duero Red,5,3
La Rioja Alta,Rioja Gran Reserva 904,1987,FALSE,4.5,57,Rioja,Rioja,190.0,2.2788,Rioja Red,4,3
Marques de Grinon,AAA,2004,FALSE,4.5,56,Dominio de Valdepusa,Other,141.2,2.1498,Red,4,3
Adama Wines,Tinto,2007,FALSE,4.5,55,Ribera del Duero,Ribera del Duero,32.0,1.5051,Ribera Del Duero Red,5,3
Beronia,Rioja Gran Reserva,1994,FALSE,4.5,54,Rioja,Rioja,61.0,1.7853,Rioja Red,4,3
Monte Real,Gran Reserva,1964,FALSE,4.5,54,Rioja,Rioja,140.0,2.1461,Rioja Red,4,3
Toro Albala,Marques de Poley Amontillado Seleccion 1951,1951,FALSE,4.5,53,Montilla-Moriles,Other,169.95,2.2303,Pedro Ximenez,5,1
Bodegas Valduero,Ribera Del Duero Reserva Premium 6 Anos,2014,FALSE,4.5,53,Ribera del Duero,Ribera del Duero,49.9,1.6981,Ribera Del Duero Red,5,3
Enate,Reserva Especial,2006,FALSE,4.5,53,Somontano,Other,65.9,1.8189,Red,4,3
Divina Proporcion,Platon Tinto,2019,FALSE,4.5,52,Toro,Toro,25.9,1.4133,Toro Red,5,3
Vina al Lado de la Casa,Altos de Las Gateras Monastrell,2013,FALSE,4.5,51,Vino de Espana,Vino de Espana,58.19,1.7648,Monastrell,5,3
Dominio del Aguila,Canta la Perdiz,2013,FALSE,4.5,51,Ribera del Duero,Ribera del Duero,295.0,2.4698,Ribera Del Duero Red,5,3
Marques de la Concordia,Marques de la Concordia VSG Premium (formerly Hacienda de Susar Rioja),2016,FALSE,4.5,50,Rioja,Rioja,35.5,1.5502,Rioja Red,4,3
Agusti Torello Mata,Cava Kripta Gran Reserva Brut Nature,2013,FALSE,4.5,49,Cava,Other,53.7,1.73,Cava,2,3
Penafiel,Alba de Miros Rueda Verdejo,2019,FALSE,4.5,49,Rueda,Other,9.9,0.9956,Verdejo,3,3
Carmelo Rodero,Ribera del Duero TSM,2006,FALSE,4.5,48,Ribera del Duero,Ribera del Duero,40.8333333333333,1.611,Ribera Del Duero Red,5,3
Dominio de Cair,Pendon De La Aguilera,2010,FALSE,4.5,47,Ribera del Duero,Ribera del Duero,299.286840932831,2.4761,Ribera Del Duero Red,5,3
Valquejigoso,V2 Tinto,2009,FALSE,4.5,49,Madrid,Other,43.6838985,1.6403,Red,4,3
Alvaro Palacios,L'Ermita Velles Vinyes Priorat,2003,FALSE,4.5,46,Priorato,Priorato,1372.14,3.1374,Priorat Red,4,3
Martinet,Cami Pesseroles,2016,FALSE,4.5,46,Priorato,Priorato,79.55,1.9006,Priorat Red,4,3
Cal Pla,Planots Priorat,2013,FALSE,4.5,46,Priorato,Priorato,57.0,1.7559,Priorat Red,4,3
Veigamoura,Blanco,2013,FALSE,4.5,45,Rias Baixas,Rias Baixas,14.96,1.1749,NA,NA,NA
Vizcarra,Celia,2011,FALSE,4.5,44,Ribera del Duero,Ribera del Duero,60.06,1.7786,Ribera Del Duero Red,5,3
Matarromera,Ribera del Duero Prestigio Pago de las Solanas,2010,FALSE,4.5,44,Ribera del Duero,Ribera del Duero,237.0,2.3747,Ribera Del Duero Red,5,3
Clos Erasmus,Priorat,1998,FALSE,4.5,43,Priorato,Priorato,993.28,2.9971,Priorat Red,4,3
Legaris,Calmo,2014,FALSE,4.5,43,Ribera del Duero,Ribera del Duero,71.9,1.8567,Ribera Del Duero Red,5,3
Federico Paternina,Gran Reserva,1928,FALSE,4.5,43,Rioja,Rioja,270.0,2.4314,Rioja Red,4,3
Marques de Murrieta,Dalmau Rioja,2000,FALSE,4.5,42,Rioja,Rioja,48.5,1.6857,Rioja Red,4,3
Anima Negra,Son Negre,2005,FALSE,4.5,42,Mallorca,Mallorca,200.0,2.301,Red,4,3
Vinicola Real,Confesor Rioja,2004,FALSE,4.5,42,Rioja,Rioja,107.5,2.0314,Rioja Red,4,3
Bodegas San Roman,Cartago Paraje de Pozo,2016,FALSE,4.5,42,Toro,Toro,77.5,1.8893,Toro Red,5,3
Losada,La Bienquerida,2019,FALSE,4.5,41,Bierzo,Bierzo,32.9,1.5172,Mencia,3,3
Clos d'Agon,Seleccion Especial,2015,FALSE,4.5,40,Cataluna,Other,93.51,1.9709,Red,4,3
Sacristia AB,Saca Unica,,TRUE,4.5,39,Jerez-Xeres-Sherry,Jerez-Xeres-Sherry,96.38,1.984,Sherry,4,3
Huerta de Albala,Taberner No. 1,2011,FALSE,4.5,38,Cadiz,Other,75.0,1.8751,Red,4,3
Uvaguilera Aguilera,Palomero,2010,FALSE,4.5,38,Ribera del Duero,Ribera del Duero,44.95,1.6527,Ribera Del Duero Red,5,3
Ysios,Grano a Grano,2017,FALSE,4.5,37,Rioja,Rioja,75.0,1.8751,Rioja Red,4,3
Finca Villacreces,Nebro Ribera del Duero,2015,FALSE,4.5,37,Ribera del Duero,Ribera del Duero,143.38,2.1565,Ribera Del Duero Red,5,3
Vega Sicilia,Valbuena 5o,1976,FALSE,4.5,37,Ribera del Duero,Ribera del Duero,195.0,2.29,Ribera Del Duero Red,5,3
Dehesa del Carrizal,Petit Verdot,2018,FALSE,4.5,36,Dehesa del Carrizal,Other,20.15,1.3043,Red,4,3
Descendientes de J. Palacios,La Faraona Bierzo (Corullon),2015,FALSE,4.5,36,Bierzo,Bierzo,1373.66,3.1379,Red,4,3
Emilio Hidalgo,Santa Ana Pedro Ximenez 1861,,TRUE,4.5,36,Jerez-Xeres-Sherry,Jerez-Xeres-Sherry,320.0,2.5051,Pedro Ximenez,5,1
Altos del Terral,Cuvee Julia Ribera del Duero,2011,FALSE,4.5,35,Ribera del Duero,Ribera del Duero,157.0,2.1959,Ribera Del Duero Red,5,3
Toro Albala,Don PX Seleccion,1949,FALSE,4.5,34,Montilla-Moriles,Other,295.0,2.4698,Pedro Ximenez,5,1
Morca,Garnacha,2019,FALSE,4.5,33,Campo de Borja,Other,29.95,1.4764,Grenache,5,3
R. Lopez de Heredia,Vina Tondonia Gran Reserva,2001,FALSE,4.5,33,Rioja,Rioja,187.91,2.2739,Rioja Red,4,3
Martinet,Cami Pesseroles,2013,FALSE,4.5,32,Priorato,Priorato,113.2,2.0538,Priorat Red,4,3
Descendientes de J. Palacios,Las Lamas Bierzo (Corullon),2018,FALSE,4.5,32,Bierzo,Bierzo,120.0,2.0792,Mencia,3,3
Castillo Perelada,Finca Garbet,2015,FALSE,4.5,32,Emporda,Other,89.9,1.9538,Syrah,4,3
Vinicola Real,200 Monges Rioja Reserva Seleccion Especial,2006,FALSE,4.5,32,Rioja,Rioja,59.25,1.7727,Rioja Red,4,3
El Regajal,Galia Clos Santuy,2016,FALSE,4.5,32,Castilla y Leon,Other,89.0,1.9494,Red,4,3
Valderiz,Tomas Esteban,2011,FALSE,4.5,32,Ribera del Duero,Ribera del Duero,71.3,1.8531,Ribera Del Duero Red,5,3
Jose Pariente,Finca Las Comas Verdejo,2018,FALSE,4.5,32,Rueda,Other,34.5,1.5378,Verdejo,3,3
Vega Sicilia,Valbuena 5o,1975,FALSE,4.5,31,Ribera del Duero,Ribera del Duero,195.0,2.29,Ribera Del Duero Red,5,3
Abadia Retuerta,Petit Verdot,2004,FALSE,4.5,31,Sardon de Duero,Other,160.81,2.2063,Red,4,3
Amos Baneres,Diables,2018,FALSE,4.5,31,Penedes,Other,38.75,1.5883,NA,NA,NA
Scala Dei,St Antoni de Scala Dei Priorat,2017,FALSE,4.5,30,Priorato,Priorato,75.04,1.8753,Priorat Red,4,3
Gonzalez-Byass,Anada Palo Cortado 1987,1991,FALSE,4.5,30,Jerez Palo Cortado,Other,230.0,2.3617,Sherry,4,3
Artadi,Valdegines,2019,FALSE,4.5,30,Vino de Espana,Vino de Espana,40.0,1.6021,Tempranillo,4,2
Clos Erasmus,Priorat,2018,FALSE,4.5,30,Priorato,Priorato,225.0,2.3522,Priorat Red,4,3
Bodegas Valdelana,Seda de Oro Reserva,2016,FALSE,4.5,29,Rioja,Rioja,69.0,1.8388,Rioja Red,4,3
Abel Mendoza Monge,Grano a Grano Graciano - Garnacha,2016,FALSE,4.5,29,Rioja,Rioja,55.14,1.7415,Grenache,5,3
Tinto Pesquera,Reserva,1986,FALSE,4.5,29,Ribera del Duero,Ribera del Duero,90.0,1.9542,Ribera Del Duero Red,5,3
Bodegas Amaren,Carraquintana de Amaren,2017,FALSE,4.5,29,Rioja Alavesa,Other,56.5,1.752,Rioja Red,4,3
Anayon,Garnacha Parcela 81 Vinas Viejas,2017,FALSE,4.5,28,Carinena,Other,54.9,1.7396,Red,4,3
Castell d'Encus,Saktih,2016,FALSE,4.5,28,Costers del Segre,Costers del Segre,132.95,2.1237,Red,4,3
Gramona,Cava Enoteca Finca de L'Origen Brut Nature,2002,FALSE,4.5,28,Cava,Other,142.0,2.1523,Cava,2,3
Sierra Salinas,Salinas 1237,2014,FALSE,4.5,28,Alicante,Alicante,53.25,1.7263,Red,4,3
Dehesa del Carrizal,Cabernet Sauvignon,2019,FALSE,4.5,27,Dehesa del Carrizal,Other,16.9,1.2279,Cabernet Sauvignon,4,3
Vinos Sanz,Finca La Colina Sauvignon Blanc,2021,FALSE,4.5,27,Rueda,Other,13.45,1.1287,Sauvignon Blanc,3,3
Cerro San Cristobal,Dominio del Verso Red Blend,2018,FALSE,4.5,27,Condado de Huelva,Other,29.5,1.4698,Red,NA,NA
Altos de Rioja,Altos R Pigeage Nacido en Barrica Blanco,2019,FALSE,4.4,27,Rioja,Rioja,29.9168517,1.4759,Rioja White,NA,NA
Bodegas Celler Francisco Castillo - Clos Dominic,Vinyes Altes Porrera,2007,FALSE,4.5,26,Priorato,Priorato,69.0,1.8388,Priorat Red,NA,NA
La Vinya del Vuit,La Vinya del Vuit (8),2015,FALSE,4.5,26,Priorato,Priorato,73.0,1.8633,Priorat Red,NA,NA
Venus la Universal,Venus de la Figuera,2017,FALSE,4.5,26,Montsant,Other,51.5,1.7118,Montsant Red,NA,NA
Pedralonga,Vendetta,2013,FALSE,4.5,25,Rias Baixas,Rias Baixas,38.0,1.5798,Albarino,NA,NA
Alion,Ribera del Duero,2009,FALSE,4.4,6395,Ribera del Duero,Ribera del Duero,189.0,2.2765,Ribera Del Duero Red,NA,NA
Pintia,Toro,2011,FALSE,4.4,5732,Toro,Toro,39.5,1.5966,Toro Red,NA,NA
Pintia,Toro,2012,FALSE,4.4,5614,Toro,Toro,89.9,1.9538,Toro Red,NA,NA
Pintia,Toro,2013,FALSE,4.4,5204,Toro,Toro,76.8,1.8854,Toro Red,NA,NA
La Rioja Alta,Rioja Gran Reserva 904,2009,FALSE,4.4,5109,Rioja,Rioja,47.5,1.6767,Rioja Red,NA,NA
Matarromera,Ribera del Duero Reserva,2016,FALSE,4.4,4851,Ribera del Duero,Ribera del Duero,31.5,1.4983,Ribera Del Duero Red,NA,NA
La Rioja Alta,Rioja Gran Reserva 904,2011,FALSE,4.4,4625,Rioja,Rioja,47.95,1.6808,Rioja Red,NA,NA
La Rioja Alta,Rioja Gran Reserva 904,2007,FALSE,4.4,4357,Rioja,Rioja,47.95,1.6808,Rioja Red,NA,NA
Emilio Moro,Malleolus,2018,FALSE,4.4,4121,Ribera del Duero,Ribera del Duero,38.61,1.5867,Ribera Del Duero Red,NA,NA
Muga,Seleccion Especial (Reserva),2016,FALSE,4.4,3589,Rioja,Rioja,27.9,1.4456,Rioja Red,NA,NA
Matarromera,Ribera del Duero Reserva,2017,FALSE,4.4,3456,Ribera del Duero,Ribera del Duero,37.25,1.5711,Ribera Del Duero Red,NA,NA
Hacienda Monasterio,Cosecha,2016,FALSE,4.4,3406,Ribera del Duero,Ribera del Duero,37.8,1.5775,Ribera Del Duero Red,NA,NA
La Rioja Alta,Rioja Gran Reserva 904,2010,FALSE,4.4,3327,Rioja,Rioja,61.55,1.7892,Rioja Red,NA,NA
Muga,Prado Enea Gran Reserva,2011,FALSE,4.4,3197,Rioja,Rioja,43.95,1.643,Rioja Red,NA,NA
Bodegas Mauro,Red,2018,FALSE,4.4,3095,Castilla y Leon,Other,31.95,1.5045,Red,NA,NA
Abadia Retuerta,Seleccion Especial,2017,FALSE,4.4,3093,Sardon de Duero,Other,25.5,1.4065,Red,NA,NA
Bodegas El Nido,Clio,2014,FALSE,4.4,3089,Jumilla,Other,35.65,1.5521,Red,NA,NA
Dominio de Pingus,Flor de Pingus,2012,FALSE,4.4,2546,Ribera del Duero,Ribera del Duero,125.0,2.0969,Ribera Del Duero Red,NA,NA
Dominio de Pingus,Flor de Pingus,2013,FALSE,4.4,2418,Ribera del Duero,Ribera del Duero,125.0,2.0969,Ribera Del Duero Red,NA,NA
La Rioja Alta,Vina Ardanza Reserva,2015,FALSE,4.4,2370,Rioja,Rioja,23.0,1.3617,Rioja Red,4,3
Bodegas Roda,Roda I Reserva Rioja,2009,FALSE,4.4,2228,Rioja,Rioja,43.5,1.6385,Rioja Red,4,3
Bodegas Roda,Roda I Reserva Rioja,2010,FALSE,4.4,2133,Rioja,Rioja,24.7,1.3927,Rioja Red,4,3
Tomas Postigo,3er Ano Ribera del Duero Tinto,2017,FALSE,4.4,2080,Ribera del Duero,Ribera del Duero,27.4,1.4378,Ribera Del Duero Red,5,3
Alion,Ribera del Duero,2007,FALSE,4.4,2053,Ribera del Duero,Ribera del Duero,96.0,1.9823,Ribera Del Duero Red,5,3
Benjamin de Rothschild - Vega Sicilia,Macan Clasico,2016,FALSE,4.4,1993,Rioja,Rioja,37.52,1.5743,Rioja Red,4,3
Bodegas Roda,Roda I Reserva Rioja,2011,FALSE,4.4,1949,Rioja,Rioja,43.95,1.643,Rioja Red,4,3
Atalaya,Alaya Tierra (Old Vines Vieilles Vignes),2017,FALSE,4.4,1948,Almansa,Other,19.6,1.2923,Grenache,5,3
Marques de Murrieta,Castillo Ygay Gran Reserva Especial Tinto,2004,FALSE,4.4,1943,Rioja,Rioja,160.0,2.2041,Rioja Red,4,3
Bodegas Roda,Roda I Reserva Rioja,2012,FALSE,4.4,1853,Rioja,Rioja,43.5,1.6385,Rioja Red,4,3
Tomas Postigo,3er Ano Ribera del Duero Tinto,2018,FALSE,4.4,1842,Ribera del Duero,Ribera del Duero,27.75,1.4433,Ribera Del Duero Red,5,3
Hacienda Monasterio,Cosecha,2018,FALSE,4.4,1777,Ribera del Duero,Ribera del Duero,32.5,1.5119,Ribera Del Duero Red,5,3
Bodegas Mauro,Red,2019,FALSE,4.4,1701,Castilla y Leon,Other,29.45,1.4691,Red,4,3
Aalto,Tinto,2017,FALSE,4.4,1561,Ribera del Duero,Ribera del Duero,51.526827174062,1.712,Ribera Del Duero Red,5,3
Benjamin de Rothschild - Vega Sicilia,Macan,2010,FALSE,4.4,1519,Rioja,Rioja,216.0,2.3345,Rioja Red,4,3
Alion,Ribera del Duero,2006,FALSE,4.4,1514,Ribera del Duero,Ribera del Duero,119.7,2.0781,Ribera Del Duero Red,5,3
Muga,Torre Muga,2006,FALSE,4.4,1475,Rioja,Rioja,66.73,1.8243,Rioja Red,4,3
Bodegas Roda,Roda I Reserva Rioja,2015,FALSE,4.4,1463,Rioja,Rioja,39.95,1.6015,Rioja Red,4,3
Matsu,El Viejo,2018,FALSE,4.4,1438,Toro,Toro,32.01,1.5053,Toro Red,5,3
Bodegas Valduero,Ribera del Duero Una Cepa I,2016,FALSE,4.4,1372,Ribera del Duero,Ribera del Duero,28.9,1.4609,Ribera Del Duero Red,5,3
Bodegas San Roman,Tinto,2017,FALSE,4.4,1339,Toro,Toro,36.0,1.5563,Toro Red,5,3
Marques de Vargas,Hacienda Pradolagar,2015,FALSE,4.4,1326,Rioja,Rioja,105.12,2.0217,Rioja Red,4,3
Agusti Torello Mata,Cava Kripta Gran Reserva Brut Nature,2008,FALSE,4.4,1269,Cava,Other,52.5,1.7202,Cava,2,3
Hacienda Monasterio,Cosecha,2017,FALSE,4.4,1266,Ribera del Duero,Ribera del Duero,33.31,1.5226,Ribera Del Duero Red,5,3
Remirez de Ganuza,Rioja Reserva,2010,FALSE,4.4,1255,Rioja,Rioja,73.65,1.8672,Rioja Red,4,3
Alto Moncayo,Garnacha,2016,FALSE,4.4,1226,Campo de Borja,Other,33.95,1.5308,Grenache,5,3
Remirez de Ganuza,Rioja Reserva,2009,FALSE,4.4,1172,Rioja,Rioja,74.0,1.8692,Rioja Red,4,3
Alion,Ribera del Duero,2005,FALSE,4.4,1166,Ribera del Duero,Ribera del Duero,169.0,2.2279,Ribera Del Duero Red,5,3
Atalaya,Alaya Tierra (Old Vines Vieilles Vignes),2018,FALSE,4.4,1158,Almansa,Other,24.8,1.3945,Grenache,5,3
Alion,Ribera del Duero,2004,FALSE,4.4,1121,Ribera del Duero,Ribera del Duero,140.840866321332,2.1487,Ribera Del Duero Red,5,3
Clos Mogador,Priorat,2014,FALSE,4.4,1104,Priorato,Priorato,175.5,2.2443,Priorat Red,4,3
Vinicola Real,200 Monges Rioja Reserva,2011,FALSE,4.4,1098,Rioja,Rioja,37.57,1.5748,Rioja Red,4,3
Arzuaga,Reserva Ribera del Duero,2016,FALSE,4.4,1087,Ribera del Duero,Ribera del Duero,26.24,1.419,Ribera Del Duero Red,5,3
Emilio Moro,Malleolus,2019,FALSE,4.4,1069,Ribera del Duero,Ribera del Duero,28.5,1.4548,Ribera Del Duero Red,5,3
Bodegas Mauro,VS,2014,FALSE,4.4,1064,Castilla y Leon,Other,178.0,2.2504,Tempranillo,4,2
Hacienda Monasterio,Reserva,2011,FALSE,4.4,1048,Ribera del Duero,Ribera del Duero,78.65,1.8957,Ribera Del Duero Red,5,3
Dominio de Pingus,Flor de Pingus,2008,FALSE,4.4,1047,Ribera del Duero,Ribera del Duero,125.0,2.0969,Ribera Del Duero Red,5,3
Bodegas Roda,Roda I Reserva Rioja,2016,FALSE,4.4,1039,Rioja,Rioja,35.9,1.5551,Rioja Red,4,3
Pago de Los Capellanes,Reserva Tinto,2017,FALSE,4.4,1040,Ribera del Duero,Ribera del Duero,35.7,1.5527,Ribera Del Duero Red,5,3
Aalto,Tinto,2019,FALSE,4.4,1018,Ribera del Duero,Ribera del Duero,33.0,1.5185,Ribera Del Duero Red,5,3
Bodegas Mauro,VS,2015,FALSE,4.4,995,Castilla y Leon,Other,60.95,1.785,Tempranillo,4,2
Juan Gil,Jumilla Blue Label,2019,FALSE,4.4,966,Jumilla,Other,21.95,1.3414,Red,4,3
Bodegas Tradicion,Palo Cortado Tradicion Vors 30 Years Sherry,,TRUE,4.4,941,Jerez Palo Cortado,Other,82.5,1.9165,Sherry,4,3
Hacienda Monasterio,Reserva,2014,FALSE,4.4,927,Ribera del Duero,Ribera del Duero,109.9,2.041,Ribera Del Duero Red,5,3
Senorio de San Vicente,San Vicente Rioja,2011,FALSE,4.4,925,Rioja,Rioja,33.5,1.525,Rioja Red,4,3
Alto Moncayo,Garnacha,2018,FALSE,4.4,915,Campo de Borja,Other,38.95,1.5905,Grenache,5,3
Volver,Triga,2016,FALSE,4.4,852,Alicante,Alicante,34.9,1.5428,Red,4,3
Marques de Caceres,Gaudium,2014,FALSE,4.4,827,Rioja,Rioja,37.8,1.5775,Rioja Red,4,3
Bodegas Tradicion,Amontillado Tradicion Vors 30 Years,,TRUE,4.4,825,Jerez Amontillado,Other,59.9,1.7774,Sherry,4,3
Teso La Monja,Victorino,2016,FALSE,4.4,812,Toro,Toro,38.7,1.5877,Toro Red,5,3
Clos Mogador,Priorat,2011,FALSE,4.4,809,Priorato,Priorato,90.0,1.9542,Priorat Red,4,3
Clos Mogador,Priorat,2010,FALSE,4.4,799,Priorato,Priorato,69.79,1.8438,Priorat Red,4,3
Lan,Culmen Reserva Rioja,2011,FALSE,4.4,798,Rioja,Rioja,59.9,1.7774,Rioja Red,4,3
Atalaya,Alaya Tierra (Old Vines Vieilles Vignes),2019,FALSE,4.4,787,Almansa,Other,27.39,1.4376,Grenache,5,3
Bodegas Roda,Roda I Reserva Rioja,2005,FALSE,4.4,783,Rioja,Rioja,93.0,1.9685,Rioja Red,4,3
Dominio del Aguila,Reserva,2016,FALSE,4.4,778,Ribera del Duero,Ribera del Duero,73.57,1.8667,Ribera Del Duero Red,5,3
Marques de Vargas,Reserva Privada Rioja,2015,FALSE,4.4,746,Rioja,Rioja,49.67,1.6961,Rioja Red,4,3
Abadia Retuerta,Pago Negralada,2014,FALSE,4.4,726,Sardon de Duero,Other,91.57,1.9618,Tempranillo,4,2
Clos Mogador,Priorat,2012,FALSE,4.4,695,Priorato,Priorato,90.0,1.9542,Priorat Red,4,3
Marques de Riscal,Baron de Chirel Rioja Reserva,2015,FALSE,4.4,683,Rioja,Rioja,69.95,1.8448,Rioja Red,4,3
Alion,Ribera del Duero,2001,FALSE,4.4,681,Ribera del Duero,Ribera del Duero,190.0,2.2788,Ribera Del Duero Red,5,3
Marques de Riscal,Baron de Chirel Rioja Reserva,2005,FALSE,4.4,667,Rioja,Rioja,140.0,2.1461,Rioja Red,4,3
Tridente,Rejon Tempranillo,2015,FALSE,4.4,664,Castilla y Leon,Other,35.75,1.5533,Tempranillo,4,2
Alvaro Palacios,Finca Dofi,2016,FALSE,4.4,639,Priorato,Priorato,52.5,1.7202,Priorat Red,4,3
Clos Mogador,Priorat,2007,FALSE,4.4,624,Priorato,Priorato,95.0,1.9777,Priorat Red,4,3
Ausas,Interpretacion,2016,FALSE,4.4,618,Ribera del Duero,Ribera del Duero,45.15,1.6547,Ribera Del Duero Red,5,3
Muga,Torre Muga,2015,FALSE,4.4,617,Rioja,Rioja,58.2142247461506,1.765,Rioja Red,4,3
Senorio de San Vicente,San Vicente Rioja,2016,FALSE,4.4,609,Rioja,Rioja,42.7,1.6304,Rioja Red,4,3
Tresmano - Tr3smano,Vendimia,2017,FALSE,4.4,581,Ribera del Duero,Ribera del Duero,28.7315367295517,1.4584,Ribera Del Duero Red,5,3
Ferrer Bobet,Priorat Vinyes Velles,2017,FALSE,4.4,575,Priorato,Priorato,32.65,1.5139,Priorat Red,4,3
Marques de Caceres,Gaudium,2015,FALSE,4.4,561,Rioja,Rioja,43.86,1.6421,Rioja Red,4,3
Benjamin de Rothschild - Vega Sicilia,Macan Clasico,2017,FALSE,4.4,560,Rioja,Rioja,36.9,1.567,Rioja Red,4,3
Remirez de Ganuza,Rioja Reserva,2013,FALSE,4.4,550,Rioja,Rioja,54.83,1.739,Rioja Red,4,3
Marques de Murrieta,Dalmau Rioja,2016,FALSE,4.4,550,Rioja,Rioja,55.33,1.743,Rioja Red,4,3
Bodegas Amaren,Tempranillo Reserva,2010,FALSE,4.4,542,Rioja,Rioja,26.9,1.4298,Rioja Red,4,3
Bodegas Tradicion,Cream Tradicion Vos 20 Years,,TRUE,4.4,527,Jerez Cream,Other,57.9,1.7627,Sherry,NA,NA
Tinto Pesquera,Millenium Reserva,2008,FALSE,4.4,527,Ribera del Duero,Ribera del Duero,74.0,1.8692,Ribera Del Duero Red,NA,NA
Hacienda Monasterio,Cosecha,2019,FALSE,4.4,523,Ribera del Duero,Ribera del Duero,34.35,1.5359,Ribera Del Duero Red,NA,NA
Arzuaga,Gran Reserva Ribera del Duero,2009,FALSE,4.4,516,Ribera del Duero,Ribera del Duero,76.3,1.8825,Ribera Del Duero Red,NA,NA
Ausas,Interpretacion,2017,FALSE,4.4,514,Ribera del Duero,Ribera del Duero,45.3,1.6561,Ribera Del Duero Red,NA,NA
Vega Sicilia,Valbuena 5o,1995,FALSE,4.4,512,Ribera del Duero,Ribera del Duero,299.0,2.4757,Ribera Del Duero Red,NA,NA
Bodegas Mauro,VS,2016,FALSE,4.4,506,Castilla y Leon,Other,56.5,1.752,Tempranillo,NA,NA
Vina Sastre,Pago de Santa Cruz,2014,FALSE,4.4,499,Ribera del Duero,Ribera del Duero,54.9,1.7396,Ribera Del Duero Red,NA,NA
Ordonez,Vatan Tinta de Toro,2017,FALSE,4.4,498,Toro,Toro,55.31,1.7428,Toro Red,NA,NA
Cillar de Silos,Dominio del Pidio,2016,FALSE,4.4,495,Ribera del Duero,Ribera del Duero,53.91,1.7317,Ribera Del Duero Red,NA,NA
Marques de Riscal,Rioja Gran Reserva,2015,FALSE,4.4,485,Rioja,Rioja,35.1,1.5453,Rioja Red,NA,NA
Teso La Monja,Victorino,2017,FALSE,4.4,481,Toro,Toro,38.5,1.5855,Toro Red,NA,NA
Imperial,Rioja Gran Reserva,2015,FALSE,4.4,471,Rioja,Rioja,49.97,1.6987,Rioja Red,NA,NA
Carmelo Rodero,Reserva,2016,FALSE,4.4,450,Ribera del Duero,Ribera del Duero,32.9,1.5172,Ribera Del Duero Red,NA,NA
Ramos-Paul,Tinto,2006,FALSE,4.4,443,Malaga,Other,34.0,1.5315,Red,NA,NA
Artadi,Pagos Viejos,2006,FALSE,4.4,442,Vino de Espana,Vino de Espana,90.5,1.9566,Tempranillo,NA,NA
Anima Negra,An,2018,FALSE,4.4,436,Mallorca,Mallorca,38.3,1.5832,Red,NA,NA
Matarromera,Ribera del Duero Prestigio,2014,FALSE,4.4,421,Ribera del Duero,Ribera del Duero,41.32,1.6162,Ribera Del Duero Red,NA,NA
Bodega Numanthia,Numanthia,2004,FALSE,4.4,414,Toro,Toro,98.0,1.9912,Toro Red,NA,NA
Rafael Palacios,As Sortes Val do Bibei Godello,2018,FALSE,4.4,412,Valdeorras,Other,55.71,1.7459,NA,NA,NA
Bodega de Bardos,Suprema 30 Meses,2016,FALSE,4.4,406,Ribera del Duero,Ribera del Duero,35.2,1.5465,Ribera Del Duero Red,NA,NA
Bodega Contador (Benjamin Romeo),La Cueva del Contador Rioja,2015,FALSE,4.4,389,Rioja,Rioja,73.6,1.8669,Rioja Red,NA,NA
Ausas,Interpretacion,2018,FALSE,4.4,389,Ribera del Duero,Ribera del Duero,41.0,1.6128,Ribera Del Duero Red,NA,NA
Morca,Garnacha,2016,FALSE,4.4,376,Campo de Borja,Other,31.5,1.4983,Grenache,NA,NA
Carmelo Rodero,Ribera del Duero TSM,2015,FALSE,4.4,367,Ribera del Duero,Ribera del Duero,56.75,1.754,Ribera Del Duero Red,NA,NA
Rodriguez Sanzo,Whisba Tempranillo Aged 18 Months in Whisky Barrels,2019,FALSE,4.4,363,Toro,Toro,20.9,1.3201,Toro Red,5,3
Lan,A Mano Rioja,2017,FALSE,4.4,360,Rioja,Rioja,30.73,1.4876,Rioja Red,4,3
Cruz de Alba,Finca Los Hoyales Ribera del Duero,2014,FALSE,4.4,351,Ribera del Duero,Ribera del Duero,49.9,1.6981,Ribera Del Duero Red,5,3
Vinicola Real,200 Monges Rioja Gran Reserva,2001,FALSE,4.4,349,Rioja,Rioja,52.0,1.716,Rioja Red,4,3
Bodega Contador (Benjamin Romeo),La Cueva del Contador Rioja,2011,FALSE,4.4,343,Rioja,Rioja,90.0,1.9542,Rioja Red,4,3
Antidoto,La Hormiga de Antidoto,2019,FALSE,4.4,336,Ribera del Duero,Ribera del Duero,26.63,1.4254,Ribera Del Duero Red,5,3
Abadia Retuerta,Le Domaine Blanco de Guarda,2019,FALSE,4.4,334,Sardon de Duero,Other,32.58,1.513,NA,NA,NA
Rafael Palacios,As Sortes Val do Bibei Godello,2019,FALSE,4.4,333,Valdeorras,Other,46.5,1.6675,NA,NA,NA
Bosque de Matasnos,Edicion Limitada,2015,FALSE,4.4,328,Ribera del Duero,Ribera del Duero,32.5811870756681,1.513,Ribera Del Duero Red,5,3
Bodegas 6o Elemento - Vino Sexto Elemento,Tinto,2017,FALSE,4.4,319,Valencia,Other,29.95,1.4764,Red,4,3
Altanza,Lealtanza Coleccion de Artistas Espanoles Sorolla,2010,FALSE,4.4,316,Rioja,Rioja,34.9,1.5428,Rioja Red,4,3
Remelluri,Granja Gran Reserva Rioja,2011,FALSE,4.4,313,Rioja,Rioja,43.9,1.6425,Rioja Red,4,3
Perinet,Priorat,2016,FALSE,4.4,309,Priorato,Priorato,65.0,1.8129,Priorat Red,4,3
Toro Albala,Don PX Pedro Ximenez,1994,FALSE,4.4,306,Montilla-Moriles,Other,35.9,1.5551,Pedro Ximenez,5,1
Vina Pedrosa,Perez Pascuas Gran Reserva Seleccion,2010,FALSE,4.4,305,Ribera del Duero,Ribera del Duero,210.5,2.3233,Ribera Del Duero Red,5,3
Agusti Torello Mata,Cava Kripta Gran Reserva Brut Nature,2011,FALSE,4.4,298,Cava,Other,55.95,1.7478,Cava,2,3
Costers del Siurana,Miserere,2005,FALSE,4.4,296,Priorato,Priorato,92.8716274104906,1.9679,Priorat Red,4,3
Martinet,Clos Martinet,2015,FALSE,4.4,296,Priorato,Priorato,65.4,1.8156,Priorat Red,4,3
Valquejigoso,V2 Tinto,2008,FALSE,4.4,293,Madrid,Other,45.890156,1.6617,Red,4,3
Familia Torres,Grans Muralles,2014,FALSE,4.4,292,Conca de Barbera,Other,304.0,2.4829,Red,4,3
Castillo de Cuzcurrita,Cerrado del Castillo Rioja,2015,FALSE,4.4,269,Rioja,Rioja,47.5,1.6767,Rioja Red,4,3
Lan,A Mano Rioja,2018,FALSE,4.4,269,Rioja,Rioja,29.9,1.4757,Rioja Red,4,3
Contino,Rioja Gran Reserva,2016,FALSE,4.4,267,Rioja,Rioja,40.45,1.6069,Rioja Red,4,3
Vinedos de Paganos,El Puntido Gran Reserva,2007,FALSE,4.4,267,Rioja,Rioja,49.65,1.6959,Rioja Red,4,3
Artadi,Pagos Viejos,2004,FALSE,4.4,262,Vino de Espana,Vino de Espana,57.11,1.7567,Tempranillo,4,2
Alion,Ribera del Duero,1996,FALSE,4.4,259,Ribera del Duero,Ribera del Duero,141.0,2.1492,Ribera Del Duero Red,5,3
Remirez de Ganuza,Trasnocho,2010,FALSE,4.4,258,Rioja,Rioja,133.75,2.1263,Rioja Red,4,3
Bodega Contador (Benjamin Romeo),La Cueva del Contador Rioja,2016,FALSE,4.4,252,Rioja,Rioja,67.9,1.8319,Rioja Red,4,3
Martinet,Clos Martinet,2011,FALSE,4.4,249,Priorato,Priorato,75.92,1.8804,Priorat Red,4,3
Agusti Torello Mata,Cava Kripta Gran Reserva Brut Nature,2010,FALSE,4.4,245,Cava,Other,47.52,1.6769,Cava,2,3
Volver,Triga,2017,FALSE,4.4,243,Alicante,Alicante,29.9,1.4757,Red,4,3
Volver,Cuvee Old Vines Unfiltered,2017,FALSE,4.4,241,Jumilla,Other,19.99,1.3008,Red,4,3
La Vicalanda,Gran Reserva,2010,FALSE,4.4,239,Rioja,Rioja,59.25,1.7727,Rioja Red,4,3
Monovar,Fondillon,1996,FALSE,4.4,236,Alicante,Alicante,73.9,1.8686,Red,4,3
Alvaro Domecq,1730 Pedro Ximenez,,TRUE,4.4,234,Jerez Pedro Ximenes (PX),Other,39.35,1.5949,Sherry,4,3
Bodegas Mas Alta,Cirerets,2018,FALSE,4.4,233,Priorato,Priorato,40.3,1.6053,Priorat Red,4,3
Cillar de Silos,Dominio del Pidio,2018,FALSE,4.4,225,Ribera del Duero,Ribera del Duero,42.75,1.6309,Ribera Del Duero Red,5,3
Contino,Vina del Olivo,2016,FALSE,4.4,224,Rioja,Rioja,149.5,2.1746,Rioja Red,4,3
Bodega Contador (Benjamin Romeo),La Cueva del Contador Rioja,2012,FALSE,4.4,222,Rioja,Rioja,76.5,1.8837,Rioja Red,4,3
Martinet,Clos Martinet,2008,FALSE,4.4,220,Priorato,Priorato,113.2,2.0538,Priorat Red,4,3
Ossian,Vinas Viejas Verdejo,2019,FALSE,4.4,219,Castilla y Leon,Other,26.9,1.4298,Verdejo,3,3
Vega Sicilia,Valbuena 5o,1994,FALSE,4.4,218,Ribera del Duero,Ribera del Duero,249.8,2.3976,Ribera Del Duero Red,5,3
Carmelo Rodero,Reserva,2017,FALSE,4.4,217,Ribera del Duero,Ribera del Duero,29.95,1.4764,Ribera Del Duero Red,5,3
Los Aguilares,Tadeo Tinto,2014,FALSE,4.4,215,Sierras de Malaga,Other,33.0,1.5185,Red,4,3
Dominio de Cair,Tierras de Cair Reserva,2014,FALSE,4.4,208,Ribera del Duero,Ribera del Duero,37.0,1.5682,Ribera Del Duero Red,5,3
Bodega Rento,Tinto,2014,FALSE,4.4,207,Ribera del Duero,Ribera del Duero,37.13,1.5697,Ribera Del Duero Red,5,3
R. Lopez de Heredia,Gran Reserva Rosado,2011,FALSE,4.4,206,Rioja Alta,Other,49.95,1.6985,NA,NA,NA
Chivite,Navarra Coleccion 125 Blanco,2017,FALSE,4.4,204,Navarra,Other,50.9,1.7067,Chardonnay,4,3
Gramona,Cava Celler Batlle,2006,FALSE,4.4,201,Cava,Other,51.95,1.7156,Cava,2,3
Remelluri,Rioja Blanco,2017,FALSE,4.4,201,Rioja,Rioja,49.2,1.692,Rioja White,3,3
Castano,Casa Cisca Monastrell,2015,FALSE,4.4,200,Yecla,Other,35.2,1.5465,Monastrell,5,3
Dominio do Bibei,Lapola,2019,FALSE,4.4,196,Ribeira Sacra,Other,20.74,1.3168,NA,NA,NA
Allende,Calvario Rioja,2008,FALSE,4.4,195,Rioja,Rioja,87.3,1.941,Rioja Red,4,3
Remelluri,Granja Gran Reserva Rioja,2012,FALSE,4.4,194,Rioja,Rioja,45.95,1.6623,Rioja Red,4,3
Abadia Retuerta,Pago Negralada,2013,FALSE,4.4,189,Sardon de Duero,Other,64.99,1.8128,Tempranillo,4,2
Mas Doix,Doix,2007,FALSE,4.4,187,Priorato,Priorato,350.03,2.5441,Priorat Red,4,3
Ferrer Bobet,Seleccio Especial Vinyes Velles,2013,FALSE,4.4,185,Priorato,Priorato,69.9,1.8445,Priorat Red,4,3
Vall Llach,Idus,2017,FALSE,4.4,180,Priorato,Priorato,36.95,1.5676,Priorat Red,4,3
Martinet,Clos Martinet,2007,FALSE,4.4,177,Priorato,Priorato,154.37,2.1886,Priorat Red,4,3
Marco Abella,Clos Abella Seleccion Especial,2014,FALSE,4.4,173,Priorato,Priorato,43.85,1.642,Priorat Red,4,3
Casa Castillo,Pie Franco,2017,FALSE,4.4,172,Jumilla,Other,77.98,1.892,Monastrell,5,3
Sierra Cantabria,Amancio,2013,FALSE,4.4,172,Rioja,Rioja,91.43,1.9611,Rioja Red,4,3
Emilio Moro,Malleolus de Sanchomartin,2007,FALSE,4.4,172,Ribera del Duero,Ribera del Duero,195.0,2.29,Ribera Del Duero Red,5,3
Espectacle del Montsant,Tinto,2016,FALSE,4.4,169,Montsant,Other,125.84,2.0998,Montsant Red,4,3
Lan,Culmen Reserva Rioja,2001,FALSE,4.4,168,Rioja,Rioja,69.0,1.8388,Rioja Red,4,3
Javier Sanz Viticultor,Singular V Malcorta Verdejo,2020,FALSE,4.4,168,Rueda,Other,17.49,1.2428,Verdejo,3,3
Recaredo,Serral del Vell Brut Nature,2014,FALSE,4.4,166,Cava,Other,44.41,1.6475,Cava,2,3
Espectacle del Montsant,Tinto,2014,FALSE,4.4,165,Montsant,Other,149.0,2.1732,Montsant Red,4,3
Abadia Retuerta,Pago Negralada,2009,FALSE,4.4,165,Sardon de Duero,Other,73.6,1.8669,Tempranillo,4,2
Remirez de Ganuza,Trasnocho,2014,FALSE,4.4,164,Rioja,Rioja,82.75,1.9178,Rioja Red,4,3
Mas Doix,Doix,2013,FALSE,4.4,164,Priorato,Priorato,78.38,1.8942,Priorat Red,4,3
Protos,Seleccion Finca el Grajo Viejo,2016,FALSE,4.4,162,Ribera del Duero,Ribera del Duero,59.95,1.7778,Ribera Del Duero Red,5,3
Sierra Cantabria,Finca el Bosque,2014,FALSE,4.4,162,Rioja,Rioja,80.95,1.9082,Rioja Red,4,3
Artadi,La Poza de Ballesteros,2015,FALSE,4.4,161,Vino de Espana,Vino de Espana,95.9,1.9818,Tempranillo,4,2
Tinto Pesquera,Millenium Reserva,2015,FALSE,4.4,160,Ribera del Duero,Ribera del Duero,75.0,1.8751,Ribera Del Duero Red,5,3
Harveys,30 Years VORS Pedro Ximenez Sherry,,TRUE,4.4,159,Jerez Pedro Ximenes (PX),Other,58.95,1.7705,Sherry,4,3
Marques de Caceres,Gaudium,1994,FALSE,4.4,159,Rioja,Rioja,125.0,2.0969,Rioja Red,4,3
Contino,Vina del Olivo,2015,FALSE,4.4,159,Rioja,Rioja,64.0,1.8062,Rioja Red,4,3
Sierra Cantabria,Finca el Bosque,2012,FALSE,4.4,158,Rioja,Rioja,78.9,1.8971,Rioja Red,4,3
Orben,Malpuesto,2018,FALSE,4.4,158,Rioja,Rioja,35.5,1.5502,Rioja Red,4,3
Artadi,Valdegines,2018,FALSE,4.4,155,Vino de Espana,Vino de Espana,42.35,1.6269,Tempranillo,4,2
Jaro,Chafandin,2018,FALSE,4.4,155,Ribera del Duero,Ribera del Duero,28.95,1.4616,Ribera Del Duero Red,5,3
Artadi,Vina El Pison,2007,FALSE,4.4,154,Vino de Espana,Vino de Espana,495.0,2.6946,Tempranillo,4,2
Abadia Retuerta,Pago Negralada,2016,FALSE,4.4,152,Sardon de Duero,Other,63.95,1.8058,Tempranillo,4,2
Bodega Contador (Benjamin Romeo),La Vina de Andres Romeo Rioja,2012,FALSE,4.4,151,Rioja,Rioja,99.0,1.9956,Rioja Red,4,3
Vina Sastre,Pesus Ribera del Duero,2012,FALSE,4.4,150,Ribera del Duero,Ribera del Duero,379.0,2.5786,Ribera Del Duero Red,5,3
Dominio del Aguila,Reserva,2017,FALSE,4.4,149,Ribera del Duero,Ribera del Duero,56.95,1.7555,Ribera Del Duero Red,5,3
Vina Sastre,Regina Vides Ribera del Duero,2012,FALSE,4.4,148,Ribera del Duero,Ribera del Duero,65.34,1.8152,Ribera Del Duero Red,5,3
Bodegas Ximenez-Spinola,Delicado Cosecha Pedro Ximenez,2019,FALSE,4.4,147,Jerez Pedro Ximenes (PX),Other,22.35,1.3493,Pedro Ximenez,5,1
Bodegas El Paraguas,Atlantico,2019,FALSE,4.4,146,Ribeiro,Ribeiro,18.99,1.2785,NA,NA,NA
Mustiguillo,Quincha Corral,2016,FALSE,4.4,145,El Terrerazo,El Terrerazo,79.95,1.9028,Red,4,3
Martinet,Els Escurcons,2014,FALSE,4.4,143,Priorato,Priorato,78.49,1.8948,Priorat Red,4,3
Remirez de Ganuza,Rioja Reserva,2014,FALSE,4.4,142,Rioja,Rioja,49.9,1.6981,Rioja Red,4,3
Vall Llach,Idus,2018,FALSE,4.4,141,Priorato,Priorato,35.5,1.5502,Priorat Red,4,3
Vina Pomal,Vinos Singulares Tempranillo Blanco Reserva,2014,FALSE,4.4,141,Rioja,Rioja,34.9,1.5428,Rioja White,3,3
Astrales,Christina Ribera del Duero,2016,FALSE,4.4,142,Ribera del Duero,Ribera del Duero,50.76,1.7055,Ribera Del Duero Red,5,3
Merum Priorati,Desti,2018,FALSE,4.4,136,Priorato,Priorato,29.95,1.4764,Priorat Red,4,3
Hacienda Lopez de Haro,Gran Reserva Classica Tinto,2001,FALSE,4.4,135,Rioja,Rioja,36.75,1.5653,Rioja Red,4,3
Bodegas Mauro,Godello Blanco,2019,FALSE,4.4,134,Bierzo,Bierzo,37.6,1.5752,NA,NA,NA
Alto Moncayo,Aquilon Garnacha,2014,FALSE,4.4,134,Campo de Borja,Other,100.0,2.0,Grenache,5,3
Cayetano del Pino,Palo Cortado 1/10,,TRUE,4.4,134,Jerez-Xeres-Sherry,Jerez-Xeres-Sherry,25.0,1.3979,Sherry,4,3
La Unica,Fourth Edition,,TRUE,4.4,131,Vino de Espana,Vino de Espana,40.0,1.6021,Tempranillo,4,2
Remelluri,Rioja Blanco,2018,FALSE,4.4,130,Rioja,Rioja,52.0,1.716,Rioja White,3,3
Pazo Senorans,Seleccion de Anada Albarino Rias Baixas,2012,FALSE,4.4,130,Rias Baixas,Rias Baixas,34.25,1.5347,Albarino,3,3
Fefinanes,Albarino de Fefinanes III Ano,2017,FALSE,4.4,128,Rias Baixas,Rias Baixas,35.4,1.549,Albarino,3,3
Arzuaga,Reserva Ribera del Duero,2018,FALSE,4.4,128,Ribera del Duero,Ribera del Duero,32.15,1.5072,Ribera Del Duero Red,5,3
Familia Torres,Perpetual,2017,FALSE,4.4,127,Priorato,Priorato,62.75,1.7976,Priorat Red,4,3
Gramona,Cava Celler Batlle,2010,FALSE,4.4,126,Cava,Other,58.3,1.7657,Cava,2,3
Ferrer Bobet,Seleccio Especial Vinyes Velles,2016,FALSE,4.4,123,Priorato,Priorato,58.9,1.7701,Priorat Red,4,3
Merum Priorati,El Cel,2015,FALSE,4.4,123,Priorato,Priorato,59.0,1.7709,Priorat Red,4,3
Gomez Cruzado,Montes Obarenes Seleccion Terroir,2016,FALSE,4.4,122,Rioja,Rioja,42.95,1.633,Rioja White,3,3
Vall Llach,Porrera Vi de Vila,2017,FALSE,4.4,122,Priorato,Priorato,43.95,1.643,Priorat Red,4,3
Resalte,Gran Ribera del Duero,2010,FALSE,4.4,122,Ribera del Duero,Ribera del Duero,41.9188925,1.6224,Ribera Del Duero Red,5,3
Scala Dei,Heretge Priorat,2017,FALSE,4.4,120,Priorato,Priorato,91.03,1.9592,Priorat Red,4,3
Figuero,Vinas Viejas,2018,FALSE,4.4,119,Ribera del Duero,Ribera del Duero,25.1,1.3997,Ribera Del Duero Red,5,3
Artadi,La Poza de Ballesteros,2014,FALSE,4.4,119,Vino de Espana,Vino de Espana,104.0,2.017,Tempranillo,4,2
Artadi,El Carretil,2010,FALSE,4.4,117,Vino de Espana,Vino de Espana,295.3,2.4703,Tempranillo,4,2
Osborne,Sibarita Oloroso Jerez-Xeres-Sherry 30 Years V.O.R.S,,TRUE,4.4,117,Jerez Oloroso,Other,79.9,1.9025,Sherry,4,3
Vina Sastre,Pago de Santa Cruz Gran Reserva Ribera del Duero,2015,FALSE,4.4,116,Ribera del Duero,Ribera del Duero,71.95,1.857,Ribera Del Duero Red,5,3
Pinea,17,2018,FALSE,4.4,115,Ribera del Duero,Ribera del Duero,57.9,1.7627,Tempranillo,4,2
Vina Sastre,Pesus Ribera del Duero,2011,FALSE,4.4,114,Ribera del Duero,Ribera del Duero,465.0,2.6675,Ribera Del Duero Red,5,3
Mas Doix,Doix,2014,FALSE,4.4,114,Priorato,Priorato,116.0,2.0645,Priorat Red,4,3
Terroir Al Limit Soc. Lda,Les Tosses,2014,FALSE,4.4,113,Priorato,Priorato,158.88,2.2011,Priorat Red,4,3
Martinet,Cami Pesseroles,2007,FALSE,4.4,112,Priorato,Priorato,165.85,2.2197,Priorat Red,4,3
Artadi,La Poza de Ballesteros,2013,FALSE,4.4,112,Vino de Espana,Vino de Espana,101.01,2.0044,Tempranillo,4,2
Portal del Priorat,Clos del Portal Tros de Clos,2016,FALSE,4.4,109,Priorato,Priorato,56.95,1.7555,Priorat Red,4,3
Vina Sastre,Pago de Santa Cruz,2019,FALSE,4.4,109,Ribera del Duero,Ribera del Duero,48.69,1.6874,Ribera Del Duero Red,5,3
Bodegas Mas Alta,La Basseta,2016,FALSE,4.4,108,Priorato,Priorato,56.0,1.7482,Priorat Red,4,3
Cims de Porrera,Classic,1996,FALSE,4.4,106,Priorato,Priorato,217.2,2.3369,Priorat Red,4,3
Nin-Ortiz,Nit de Nin Mas d'en Cacador,2017,FALSE,4.4,106,Priorato,Priorato,89.9,1.9538,Priorat Red,4,3
Casa Rojo,Minami,2016,FALSE,4.4,106,Jumilla,Other,48.9,1.6893,Monastrell,5,3
La Rioja Alta,Rioja Gran Reserva 904,1982,FALSE,4.4,106,Rioja,Rioja,145.0,2.1614,Rioja Red,4,3
Alvaro Palacios,Vi de Vila Gratallops,2019,FALSE,4.4,105,Priorato,Priorato,54.5,1.7364,Priorat Red,4,3
Bodegas Naluar & Acediano,Acediano,2016,FALSE,4.4,104,Ribera del Duero,Ribera del Duero,42.0,1.6232,Ribera Del Duero Red,5,3
Gramona,Cava Celler Batlle,2009,FALSE,4.4,102,Cava,Other,59.75,1.7763,Cava,2,3
Cims de Porrera,Classic,2012,FALSE,4.4,102,Priorato,Priorato,49.95,1.6985,Priorat Red,4,3
Murua,Veguin de Murua Gran Reserva,2012,FALSE,4.4,101,Rioja,Rioja,36.0,1.5563,Rioja Red,4,3
Pago de Los Capellanes,O Luar do Sil Valdeorras Godello Sobre Lias,2020,FALSE,4.4,101,Valdeorras,Other,16.39,1.2146,NA,NA,NA
Mas Doix,Doix,2015,FALSE,4.4,100,Priorato,Priorato,95.0,1.9777,Priorat Red,4,3
Vinyes Domenech,Teixar,2015,FALSE,4.4,99,Montsant,Other,51.05,1.708,Montsant Red,4,3
Sei Solo,Tinto,2018,FALSE,4.4,99,Ribera del Duero,Ribera del Duero,52.9,1.7235,Ribera Del Duero Red,5,3
Bodegas Ximenez-Spinola,Anada Pedro Ximenez,2018,FALSE,4.4,99,Jerez-Xeres-Sherry,Jerez-Xeres-Sherry,17.5,1.243,Pedro Ximenez,5,1
Abadia Retuerta,Le Domaine Blanco de Guarda,2020,FALSE,4.4,99,Sardon de Duero,Other,33.8,1.5289,NA,NA,NA
Artadi,Vina El Pison,1999,FALSE,4.4,98,Vino de Espana,Vino de Espana,419.85,2.6231,Tempranillo,4,2
Portal del Priorat,Clos del Portal Somni,2016,FALSE,4.4,98,Priorato,Priorato,33.03,1.5189,Priorat Red,4,3
Terroir Al Limit Soc. Lda,Les Manyes,2015,FALSE,4.4,98,Priorato,Priorato,189.0,2.2765,Priorat Red,4,3
Castillo Perelada,Emporda Aires de Garbet,2017,FALSE,4.4,98,Emporda,Other,39.22,1.5935,Red,4,3
Pago de Vallegarcia,Montes de Toledo Syrah,2019,FALSE,4.4,97,Castilla,Other,19.5,1.29,Syrah,4,3
Finca Torremilanos,Torremilanos Coleccion Ribera del Duero,2014,FALSE,4.4,97,Ribera del Duero,Ribera del Duero,44.0,1.6435,Ribera Del Duero Red,5,3
Vina Sastre,Regina Vides Ribera del Duero,2010,FALSE,4.4,96,Ribera del Duero,Ribera del Duero,101.1,2.0048,Ribera Del Duero Red,5,3
Eulogio Pomares,Maceracion Con Pieles,2017,FALSE,4.4,95,Rias Baixas,Rias Baixas,36.95,1.5676,Albarino,3,3
Toro Albala,Don PX Pedro Ximenez,1986,FALSE,4.4,95,Montilla-Moriles,Other,225.0,2.3522,Pedro Ximenez,5,1
Marques de Riscal,Baron de Chirel Rioja Reserva,2003,FALSE,4.4,95,Rioja,Rioja,77.0,1.8865,Rioja Red,4,3
Casa Castillo,Pie Franco,2018,FALSE,4.4,95,Jumilla,Other,69.0,1.8388,Monastrell,5,3
Bodega Contador (Benjamin Romeo),La Cueva del Contador Rioja,2004,FALSE,4.4,94,Rioja,Rioja,90.0,1.9542,Rioja Red,4,3
Sangenis I Vaque,Clos Monlleo,2011,FALSE,4.4,94,Priorato,Priorato,50.0,1.699,Priorat Red,4,3
Allende,Calvario Rioja,2010,FALSE,4.4,92,Rioja,Rioja,125.97,2.1003,Rioja Red,4,3
Delgado Zuleta,B.Rodriguez La-Cave Quo Vadis?,,TRUE,4.4,89,Jerez Amontillado,Other,87.9,1.944,Sherry,4,3
Bodegas Mas Alta,La Solana Alta,2017,FALSE,4.4,90,Priorato,Priorato,63.46,1.8025,NA,NA,NA
Vinas del Vero,Blecua Somontano,2004,FALSE,4.4,88,Somontano,Other,69.0,1.8388,Red,4,3
Merum Priorati,El Cel,2016,FALSE,4.4,88,Priorato,Priorato,64.0,1.8062,Priorat Red,4,3
VALENCISO,Rioja Reserva 10 Anos Despues Edicion Limitada,2011,FALSE,4.4,88,Rioja,Rioja,57.9,1.7627,Rioja Red,4,3
Artadi,El Carretil,2014,FALSE,4.4,86,Vino de Espana,Vino de Espana,143.51,2.1569,Tempranillo,4,2
Mas Perinet,Perinet + Plus,2004,FALSE,4.4,85,Priorato,Priorato,54.05,1.7328,Priorat Red,4,3
Espectacle del Montsant,Tinto,2017,FALSE,4.4,85,Montsant,Other,102.0,2.0086,Montsant Red,4,3
Clos Mogador,Priorat,1999,FALSE,4.4,85,Priorato,Priorato,95.0,1.9777,Priorat Red,4,3
Luis A. Rodriguez Vazquez,Vina de Martin Escolma Ribeiro,2016,FALSE,4.4,85,Ribeiro,Ribeiro,37.65,1.5758,NA,NA,NA
Artadi,Vina El Pison,2001,FALSE,4.4,85,Vino de Espana,Vino de Espana,340.0,2.5315,Tempranillo,4,2
Carmelo Rodero,Reserva,2018,FALSE,4.4,83,Ribera del Duero,Ribera del Duero,28.9,1.4609,Ribera Del Duero Red,5,3
Alvaro Palacios,Finca Dofi,2019,FALSE,4.4,82,Priorato,Priorato,84.55,1.9271,Priorat Red,4,3
Marques de Murrieta,Castillo Ygay Gran Reserva Especial Tinto,1959,FALSE,4.4,80,Rioja,Rioja,940.0,2.9731,Rioja Red,4,3
Martinet,Cami Pesseroles,2008,FALSE,4.4,80,Priorato,Priorato,152.6,2.1836,Priorat Red,4,3
Vizcarra,Ribera del Duero Torralvo,2018,FALSE,4.4,80,Ribera del Duero,Ribera del Duero,32.45,1.5112,Ribera Del Duero Red,5,3
Chozas Carrascal,El Cabernet F - Familiar,2017,FALSE,4.4,80,Utiel-Requena,Other,34.9,1.5428,Red,4,3
Bodegas Vilano,Premium,2018,FALSE,4.4,79,Ribera del Duero,Ribera del Duero,35.0,1.5441,Ribera Del Duero Red,5,3
Pago de Vallegarcia,Hipperia Red Blend,2018,FALSE,4.4,79,Castilla,Other,24.9,1.3962,Red,4,3
Alonso del Yerro,Maria Ribera del Duero,2016,FALSE,4.4,78,Ribera del Duero,Ribera del Duero,53.9,1.7316,Ribera Del Duero Red,5,3
Emilio Moro,Vendimia Seleccionada,2019,FALSE,4.4,77,Ribera del Duero,Ribera del Duero,21.38,1.33,Ribera Del Duero Red,5,3
Artadi,Vina El Pison,2016,FALSE,4.4,77,Vino de Espana,Vino de Espana,385.0,2.5855,Tempranillo,4,2
Clos Figueras,Clos Figueres,2017,FALSE,4.4,75,Priorato,Priorato,53.4,1.7275,Priorat Red,4,3
Bodegas Monte La Reina,Castillo de Monte la Reina Cuvee Privee,2015,FALSE,4.4,75,Toro,Toro,14.65,1.1658,Toro Red,5,3
Alonso del Yerro,Maria Ribera del Duero,2015,FALSE,4.4,75,Ribera del Duero,Ribera del Duero,54.9,1.7396,Ribera Del Duero Red,5,3
Sacristia AB,Amontillado Saca,,TRUE,4.4,74,Jerez-Xeres-Sherry,Jerez-Xeres-Sherry,62.02,1.7925,Sherry,4,3
Ontanon,Queiron Reserva Vinedos Familiares,2011,FALSE,4.4,74,Rioja,Rioja,26.85,1.4289,Rioja Red,4,3
Martinet,Cami Pesseroles,2011,FALSE,4.4,74,Priorato,Priorato,126.5,2.1021,Priorat Red,4,3
Toro Albala,Don PX Gran Reserva,1990,FALSE,4.4,73,Montilla-Moriles,Other,35.9,1.5551,Pedro Ximenez,5,1
Ferrer Bobet,Seleccio Especial Vinyes Velles,2017,FALSE,4.4,73,Priorato,Priorato,64.35,1.8085,Priorat Red,4,3
Dominio de Atauta,Llanos del Almendro Ribera del Duero,2011,FALSE,4.4,73,Ribera del Duero,Ribera del Duero,115.2,2.0615,Ribera Del Duero Red,5,3
Alta Alella,Dolc Mataro,2018,FALSE,4.4,72,Alella,Other,17.95,1.2541,NA,NA,NA
Muga,Prado Enea Gran Reserva,1989,FALSE,4.4,72,Rioja,Rioja,140.0,2.1461,Rioja Red,4,3
Muga,Prado Enea Gran Reserva,1991,FALSE,4.4,72,Rioja,Rioja,167.0,2.2227,Rioja Red,4,3
Teso La Monja,Victorino,2019,FALSE,4.4,71,Toro,Toro,33.9,1.5302,Toro Red,5,3
Bodegas Roda,Roda I Reserva Rioja,2017,FALSE,4.4,71,Rioja,Rioja,45.95,1.6623,Rioja Red,4,3
Bodega Elias Mora,Toro 2V Premium,2005,FALSE,4.4,70,Toro,Toro,44.0,1.6435,Toro Red,5,3
Tridente,Rejon Tempranillo,2018,FALSE,4.4,70,Castilla y Leon,Other,31.94,1.5043,Tempranillo,4,2
Joan Simo,Les Eres Vinyes Velles,2015,FALSE,4.4,70,Priorato,Priorato,32.49,1.5117,Priorat Red,4,3
Hacienda Lopez de Haro,Gran Reserva Classica Blanco,2012,FALSE,4.4,70,Rioja,Rioja,36.75,1.5653,Rioja White,3,3
Can Axartell,The Artist,2016,FALSE,4.4,69,Mallorca,Mallorca,26.84,1.4288,Red,4,3
Juan Pinero,Amontillado 30 Years Old V.O.R.S Sherry,,TRUE,4.4,69,Jerez Amontillado,Other,36.9,1.567,Sherry,4,3
Pazo Barrantes,La Comtesse de Pazo Barrantes Albarino,2017,FALSE,4.4,69,Rias Baixas,Rias Baixas,59.95,1.7778,Albarino,3,3
Sara Perez y Rene Barbier,Gratallops Partida Bellvisos,2007,FALSE,4.4,69,Priorato,Priorato,241.4,2.3827,Priorat Red,4,3
Abadia Retuerta,Seleccion Especial,2018,FALSE,4.4,68,Sardon de Duero,Other,27.6,1.4409,Red,4,3
Abel Mendoza Monge,5V Blanco,2019,FALSE,4.4,68,Rioja,Rioja,37.98,1.5796,Rioja White,3,3
Mas Llunes,Finca Butaros Vinya Centenaria,2015,FALSE,4.4,67,Emporda,Other,32.23,1.5083,Red,4,3
Familia Torres,Grans Muralles,2016,FALSE,4.4,67,Conca de Barbera,Other,123.76,2.0926,Red,4,3
Losada,La Bienquerida,2018,FALSE,4.4,66,Bierzo,Bierzo,34.55,1.5384,Mencia,3,3
Artadi,El Carretil,2016,FALSE,4.4,66,Vino de Espana,Vino de Espana,155.0,2.1903,Tempranillo,4,2
Marques de Vargas,Seleccion Privada,2011,FALSE,4.4,65,Rioja,Rioja,68.0,1.8325,Rioja Red,4,3
Protos,Seleccion Finca el Grajo Viejo,2017,FALSE,4.4,65,Ribera del Duero,Ribera del Duero,59.9,1.7774,Ribera Del Duero Red,5,3
Bodegas Frontaura,Aponte Winemaker's Private Collection Tempranillo,2008,FALSE,4.4,66,Toro,Toro,112.0,2.0492,Tempranillo,4,2
Roig Parals,Cami de Cormes,2018,FALSE,4.4,65,Emporda,Other,14.18,1.1517,Red,4,3
Oxer Wines,Kalamity Rioja,2017,FALSE,4.4,65,Rioja,Rioja,106.0,2.0253,Rioja Red,4,3
Perinet,1194,2016,FALSE,4.4,64,Priorato,Priorato,105.8121097,2.0245,Red,4,3
Cepa 21,Malabrigo Ribera del Duero,2018,FALSE,4.4,65,Ribera del Duero,Ribera del Duero,31.5,1.4983,Ribera Del Duero Red,5,3
Romate,Old & Plus Pedro Ximenez,,TRUE,4.4,64,Jerez Pedro Ximenes (PX),Other,42.12,1.6245,Sherry,4,3
Avgvstvs,Reserva Trajanvs,2016,FALSE,4.4,64,Penedes,Other,21.5,1.3324,Red,4,3
Alvaro Palacios,Finca Dofi,1999,FALSE,4.4,64,Priorato,Priorato,75.0,1.8751,Priorat Red,4,3
Jorge Ordonez,No. 2 Victoria,2018,FALSE,4.4,64,Malaga,Other,15.9,1.2014,NA,NA,NA
Remelluri,Granja Gran Reserva Rioja,2013,FALSE,4.4,63,Rioja,Rioja,53.9,1.7316,Rioja Red,4,3
Castillo Perelada,Emporda Gran Claustro,2015,FALSE,4.4,63,Emporda,Other,30.86,1.4894,Red,4,3
Anima Negra,Son Negre,2010,FALSE,4.4,63,Mallorca,Mallorca,235.95,2.3728,Red,4,3
Vinicola Real,200 Monges Rioja Reserva,2012,FALSE,4.4,62,Rioja,Rioja,38.5,1.5855,Rioja Red,4,3
Ramon Bilbao,Lalomba Finca Valhonta,2017,FALSE,4.4,61,Rioja,Rioja,56.75,1.754,Rioja Red,4,3
Clos Mogador,Manyetes,2017,FALSE,4.4,61,Priorato,Priorato,59.9,1.7774,Priorat Red,4,3
Vina Pedrosa,Gran Reserva,2014,FALSE,4.4,60,Ribera del Duero,Ribera del Duero,122.667917,2.0887,Ribera Del Duero Red,5,3
Recaredo,Serral del Vell Brut Nature,2016,FALSE,4.4,60,Cava,Other,34.56,1.5386,Cava,2,3
Abadia Retuerta,Pago Valdebellon,2016,FALSE,4.4,60,Sardon de Duero,Other,65.9,1.8189,Cabernet Sauvignon,4,3
Gramona,Cava Celler Batlle,2011,FALSE,4.4,59,Cava,Other,59.75,1.7763,Cava,2,3
Vina Sastre,Pesus Ribera del Duero,2003,FALSE,4.4,59,Ribera del Duero,Ribera del Duero,509.25,2.7069,Ribera Del Duero Red,5,3
Terroir Al Limit Soc. Lda,Les Tosses,2013,FALSE,4.4,59,Priorato,Priorato,158.88,2.2011,Priorat Red,4,3
Leda,Guarda de Leda Seleccion Tempranillo,2015,FALSE,4.4,59,Castilla y Leon,Other,37.66,1.5759,Tempranillo,4,2
Enric Soler,Nun Vinya dels Taus,2018,FALSE,4.4,59,Penedes,Other,62.7,1.7973,NA,NA,NA
Bodegas Celler Francisco Castillo - Clos Dominic,Vinyes Altes Porrera,2016,FALSE,4.4,58,Priorato,Priorato,60.73,1.7834,Priorat Red,4,3
Es Fangar,Lo Cortinelo.Lo Blanc,2017,FALSE,4.4,58,Pla i Llevant,Other,27.25,1.4354,NA,NA,NA
Cal Batllet - Celler Ripoll Sans,5 Partides Gratallops Vi de La Vila,2014,FALSE,4.4,58,Priorato,Priorato,49.6,1.6955,Priorat Red,4,3
Llopart,Cava Ex-Vite Gran Reserva Brut,2010,FALSE,4.4,57,Cava,Other,43.5,1.6385,Cava,2,3
Vega Sicilia,Valbuena 5o,1982,FALSE,4.4,56,Ribera del Duero,Ribera del Duero,225.0,2.3522,Ribera Del Duero Red,5,3
Portia,Summa Edicion Limitada,2015,FALSE,4.4,56,Ribera del Duero,Ribera del Duero,89.97,1.9541,Ribera Del Duero Red,5,3
Bodegas Mas Alta,Cirerets,2019,FALSE,4.4,56,Priorato,Priorato,37.9,1.5786,Priorat Red,4,3
Los Aguilares,Pago El Espino,2019,FALSE,4.4,56,Sierras de Malaga,Other,18.9,1.2765,Red,4,3
La Vicalanda,Gran Reserva,2015,FALSE,4.4,55,Rioja,Rioja,53.8,1.7308,Rioja Red,4,3
Vina Pedrosa,Perez Pascuas Gran Reserva Seleccion,2015,FALSE,4.4,55,Ribera del Duero,Ribera del Duero,55.25,1.7423,Ribera Del Duero Red,5,3
Ostatu,Gloria Rioja,2011,FALSE,4.4,55,Rioja Alavesa,Other,44.9,1.6522,Rioja Red,4,3
Finca Valpiedra,Petra de Valpiedra Garnacha,2017,FALSE,4.4,55,Rioja,Rioja,32.9,1.5172,Grenache,5,3
Vina Pomal,Alto de la Caseta,2015,FALSE,4.4,54,Rioja,Rioja,82.5,1.9165,Rioja Red,4,3
Recaredo,Serral del Vell Brut Nature,2015,FALSE,4.4,54,Cava,Other,33.78,1.5287,Cava,2,3
Tridente,Rejon Tempranillo,2017,FALSE,4.4,54,Castilla y Leon,Other,34.9,1.5428,Tempranillo,4,2
Vall Llach,Mas de la Rosa,2016,FALSE,4.4,53,Priorato,Priorato,367.39,2.5651,Priorat Red,4,3
Baigorri,Rioja B70,2014,FALSE,4.4,52,Rioja,Rioja,104.5,2.0191,Rioja Red,4,3
Matarromera,Gran Reserva,2014,FALSE,4.4,52,Ribera del Duero,Ribera del Duero,74.55,1.8724,Ribera Del Duero Red,5,3
Vivaltus,Tinto,2016,FALSE,4.4,52,Ribera del Duero,Ribera del Duero,119.0,2.0755,Ribera Del Duero Red,5,3
Comenge,Don Miguel,2016,FALSE,4.4,51,Ribera del Duero,Ribera del Duero,31.9239296995019,1.5041,Ribera Del Duero Red,5,3
Collbaix Celler El Moli,Singular Negre,2015,FALSE,4.4,51,Pla de Bages,Other,27.35,1.437,Cabernet Sauvignon,4,3
Bodegas Celler Francisco Castillo - Clos Dominic,Vinyes Altes Porrera,2017,FALSE,4.4,51,Priorato,Priorato,33.0,1.5185,Priorat Red,4,3
Martinez Lacuesta,Rioja Reserva Especial,1922,FALSE,4.4,51,Rioja Alta,Other,280.0,2.4472,Rioja Red,4,3
Pujanza,Rioja Cisma,2014,FALSE,4.4,50,Rioja,Rioja,140.0,2.1461,Rioja Red,4,3
Jesus Madrazo,Seleccion Rioja,2018,FALSE,4.4,50,Rioja,Rioja,32.0,1.5051,Rioja Red,4,3
Allende,Martires Rioja,2015,FALSE,4.4,50,Rioja,Rioja,91.5,1.9614,Rioja White,3,3
Llopart,Cava Original Brut (Espumos),2010,FALSE,4.4,49,Cava,Other,52.95,1.7239,Cava,2,3
Albet i Noya,Marti Reserva Penedes,2015,FALSE,4.4,49,Penedes,Other,35.15,1.5459,Red,4,3
La Rioja Alta,Vina Ardanza Reserva Seleccion Especial,2015,FALSE,4.4,49,Rioja,Rioja,23.0,1.3617,Rioja Red,4,3
Juan Pinero,Oloroso 30 Years Old V.O.R.S,,TRUE,4.4,48,Jerez Oloroso,Other,37.9,1.5786,Sherry,4,3
Olivier Riviere,Pozo Alto,2016,FALSE,4.4,48,Rioja,Rioja,119.95,2.079,Rioja Red,4,3
Bodegas Amaren,El Cristo de Samaniego,2017,FALSE,4.4,47,Rioja Alavesa,Other,42.9,1.6325,Rioja Red,4,3
Bodegas Tierra,El Belisario,2016,FALSE,4.4,47,Rioja,Rioja,39.9,1.601,Tempranillo,4,2
Torre de Ona,Baron de Ona Rioja Reserva,1995,FALSE,4.4,46,Rioja,Rioja,50.0,1.699,Rioja Red,4,3
Clos Erasmus,Priorat,2017,FALSE,4.4,45,Priorato,Priorato,209.31,2.3208,Priorat Red,4,3
Toro Albala,Don PX Seleccion,1968,FALSE,4.4,45,Montilla-Moriles,Other,165.0,2.2175,Pedro Ximenez,5,1
Monte Real,Gran Reserva,1978,FALSE,4.4,45,Rioja,Rioja,97.0,1.9868,Rioja Red,4,3
Do Ferreiro (Bodegas Gerardo Mendez),Cepas Vellas Rias Baixas Albarino,2020,FALSE,4.4,44,Rias Baixas,Rias Baixas,26.5,1.4232,Albarino,3,3
Legaris,La Aguilera,2016,FALSE,4.4,44,Ribera del Duero,Ribera del Duero,32.5,1.5119,Ribera Del Duero Red,5,3
Bodega Contador (Benjamin Romeo),Pirata,2014,FALSE,4.4,44,Rioja,Rioja,194.0,2.2878,Rioja White,3,3
Vinas del Vero,Blecua Somontano,2014,FALSE,4.4,43,Somontano,Other,74.95,1.8748,Red,4,3
Territorio Luthier,Hispania,2018,FALSE,4.4,43,Ribera del Duero,Ribera del Duero,28.9,1.4609,Ribera Del Duero Red,5,3
Martin Codax,Arousa,2019,FALSE,4.4,44,Vino de Espana,Vino de Espana,18.99,1.2785,Albarino,3,3
Vinedos Hermanos Hernaiz,Las Cenizas Tempranillo,2018,FALSE,4.4,43,Rioja Alta,Other,19.95,1.2999,Rioja Red,4,3
Cims de Porrera,Solanes Priorat,2003,FALSE,4.4,43,Priorato,Priorato,38.66,1.5873,Priorat Red,4,3
Artadi,Grandes Anadas Rioja,1994,FALSE,4.4,43,Rioja,Rioja,180.0,2.2553,Rioja Red,4,3
Martinet,Cami Pesseroles,2017,FALSE,4.4,42,Priorato,Priorato,75.5,1.8779,Priorat Red,4,3
Freixenet,Cava Cuvee De Prestige Trepat,2019,FALSE,4.4,43,Cava,Other,7.89,0.8971,Cava,2,3
Azpilicueta,Felix Azpilicueta Coleccion Privada,2019,FALSE,4.4,41,Rioja,Rioja,18.0,1.2553,Rioja Red,4,3
Gramona,Savinat Sauvignon Blanc,2019,FALSE,4.4,41,Penedes,Other,17.9,1.2529,Sauvignon Blanc,3,3
Veronica Salgado,Capricho Crianza,2017,FALSE,4.4,41,Ribera del Duero,Ribera del Duero,15.4438025,1.1888,Ribera Del Duero Red,5,3
Vinedos Hermanos Hernaiz,Finca La Emperatriz Vinedo Singular Tinto,2017,FALSE,4.4,41,Rioja Alta,Other,33.55,1.5257,Rioja Red,4,3
Clos Galena,Galena,2017,FALSE,4.4,41,Priorato,Priorato,19.8,1.2967,Priorat Red,4,3
Imperial,Rioja Reserva,1982,FALSE,4.4,41,Rioja,Rioja,145.0,2.1614,Rioja Red,4,3
Osborne,Solera PAP Palo Cortado Rare Sherry,,TRUE,4.4,41,Jerez-Xeres-Sherry,Jerez-Xeres-Sherry,189.99,2.2787,Sherry,4,3
Bodegas Imperiales - Abadia de San Quirce,Finca Helena,2015,FALSE,4.4,40,Ribera del Duero,Ribera del Duero,59.9,1.7774,Ribera Del Duero Red,5,3
Marta Mate,Primordium,2012,FALSE,4.4,40,Ribera del Duero,Ribera del Duero,29.9,1.4757,Ribera Del Duero Red,5,3
Albet i Noya,Marti Reserva Penedes,2016,FALSE,4.4,39,Penedes,Other,33.8,1.5289,Red,4,3
Bodegas Mas Alta,La Solana Alta,2018,FALSE,4.4,39,Priorato,Priorato,43.5,1.6385,NA,NA,NA
Venta Las Vacas,La Cuartilleja Reserva,2016,FALSE,4.4,39,Ribera del Duero,Ribera del Duero,39.9,1.601,Ribera Del Duero Red,5,3
Emilio Moro,Malleolus de Sanchomartin,2018,FALSE,4.4,39,Ribera del Duero,Ribera del Duero,119.35,2.0768,Ribera Del Duero Red,5,3
Figuero,Noble,2015,FALSE,4.4,38,Ribera del Duero,Ribera del Duero,60.0,1.7782,Ribera Del Duero Red,5,3
Baigorri,De Garage Rioja,2005,FALSE,4.4,37,Rioja,Rioja,40.0,1.6021,Rioja Red,4,3
Pago Calzadilla,Gran Calzadilla,2010,FALSE,4.4,37,Pago Calzadilla,Other,34.75,1.541,Red,4,3
Vivanco,4 Varietales Coleccion Rioja,2017,FALSE,4.4,37,Rioja,Rioja,24.0,1.3802,Rioja Red,4,3
Fernandez Gao,Oloroso,,TRUE,4.4,38,Jerez-Xeres-Sherry,Jerez-Xeres-Sherry,59.9,1.7774,Sherry,4,3
Allende,Aurus,1998,FALSE,4.4,37,Rioja,Rioja,245.25,2.3896,Rioja Red,4,3
Toro Albala,Don PX Pedro Ximenez,1973,FALSE,4.4,37,Montilla-Moriles,Other,109.76,2.0404,Pedro Ximenez,5,1
Museum,Numerus Clausus,2012,FALSE,4.4,37,Cigales,Other,59.9,1.7774,Tempranillo,4,2
Pujanza,Rioja Cisma,2012,FALSE,4.4,37,Rioja,Rioja,130.5,2.1156,Rioja Red,4,3
Vinicola Real,200 Monges Rioja Seleccion Especial Reserva Blanco,2008,FALSE,4.4,36,Rioja,Rioja,61.5,1.7889,Rioja White,3,3
Toro Albala,Don PX Gran Reserva,1994,FALSE,4.4,36,Montilla-Moriles,Other,33.23,1.5215,Pedro Ximenez,5,1
Castillo Perelada,Emporda Aires de Garbet,2018,FALSE,4.4,36,Emporda,Other,38.5,1.5855,Red,4,3
Marques de Riscal,Rioja Gran Reserva,1996,FALSE,4.4,36,Rioja,Rioja,38.12,1.5812,Rioja Red,4,3
Harveys,30 Years V.O.R.S Very Old Palo Cortado Blend Medium Sherry,,TRUE,4.4,35,Jerez Palo Cortado,Other,65.0,1.8129,Sherry,4,3
Farina,Campus Gothorum,2017,FALSE,4.4,35,Toro,Toro,41.0,1.6128,Toro Red,5,3
Tinto Pesquera,Gran Reserva,2015,FALSE,4.4,35,Ribera del Duero,Ribera del Duero,74.5,1.8722,Ribera Del Duero Red,5,3
Enric Soler,Nun Vinya dels Taus,2019,FALSE,4.4,35,Penedes,Other,45.39,1.657,NA,NA,NA
Galindo San Millan,La Pizca,2016,FALSE,4.4,35,Toro,Toro,26.0,1.415,Red,4,3
Equipo Navazos,La Bota 90 de Manzanilla Pasada,,TRUE,4.4,35,Manzanilla,Other,39.75,1.5993,Sherry,4,3
Legaris,Moradillo de Roa,2017,FALSE,4.4,35,Ribera del Duero,Ribera del Duero,29.89,1.4755,Ribera Del Duero Red,5,3
Bodegas Casa Primicia,Cofradia,2014,FALSE,4.4,34,Rioja,Rioja,38.0,1.5798,Rioja Red,4,3
Pujanza,Rioja Cisma,2009,FALSE,4.4,34,Rioja,Rioja,132.4,2.1219,Rioja Red,4,3
Bodegas Celler Francisco Castillo - Clos Dominic,Vinyes Altes Porrera,2009,FALSE,4.4,34,Priorato,Priorato,69.0,1.8388,Priorat Red,4,3
Castell Miquel,Stairway To Heaven Rosado,2020,FALSE,4.4,34,Mallorca,Mallorca,13.99,1.1458,NA,NA,NA
Barco del Corneta,La Silleria,2017,FALSE,4.4,34,Castilla y Leon,Other,24.5,1.3892,NA,NA,NA
Joan d'Anguera,Planella,2020,FALSE,4.4,34,Montsant,Other,16.25,1.2109,Montsant Red,4,3
Martin Codax,Gallaecia Rias Baixes Albarino,2017,FALSE,4.4,34,Rias Baixas,Rias Baixas,39.95,1.6015,Albarino,3,3
Tinto Pesquera,Gran Reserva,1994,FALSE,4.4,34,Ribera del Duero,Ribera del Duero,138.0,2.1399,Ribera Del Duero Red,5,3
Xaloc,Monada,2013,FALSE,4.4,33,Mallorca,Mallorca,35.4,1.549,Red,4,3
Bodegas 6o Elemento - Vino Sexto Elemento,Tinto,2019,FALSE,4.4,33,Valencia,Other,20.95,1.3212,Red,4,3
Scala Dei,Heretge Priorat,2018,FALSE,4.4,33,Priorato,Priorato,39.99,1.602,Priorat Red,4,3
Terra Remota,Usted,2009,FALSE,4.4,33,Emporda,Other,159.8,2.2036,Red,4,3
Allende,Martires Rioja,2017,FALSE,4.4,33,Rioja,Rioja,139.63,2.145,Rioja White,3,3
Bodegas Frontaura,Verdejo,2017,FALSE,4.4,32,Toro,Toro,19.97,1.3004,Verdejo,3,3
Carlos Moro,Vina Garugele,2015,FALSE,4.4,32,Rioja,Rioja,75.8,1.8797,Rioja Red,4,3
Bodegas Luis Perez,Petit Verdot,2013,FALSE,4.4,32,Andalucia,Other,52.5,1.7202,Red,4,3
Ladairo,Barrica,2018,FALSE,4.4,32,Monterrei,Other,20.95,1.3212,Red,4,3
Conreria d'Scala Dei,Voltons,2017,FALSE,4.4,32,Priorato,Priorato,51.95,1.7156,Priorat Red,4,3
Castell d'Encus,Ekam Essencia,2015,FALSE,4.4,32,Costers del Segre,Costers del Segre,43.44,1.6379,NA,NA,NA
Traslascuestas,Valcavado de Traslascuestas,2014,FALSE,4.4,31,Ribera del Duero,Ribera del Duero,35.48,1.55,Ribera Del Duero Red,5,3
Tobia,Oscar Tobia Gran Reserva Rioja,2014,FALSE,4.4,31,Rioja,Rioja,28.0,1.4472,Rioja Red,4,3
Alvaro Palacios,La Baixada,2018,FALSE,4.4,31,Priorato,Priorato,239.5,2.3793,Priorat Red,4,3
Bodega Contador (Benjamin Romeo),La Cueva del Contador Rioja,2019,FALSE,4.4,31,Rioja,Rioja,60.61,1.7825,Rioja Red,4,3
Lopez Cristobal,Seleccion,2012,FALSE,4.4,31,Ribera del Duero,Ribera del Duero,35.35,1.5484,Ribera Del Duero Red,5,3
Codorniu,Cava El Tros Nou Pinot Noir,2009,FALSE,4.4,30,Cava,Other,89.9,1.9538,Cava,2,3
Clos Mogador,Manyetes,2018,FALSE,4.4,30,Priorato,Priorato,74.56,1.8725,Priorat Red,4,3
Sota els Angels,Tinto,2007,FALSE,4.4,30,Emporda,Other,33.4,1.5237,Red,4,3
Berceo,Los Dominios de Berceo Prefiloxerico,2015,FALSE,4.4,29,Rioja,Rioja,29.25,1.4661,Rioja Red,4,3
Romate,Old & Plus Amontillado,,TRUE,4.4,28,Jerez Amontillado,Other,15.84,1.1998,Sherry,4,3
Toro Albala,Don PX Convento Seleccion,1968,FALSE,4.4,28,Montilla-Moriles,Other,173.0,2.238,Pedro Ximenez,5,1
Mas Blanch I Jove,Sao Expressiu,2012,FALSE,4.4,28,Costers del Segre,Costers del Segre,34.5,1.5378,Red,4,3
Carlos Serres,Onomastica Rioja Reserva,2014,FALSE,4.4,28,Rioja,Rioja,21.88,1.34,Rioja Red,4,3
La Rioja Alta,Vina Arana Gran Reserva,2015,FALSE,4.4,28,Rioja,Rioja,27.9,1.4456,Rioja Red,4,3
Anayon,Carinena Parcela 15 Vinas Viejas,2017,FALSE,4.4,28,Carinena,Other,54.9,1.7396,Red,4,3
David Moreno,Vobiscum,2015,FALSE,4.4,28,Rioja,Rioja,31.99,1.505,Rioja Red,4,3
Vina Pedrosa,La Navilla,2017,FALSE,4.4,27,Ribera del Duero,Ribera del Duero,24.9,1.3962,Ribera Del Duero Red,5,3
Edra,Merlot - Syrah,2016,FALSE,4.4,27,Ribera del Gallego-Cinco Villas,Other,11.5,1.0607,Red,4,3
Bodega Numanthia,Termanthia,2000,FALSE,4.4,27,Toro,Toro,140.0,2.1461,Toro Red,5,3
Gutierrez de la Vega,Casta Diva Cosecha Miel Moscatel Dulce,2018,FALSE,4.4,27,Alicante,Alicante,15.5,1.1903,NA,NA,NA
Marques de Riscal,Baron de Chirel Rioja Reserva,2017,FALSE,4.4,27,Rioja,Rioja,95.0,1.9777,Rioja Red,4,3
Valdelosfrailes,Pago de Las Costanas,2005,FALSE,4.4,27,Castilla y Leon,Other,40.2,1.6042,Tempranillo,4,2
Remirez de Ganuza,Rioja Blanco,2019,FALSE,4.4,27,Rioja,Rioja,26.45,1.4224,Rioja White,3,3
Briego,Vendimia Seleccionada,2020,FALSE,4.4,27,Ribera del Duero,Ribera del Duero,7.9,0.8976,Ribera Del Duero Red,5,3
Guillem Carol - Cellers Carol Valles,Cava Gran Reserva Familiar Millenium Brut,2011,FALSE,4.4,27,Cava,Other,29.95,1.4764,Cava,2,3
Barahonda,Zona Zepa Monastrell,2015,FALSE,4.4,26,Yecla,Other,59.9,1.7774,Monastrell,5,3
Abadia Retuerta,Petit Verdot,2016,FALSE,4.4,26,Sardon de Duero,Other,115.9,2.0641,Red,4,3
Tobia,Alma Tobia Blanco,2016,FALSE,4.4,26,Rioja,Rioja,33.0,1.5185,Rioja White,3,3
Vina Pomal,Reserva,1970,FALSE,4.4,25,Rioja,Rioja,72.0,1.8573,Rioja Red,4,3
Particular,Garnacha Vinas Centenarias,2015,FALSE,4.4,25,Carinena,Other,13.95,1.1446,Grenache,5,3
Bodegas Frontonio,El Jardin de las Iguales Vinedo Historico Garnacha,2016,FALSE,4.4,25,Aragon,Other,195.99,2.2922,Grenache,5,3
Bodegas Asenjo & Manso,Silvanus Edicion Limitada Ribera del Duero,2015,FALSE,4.4,25,Ribera del Duero,Ribera del Duero,46.0,1.6628,Ribera Del Duero Red,5,3
La Rioja Alta,Vina Ardanza Reserva,2009,FALSE,4.3,10273,Rioja,Rioja,24.38,1.387,Rioja Red,4,3
La Rioja Alta,Vina Ardanza Reserva,2012,FALSE,4.3,9092,Rioja,Rioja,20.0,1.301,Rioja Red,4,3
Familia Torres,San Valentin Parellada,2019,FALSE,4.3,7401,Cataluna,Other,6.95,0.842,NA,NA,NA
Abadia Retuerta,Seleccion Especial,2016,FALSE,4.3,7293,Sardon de Duero,Other,17.48,1.2425,Red,4,3
R. Lopez de Heredia,Vina Tondonia Reserva,2008,FALSE,4.3,6521,Rioja,Rioja,37.9,1.5786,Rioja Red,4,3
Pintia,Toro,2010,FALSE,4.3,6345,Toro,Toro,79.75,1.9017,Toro Red,5,3
Abadia Retuerta,Seleccion Especial,2015,FALSE,4.3,5152,Sardon de Duero,Other,24.95,1.3971,Red,4,3
La Rioja Alta,Rioja Gran Reserva 904,2004,FALSE,4.3,4994,Rioja,Rioja,29.9,1.4757,Rioja Red,4,3
Dominio de Pingus,PSI,2018,FALSE,4.3,4767,Ribera del Duero,Ribera del Duero,29.13,1.4643,Ribera Del Duero Red,5,3
Dominio de Pingus,PSI,2017,FALSE,4.3,4457,Ribera del Duero,Ribera del Duero,33.9,1.5302,Ribera Del Duero Red,5,3
Muga,Seleccion Especial (Reserva),2015,FALSE,4.3,4266,Rioja,Rioja,28.0,1.4472,Rioja Red,4,3
Pago de Carraovejas,Tinto,2012,FALSE,4.3,4023,Ribera del Duero,Ribera del Duero,25.8,1.4116,Ribera Del Duero Red,NA,NA
Emilio Moro,Malleolus,2016,FALSE,4.3,3997,Ribera del Duero,Ribera del Duero,37.86,1.5782,Ribera Del Duero Red,NA,NA
Muga,Seleccion Especial (Reserva),2014,FALSE,4.3,3829,Rioja,Rioja,34.0,1.5315,Rioja Red,NA,NA
Matarromera,Ribera del Duero Reserva,2014,FALSE,4.3,3660,Ribera del Duero,Ribera del Duero,33.64,1.5269,Ribera Del Duero Red,NA,NA
Matarromera,Ribera del Duero Reserva,2015,FALSE,4.3,3620,Ribera del Duero,Ribera del Duero,36.35,1.5605,Ribera Del Duero Red,NA,NA
Muga,Prado Enea Gran Reserva,2006,FALSE,4.3,3608,Rioja,Rioja,35.5,1.5502,Rioja Red,NA,NA
Bodegas Mauro,Red,2017,FALSE,4.3,3587,Castilla y Leon,Other,66.75,1.8245,Red,NA,NA
Arzuaga,Ribera del Duero Crianza,2018,FALSE,4.3,3524,Ribera del Duero,Ribera del Duero,19.01,1.279,Ribera Del Duero Red,NA,NA
Hacienda Monasterio,Cosecha,2014,FALSE,4.3,2990,Ribera del Duero,Ribera del Duero,75.9,1.8802,Ribera Del Duero Red,NA,NA
Emilio Moro,Malleolus,2017,FALSE,4.3,2936,Ribera del Duero,Ribera del Duero,38.05,1.5804,Ribera Del Duero Red,NA,NA
Muga,Prado Enea Gran Reserva,2009,FALSE,4.3,2923,Rioja,Rioja,40.4,1.6064,Rioja Red,NA,NA
Familia Torres,Mas La Plana Cabernet Sauvignon,2013,FALSE,4.3,2911,Penedes,Other,63.33,1.8016,Cabernet Sauvignon,NA,NA
Aalto,Tinto,2012,FALSE,4.3,2844,Ribera del Duero,Ribera del Duero,26.9,1.4298,Ribera Del Duero Red,NA,NA
Hacienda Monasterio,Cosecha,2015,FALSE,4.3,2783,Ribera del Duero,Ribera del Duero,34.95,1.5434,Ribera Del Duero Red,NA,NA
Pago de Los Capellanes,Crianza Tinto,2018,FALSE,4.3,2705,Ribera del Duero,Ribera del Duero,24.5,1.3892,Ribera Del Duero Red,NA,NA
Pintia,Toro,2007,FALSE,4.3,2575,Toro,Toro,93.5,1.9708,Toro Red,NA,NA
Bodega Numanthia,Numanthia,2012,FALSE,4.3,2453,Toro,Toro,99.9,1.9996,Toro Red,NA,NA
R. Lopez de Heredia,Vina Tondonia Reserva,2009,FALSE,4.3,2423,Rioja,Rioja,35.09,1.5452,Rioja Red,NA,NA
Benjamin de Rothschild - Vega Sicilia,Macan Clasico,2014,FALSE,4.3,2341,Rioja,Rioja,36.8,1.5658,Rioja Red,NA,NA
Pago de Los Capellanes,Reserva Tinto,2015,FALSE,4.3,2295,Ribera del Duero,Ribera del Duero,80.35,1.905,Ribera Del Duero Red,NA,NA
Bodega Numanthia,Numanthia,2014,FALSE,4.3,2241,Toro,Toro,46.0,1.6628,Toro Red,NA,NA
Benjamin de Rothschild - Vega Sicilia,Macan Clasico,2015,FALSE,4.3,2241,Rioja,Rioja,50.41,1.7025,Rioja Red,NA,NA
Pintia,Toro,2009,FALSE,4.3,2062,Toro,Toro,150.0,2.1761,Toro Red,NA,NA
Matsu,El Viejo,2016,FALSE,4.3,2013,Toro,Toro,33.95,1.5308,Toro Red,NA,NA
Pago de Los Capellanes,Reserva Tinto,2014,FALSE,4.3,1924,Ribera del Duero,Ribera del Duero,48.6377226796774,1.687,Ribera Del Duero Red,NA,NA
Tomas Postigo,3er Ano Ribera del Duero Tinto,2016,FALSE,4.3,1914,Ribera del Duero,Ribera del Duero,27.29,1.436,Ribera Del Duero Red,5,3
Aalto,Tinto,2016,FALSE,4.3,1884,Ribera del Duero,Ribera del Duero,65.9,1.8189,Ribera Del Duero Red,5,3
Bodegas San Roman,Tinto,2015,FALSE,4.3,1846,Toro,Toro,33.66,1.5271,Toro Red,5,3
Bodegas San Roman,Tinto,2012,FALSE,4.3,1824,Toro,Toro,190.0,2.2788,Toro Red,5,3
Familia Torres,Mas La Plana Cabernet Sauvignon,2015,FALSE,4.3,1797,Penedes,Other,55.0,1.7404,Cabernet Sauvignon,4,3
Bodegas San Roman,Tinto,2016,FALSE,4.3,1749,Toro,Toro,26.9,1.4298,Toro Red,5,3
Bodega Numanthia,Numanthia,2015,FALSE,4.3,1743,Toro,Toro,36.9,1.567,Toro Red,5,3
Bodegas Valduero,Ribera del Duero Una Cepa I,2015,FALSE,4.3,1645,Ribera del Duero,Ribera del Duero,25.95,1.4141,Ribera Del Duero Red,5,3
Pago de Los Capellanes,Reserva Tinto,2016,FALSE,4.3,1638,Ribera del Duero,Ribera del Duero,34.5,1.5378,Ribera Del Duero Red,5,3
Imperial,Rioja Gran Reserva,2012,FALSE,4.3,1615,Rioja,Rioja,47.9,1.6803,Rioja Red,4,3
Alto Moncayo,Garnacha,2014,FALSE,4.3,1544,Campo de Borja,Other,36.94,1.5675,Grenache,5,3
La Rioja Alta,Rioja Gran Reserva 904,1998,FALSE,4.3,1528,Rioja,Rioja,75.0,1.8751,Rioja Red,4,3
La Rioja Alta,Vina Arana Gran Reserva,2014,FALSE,4.3,1525,Rioja,Rioja,24.9,1.3962,Rioja Red,4,3
Remirez de Ganuza,Rioja Reserva,2006,FALSE,4.3,1493,Rioja,Rioja,58.0,1.7634,Rioja Red,4,3
La Rioja Alta,Vina Arana Gran Reserva,2012,FALSE,4.3,1471,Rioja,Rioja,32.55,1.5126,Rioja Red,4,3
Bosque de Matasnos,Bosque de Matasnos Etiqueta Blanca,2018,FALSE,4.3,1465,Ribera del Duero,Ribera del Duero,26.9,1.4298,Ribera Del Duero Red,5,3
Gonzalez-Byass,Matusalem Sherry VORS,,TRUE,4.3,1452,Jerez Oloroso,Other,63.34,1.8017,Sherry,4,3
Marques de Vargas,Reserva Privada Rioja,2014,FALSE,4.3,1367,Rioja,Rioja,37.9,1.5786,Rioja Red,4,3
Bodegas Valduero,Ribera del Duero Una Cepa I,2014,FALSE,4.3,1362,Ribera del Duero,Ribera del Duero,46.95,1.6716,Ribera Del Duero Red,5,3
Bodegas Roda,Roda I Reserva Rioja,2008,FALSE,4.3,1330,Rioja,Rioja,39.22,1.5935,Rioja Red,4,3
Luis Canas,Reserva Seleccion de la Familia,2016,FALSE,4.3,1282,Rioja,Rioja,18.5,1.2672,Rioja Red,4,3
Gonzalez-Byass,Apostoles 30 Years Old Sherry,,TRUE,4.3,1247,Jerez Palo Cortado,Other,74.0,1.8692,Sherry,4,3
Vinicola Real,200 Monges Rioja Reserva,2010,FALSE,4.3,1230,Rioja,Rioja,35.0,1.5441,Rioja Red,4,3
Tinto Pesquera,Reserva,2016,FALSE,4.3,1230,Ribera del Duero,Ribera del Duero,26.7597646010531,1.4275,Ribera Del Duero Red,5,3
Belondrade,Belondrade y Lurton,2015,FALSE,4.3,1230,Rueda,Other,32.7,1.5145,Verdejo,3,3
Ossian,Vinas Viejas Verdejo,2016,FALSE,4.3,1181,Castilla y Leon,Other,49.0,1.6902,Verdejo,3,3
Teso La Monja,Victorino,2014,FALSE,4.3,1178,Toro,Toro,38.0,1.5798,Toro Red,5,3
Garmon,Ribera del Duero,2016,FALSE,4.3,1119,Ribera del Duero,Ribera del Duero,33.59,1.5262,Ribera Del Duero Red,5,3
Marques de Murrieta,Gran Reserva Rioja (Finca Ygay),2011,FALSE,4.3,1118,Rioja,Rioja,94.95,1.9775,Rioja Red,4,3
Marques de Caceres,Gaudium,2012,FALSE,4.3,1116,Rioja,Rioja,36.91,1.5671,Rioja Red,4,3
Volver,Triga,2014,FALSE,4.3,1114,Alicante,Alicante,30.67,1.4867,Red,4,3
Vinedos de Paganos,El Puntido,2014,FALSE,4.3,1067,Rioja,Rioja,86.15,1.9353,Rioja Red,4,3
Williams & Humbert,Don Guido Pedro Ximenez Solera Especial Aged 20 Years,,TRUE,4.3,1057,Jerez-Xeres-Sherry,Jerez-Xeres-Sherry,32.9,1.5172,Pedro Ximenez,5,1
Luis Canas,Reserva Seleccion de la Familia,2014,FALSE,4.3,1022,Rioja,Rioja,17.07,1.2322,Rioja Red,4,3
Pago de Los Capellanes,Crianza Tinto,2019,FALSE,4.3,1011,Ribera del Duero,Ribera del Duero,19.45,1.2889,Ribera Del Duero Red,5,3
Marques de Riscal,Rioja Gran Reserva,2013,FALSE,4.3,995,Rioja,Rioja,39.9,1.601,Rioja Red,4,3
Tresmano - Tr3smano,Vendimia,2016,FALSE,4.3,930,Ribera del Duero,Ribera del Duero,28.65,1.4571,Ribera Del Duero Red,5,3
Vinedos de Paganos,El Puntido,2015,FALSE,4.3,929,Rioja,Rioja,33.82,1.5292,Rioja Red,4,3
Marques de Murrieta,Dalmau Rioja,2012,FALSE,4.3,916,Rioja,Rioja,67.95,1.8322,Rioja Red,4,3
Marques de Murrieta,Dalmau Rioja,2013,FALSE,4.3,912,Rioja,Rioja,60.95,1.785,Rioja Red,4,3
Marques de Vargas,Gran Reserva Rioja,2011,FALSE,4.3,901,Rioja,Rioja,35.01,1.5442,Rioja Red,4,3
Muga,Torre Muga,2011,FALSE,4.3,900,Rioja,Rioja,69.95,1.8448,Rioja Red,4,3
Ossian,Vinas Viejas Verdejo,2018,FALSE,4.3,885,Castilla y Leon,Other,28.18,1.4499,Verdejo,3,3
Teso La Monja,Victorino,2013,FALSE,4.3,878,Toro,Toro,34.22,1.5343,Toro Red,5,3
Imperial,Rioja Gran Reserva,2014,FALSE,4.3,835,Rioja,Rioja,49.75,1.6968,Rioja Red,4,3
Ferrer Bobet,Priorat Vinyes Velles,2016,FALSE,4.3,828,Priorato,Priorato,33.95,1.5308,Priorat Red,4,3
La Vicalanda,Reserva,2014,FALSE,4.3,818,Rioja,Rioja,21.5,1.3324,Rioja Red,4,3
Alvaro Palacios,Finca Dofi,2012,FALSE,4.3,814,Priorato,Priorato,80.0,1.9031,Priorat Red,4,3
Senorio de San Vicente,San Vicente Rioja,2014,FALSE,4.3,811,Rioja,Rioja,36.0,1.5563,Rioja Red,4,3
Imperial,Rioja Reserva,2017,FALSE,4.3,799,Rioja,Rioja,25.45,1.4057,Rioja Red,4,3
La Rioja Alta,Vina Ardanza Reserva,2010,FALSE,4.3,783,Rioja,Rioja,17.16,1.2345,Rioja Red,4,3
Pintia,Toro,2004,FALSE,4.3,760,Toro,Toro,116.9,2.0678,Toro Red,5,3
Vinicola Real,200 Monges Rioja Reserva,2009,FALSE,4.3,760,Rioja,Rioja,39.5,1.5966,Rioja Red,4,3
Vinedos de Paganos,El Puntido Gran Reserva,2006,FALSE,4.3,754,Rioja,Rioja,40.0,1.6021,Rioja Red,4,3
Marques de Murrieta,Gran Reserva Rioja (Finca Ygay),2012,FALSE,4.3,749,Rioja,Rioja,39.78,1.5997,Rioja Red,4,3
Anima Negra,An,2017,FALSE,4.3,740,Mallorca,Mallorca,39.98,1.6018,Red,4,3
Muga,Torre Muga,2014,FALSE,4.3,728,Rioja,Rioja,69.9,1.8445,Rioja Red,4,3
Senorio de San Vicente,San Vicente Rioja,2007,FALSE,4.3,724,Rioja,Rioja,77.7,1.8904,Rioja Red,4,3
Clos Mogador,Priorat,2009,FALSE,4.3,723,Priorato,Priorato,95.0,1.9777,Priorat Red,4,3
Bodegas Vilano,La Baraja,2016,FALSE,4.3,716,Ribera del Duero,Ribera del Duero,24.9,1.3962,Ribera Del Duero Red,5,3
Bodegas San Roman,Tinto,2018,FALSE,4.3,693,Toro,Toro,25.9,1.4133,Toro Red,5,3
Castillo Perelada,Finca Malaveina,2017,FALSE,4.3,687,Emporda,Other,22.5,1.3522,Red,4,3
Marques de Murrieta,Gran Reserva Rioja (Finca Ygay),2014,FALSE,4.3,685,Rioja,Rioja,50.0,1.699,Rioja Red,4,3
Remelluri,Granja Gran Reserva Rioja,2009,FALSE,4.3,682,Rioja,Rioja,57.8,1.7619,Rioja Red,4,3
Marques de Riscal,Reserva XR,2016,FALSE,4.3,676,Rioja,Rioja,21.24,1.3272,Rioja Red,4,3
Condado de Haza,Alenza Ribera del Duero Gran Reserva,2006,FALSE,4.3,675,Ribera del Duero,Ribera del Duero,70.0,1.8451,Ribera Del Duero Red,5,3
Enate,Chardonnay Fermentado en Barrica,2019,FALSE,4.3,674,Somontano,Other,15.75,1.1973,Chardonnay,4,3
Ordonez,Vatan Tinta de Toro,2016,FALSE,4.3,665,Toro,Toro,26.0,1.415,Toro Red,5,3
Lan,A Mano Rioja,2016,FALSE,4.3,663,Rioja,Rioja,25.8208254922442,1.412,Rioja Red,4,3
Marques de Riscal,Baron de Chirel Rioja Reserva,2014,FALSE,4.3,661,Rioja,Rioja,62.95,1.799,Rioja Red,4,3
Volver,Alicante Bouschet by Tarima,2017,FALSE,4.3,658,Alicante,Alicante,17.15,1.2343,Red,4,3
Arzuaga,Reserva Ribera del Duero,2014,FALSE,4.3,641,Ribera del Duero,Ribera del Duero,33.9,1.5302,Ribera Del Duero Red,5,3
Alvaro Palacios,Finca Dofi,2011,FALSE,4.3,613,Priorato,Priorato,80.0,1.9031,Priorat Red,4,3
Alvaro Palacios,Finca Dofi,2013,FALSE,4.3,605,Priorato,Priorato,80.0,1.9031,Priorat Red,4,3
Enate,Chardonnay Fermentado en Barrica,2018,FALSE,4.3,603,Somontano,Other,16.9,1.2279,Chardonnay,4,3
Garmon,Ribera del Duero,2017,FALSE,4.3,598,Ribera del Duero,Ribera del Duero,40.92,1.6119,Ribera Del Duero Red,5,3
Clos Mogador,Priorat,2008,FALSE,4.3,592,Priorato,Priorato,95.0,1.9777,Priorat Red,4,3
Bodegas Tradicion,Oloroso Tradicion Vors 30 Years,,TRUE,4.3,590,Jerez Oloroso,Other,58.9,1.7701,Sherry,4,3
Pazo Senorans,Seleccion de Anada Albarino Rias Baixas,2011,FALSE,4.3,582,Rias Baixas,Rias Baixas,30.887605,1.4898,Albarino,3,3
Carmelo Rodero,Ribera del Duero TSM,2019,FALSE,4.3,577,Ribera del Duero,Ribera del Duero,67.5,1.8293,Ribera Del Duero Red,5,3
Abadia Retuerta,Pago Valdebellon,2015,FALSE,4.3,569,Sardon de Duero,Other,67.45,1.829,Cabernet Sauvignon,4,3
Figuero,Vinas Viejas,2016,FALSE,4.3,567,Ribera del Duero,Ribera del Duero,16.5,1.2175,Ribera Del Duero Red,5,3
Lan,A Mano Rioja,2012,FALSE,4.3,559,Rioja,Rioja,30.71,1.4873,Rioja Red,4,3
Dominio de Atauta,Dominio de Atauta,2017,FALSE,4.3,556,Ribera del Duero,Ribera del Duero,25.25,1.4023,Ribera Del Duero Red,5,3
Protos,Gran Reserva,2014,FALSE,4.3,553,Ribera del Duero,Ribera del Duero,41.95,1.6227,Ribera Del Duero Red,5,3
Dominio de Cair,Tierras de Cair Reserva,2012,FALSE,4.3,535,Ribera del Duero,Ribera del Duero,38.3,1.5832,Ribera Del Duero Red,5,3
Carmelo Rodero,Crianza,2019,FALSE,4.3,533,Ribera del Duero,Ribera del Duero,19.95,1.2999,Ribera Del Duero Red,5,3
Protos,Seleccion Finca el Grajo Viejo,2014,FALSE,4.3,530,Ribera del Duero,Ribera del Duero,59.87,1.7772,Ribera Del Duero Red,5,3
Familia Torres,Perpetual,2016,FALSE,4.3,530,Priorato,Priorato,63.5,1.8028,Priorat Red,4,3
Clos Erasmus,Laurel,2017,FALSE,4.3,527,Priorato,Priorato,46.88,1.671,Priorat Red,4,3
Clos Mogador,Priorat,2006,FALSE,4.3,527,Priorato,Priorato,95.0,1.9777,Priorat Red,4,3
Alvaro Palacios,Finca Dofi,2017,FALSE,4.3,522,Priorato,Priorato,99.9,1.9996,Priorat Red,4,3
Teso La Monja,Victorino,2011,FALSE,4.3,517,Toro,Toro,47.01,1.6722,Toro Red,5,3
Dominio de Cair,Seleccion La Aguilera,2016,FALSE,4.3,511,Ribera del Duero,Ribera del Duero,15.9,1.2014,Ribera Del Duero Red,5,3
Torre de Ona,Finca Martelo,2015,FALSE,4.3,512,Rioja,Rioja,21.15,1.3253,Rioja Red,4,3
Ferrer Bobet,Priorat Vinyes Velles,2011,FALSE,4.3,501,Priorato,Priorato,49.9,1.6981,Priorat Red,4,3
Remirez de Ganuza,Rioja Blanco,2018,FALSE,4.3,495,Rioja,Rioja,23.83,1.3771,Rioja White,3,3
Lustau,Pedro Ximenez Murillo Seleccion del Centenario,,TRUE,4.3,481,Jerez-Xeres-Sherry,Jerez-Xeres-Sherry,40.0,1.6021,Pedro Ximenez,5,1
Vinedos de Paganos,El Puntido,2016,FALSE,4.3,474,Rioja,Rioja,33.0,1.5185,Rioja Red,4,3
Abadia Retuerta,Pago Negralada,2015,FALSE,4.3,474,Sardon de Duero,Other,67.82,1.8314,Tempranillo,4,2
Ramon Bilbao,Mirto,2014,FALSE,4.3,473,Rioja,Rioja,48.34,1.6843,Rioja Red,4,3
Muga,Torre Muga,2005,FALSE,4.3,468,Rioja,Rioja,99.9,1.9996,Rioja Red,4,3
Alvaro Palacios,Vi de Vila Gratallops,2017,FALSE,4.3,463,Priorato,Priorato,54.9,1.7396,Priorat Red,4,3
Martinet,Clos Martinet,2005,FALSE,4.3,461,Priorato,Priorato,116.05,2.0646,Priorat Red,4,3
Alvaro Palacios,Vi de Vila Gratallops,2016,FALSE,4.3,461,Priorato,Priorato,48.75,1.688,Priorat Red,4,3
Alion,Ribera del Duero,2000,FALSE,4.3,456,Ribera del Duero,Ribera del Duero,98.0,1.9912,Ribera Del Duero Red,5,3
Bodegas Faustino,I Gran Reserva,1964,FALSE,4.3,454,Rioja,Rioja,272.0,2.4346,Rioja Red,4,3
Contino,Rioja Gran Reserva,2015,FALSE,4.3,453,Rioja,Rioja,40.45,1.6069,Rioja Red,4,3
Bodegas Roda,Roda Reserva Rioja,2004,FALSE,4.3,452,Rioja,Rioja,81.35,1.9104,Rioja Red,4,3
Bodegas Faustino,I Gran Reserva,1970,FALSE,4.3,449,Rioja,Rioja,206.91,2.3158,Rioja Red,4,3
Ossian,Vinas Viejas Verdejo,2017,FALSE,4.3,449,Castilla y Leon,Other,42.0,1.6232,Verdejo,3,3
Monte Real,Gran Reserva,1998,FALSE,4.3,445,Rioja,Rioja,34.9,1.5428,Rioja Red,4,3
Hacienda Monasterio,Reserva,2013,FALSE,4.3,431,Ribera del Duero,Ribera del Duero,53.95,1.732,Ribera Del Duero Red,5,3
Remirez de Ganuza,Rioja Vina Coqueta,2008,FALSE,4.3,429,Rioja,Rioja,56.7603202298046,1.754,Rioja Red,4,3
Protos,Seleccion Finca el Grajo Viejo,2010,FALSE,4.3,427,Ribera del Duero,Ribera del Duero,62.74,1.7975,Ribera Del Duero Red,5,3
St. Petroni,Vermello Vermu,,TRUE,4.3,424,Galicia,Other,10.89,1.037,NA,NA,NA
Pintia,Toro,2003,FALSE,4.3,422,Toro,Toro,107.0,2.0294,Toro Red,5,3
Marques de Murrieta,Capellania Reserva,2016,FALSE,4.3,422,Rioja,Rioja,32.33,1.5096,Rioja White,3,3
Llanos Negros,Los Tabaqueros,2006,FALSE,4.3,419,La Palma,Other,21.95,1.3414,NA,NA,NA
Finca Torremilanos,Torre Albeniz Reserva Ribera del Duero,2016,FALSE,4.3,419,Ribera del Duero,Ribera del Duero,28.85,1.4601,Ribera Del Duero Red,5,3
Marques de Murrieta,Castillo Ygay Gran Reserva Especial Tinto,1998,FALSE,4.3,418,Rioja,Rioja,160.0,2.2041,Rioja Red,4,3
Aster,Finca El Otero,2016,FALSE,4.3,411,Ribera del Duero,Ribera del Duero,26.9,1.4298,Ribera Del Duero Red,5,3
Comenge,Familia Comenge Reserva,2016,FALSE,4.3,410,Ribera del Duero,Ribera del Duero,21.3,1.3284,Ribera Del Duero Red,5,3
Marques de Murrieta,Gran Reserva Rioja (Finca Ygay),2013,FALSE,4.3,405,Rioja,Rioja,42.0,1.6232,Rioja Red,4,3
Bodegas Valduero,Tierra Alta de 2 Cotas Reserva,2014,FALSE,4.3,407,Ribera del Duero,Ribera del Duero,30.5,1.4843,Ribera Del Duero Red,5,3
Marques de Murrieta,Castillo Ygay Gran Reserva Especial Tinto,1989,FALSE,4.3,404,Rioja,Rioja,160.0,2.2041,Rioja Red,4,3
Bodegas Aragonesas,Fagus de Coto de Hayas Garnacha,2017,FALSE,4.3,398,Aragon,Other,21.02,1.3226,Grenache,5,3
Mustiguillo,Finca Terrerazo,2018,FALSE,4.3,397,El Terrerazo,El Terrerazo,22.8,1.3579,Red,4,3
Clos Erasmus,Laurel,2018,FALSE,4.3,397,Priorato,Priorato,36.57,1.5631,Priorat Red,4,3
Alvaro Palacios,Finca Dofi,2009,FALSE,4.3,384,Priorato,Priorato,85.0,1.9294,Priorat Red,4,3
Avancia,Godello,2019,FALSE,4.3,375,Valdeorras,Other,23.4,1.3692,NA,NA,NA
Clos Mogador,Priorat,2005,FALSE,4.3,375,Priorato,Priorato,110.0,2.0414,Priorat Red,4,3
Cepa 21,Malabrigo Ribera del Duero,2015,FALSE,4.3,374,Ribera del Duero,Ribera del Duero,53.5,1.7284,Ribera Del Duero Red,5,3
Vinedos de Paganos,El Puntido,2017,FALSE,4.3,371,Rioja,Rioja,35.95,1.5557,Rioja Red,4,3
Morca,Godina Garnacha,2019,FALSE,4.3,370,Campo de Borja,Other,16.25,1.2109,Grenache,5,3
Vina Pedrosa,Perez Pascuas Gran Reserva Seleccion,2011,FALSE,4.3,370,Ribera del Duero,Ribera del Duero,498.614195,2.6978,Ribera Del Duero Red,5,3
Marques de Tomares,Rioja Gran Reserva,2010,FALSE,4.3,368,Rioja,Rioja,25.95,1.4141,Red,4,3
Sierra Cantabria,Coleccion Privada,2017,FALSE,4.3,366,Rioja,Rioja,29.0132184621944,1.4626,Rioja Red,4,3
Vall Llach,Porrera Vi de Vila,2012,FALSE,4.3,364,Priorato,Priorato,40.5,1.6075,Priorat Red,4,3
Quinta Sardonia,QS,2014,FALSE,4.3,358,Castilla y Leon,Other,35.85,1.5545,Red,4,3
Comenge,Don Miguel Comenge Reserva,2011,FALSE,4.3,355,Ribera del Duero,Ribera del Duero,38.4,1.5843,Ribera Del Duero Red,5,3
Abadal,3.9,2017,FALSE,4.3,345,Pla de Bages,Other,20.65,1.3149,Red,4,3
Bodega Numanthia,Numanthia,2016,FALSE,4.3,345,Toro,Toro,39.53,1.5969,Toro Red,5,3
Pago de Vallegarcia,Montes de Toledo Syrah,2018,FALSE,4.3,344,Castilla,Other,25.31,1.4033,Syrah,4,3
Alvaro Palacios,Vi de Vila Gratallops,2018,FALSE,4.3,344,Priorato,Priorato,53.95,1.732,Priorat Red,4,3
Hermanos Pecina,Finca Iscorta Gran Reserva,2010,FALSE,4.3,334,Rioja,Rioja,27.0,1.4314,Rioja Red,4,3
Abadia Retuerta,Le Domaine Blanco de Guarda,2016,FALSE,4.3,327,Sardon de Duero,Other,36.95,1.5676,NA,NA,NA
Biniagual,Finca Biniagual Veran,2017,FALSE,4.3,322,Binissalem-Mallorca,Other,26.5,1.4232,Red,4,3
Breca,Brega Garnacha,2017,FALSE,4.3,317,Calatayud,Other,27.9,1.4456,Grenache,5,3
Pintia,Toro,2001,FALSE,4.3,315,Toro,Toro,189.45,2.2775,Toro Red,5,3
Bodega Contador (Benjamin Romeo),La Cueva del Contador Rioja,2010,FALSE,4.3,312,Rioja,Rioja,90.0,1.9542,Rioja Red,NA,NA
Abadia Retuerta,Le Domaine Blanco de Guarda,2018,FALSE,4.3,309,Sardon de Duero,Other,34.1,1.5328,NA,NA,NA
Pradorey,Elite,2017,FALSE,4.3,301,Ribera del Duero,Ribera del Duero,35.51,1.5504,Ribera Del Duero Red,NA,NA
Terras Gauda,La Mar,2018,FALSE,4.3,301,Rias Baixas,Rias Baixas,27.7,1.4425,Albarino,NA,NA
Abadia Retuerta,Pago Garduna,2015,FALSE,4.3,299,Castilla y Leon,Other,75.0,1.8751,Syrah,NA,NA
Bodegas Faustino,I Gran Reserva,1982,FALSE,4.3,298,Rioja,Rioja,425.0,2.6284,Rioja Red,NA,NA
Teso La Monja,Victorino,2018,FALSE,4.3,298,Toro,Toro,35.51,1.5504,Toro Red,NA,NA
Ramon Bilbao,Mirto,2015,FALSE,4.3,297,Rioja,Rioja,33.9,1.5302,Rioja Red,NA,NA
Marques de Riscal,Rioja Reserva,1994,FALSE,4.3,296,Rioja,Rioja,65.0,1.8129,Rioja Red,NA,NA
Antidoto,La Hormiga de Antidoto,2018,FALSE,4.3,293,Ribera del Duero,Ribera del Duero,45.0,1.6532,Ribera Del Duero Red,NA,NA
Alvaro Palacios,Finca Dofi,2018,FALSE,4.3,292,Priorato,Priorato,84.9,1.9289,Priorat Red,NA,NA
Jaro,Chafandin,2015,FALSE,4.3,290,Ribera del Duero,Ribera del Duero,27.85,1.4448,Ribera Del Duero Red,NA,NA
Pago de Los Capellanes,Reserva Tinto,2018,FALSE,4.3,287,Ribera del Duero,Ribera del Duero,30.99,1.4912,Ribera Del Duero Red,NA,NA
Clos Mogador,Nelin Priorat,2016,FALSE,4.3,290,Priorato,Priorato,36.5,1.5623,NA,NA,NA
Bodega Tesalia,Arcos de la Frontera,2017,FALSE,4.3,284,Andalucia,Other,25.9,1.4133,Red,NA,NA
Pazo de Rubianes,Albarino,2020,FALSE,4.3,281,Rias Baixas,Rias Baixas,13.75,1.1383,Albarino,NA,NA
Allende,Calvario Rioja,2006,FALSE,4.3,279,Rioja,Rioja,53.35,1.7271,Rioja Red,NA,NA
Mas d'en Gil,Clos Fonta Priorat,2014,FALSE,4.3,278,Priorato,Priorato,54.5,1.7364,Priorat Red,NA,NA
Bodega Contador (Benjamin Romeo),La Cueva del Contador Rioja,2014,FALSE,4.3,275,Rioja,Rioja,90.15,1.955,Rioja Red,NA,NA
Godeval,Cepas Vellas Godello,2019,FALSE,4.3,272,Valdeorras,Other,18.48,1.2667,NA,NA,NA
Contino,Vina del Olivo,2007,FALSE,4.3,272,Rioja,Rioja,92.0,1.9638,Rioja Red,NA,NA
Dominio del Bendito,Las Sabias,2017,FALSE,4.3,270,Toro,Toro,22.55,1.3531,Toro Red,NA,NA
Clos Galena,Galena,2016,FALSE,4.3,264,Priorato,Priorato,17.95,1.2541,Priorat Red,NA,NA
Alvaro Palacios,Finca Dofi,2010,FALSE,4.3,263,Priorato,Priorato,85.0,1.9294,Priorat Red,NA,NA
Bosque de Matasnos,Bosque de Matasnos Etiqueta Blanca,2019,FALSE,4.3,260,Ribera del Duero,Ribera del Duero,26.9,1.4298,Ribera Del Duero Red,NA,NA
Contino,Vina del Olivo,2011,FALSE,4.3,260,Rioja,Rioja,63.95,1.8058,Rioja Red,4,3
Bodegas Olarra,Cerro Anon Rioja Gran Reserva,2015,FALSE,4.3,258,Rioja,Rioja,12.9,1.1106,Rioja Red,4,3
Castell d'Encus,Ekam,2019,FALSE,4.3,257,Costers del Segre,Costers del Segre,24.61,1.3911,NA,NA,NA
Dominio de Atauta,Llanos del Almendro Ribera del Duero,2009,FALSE,4.3,251,Ribera del Duero,Ribera del Duero,107.74,2.0324,Ribera Del Duero Red,5,3
Martinet,Clos Martinet,2004,FALSE,4.3,249,Priorato,Priorato,162.5,2.2109,Priorat Red,4,3
Ordonez,Vatan Tinta de Toro,2018,FALSE,4.3,247,Toro,Toro,33.6,1.5263,Toro Red,5,3
Enate,Chardonnay Fermentado en Barrica,2020,FALSE,4.3,244,Somontano,Other,16.9,1.2279,Chardonnay,4,3
Scala Dei,Masdeu,2013,FALSE,4.3,242,Priorato,Priorato,84.9,1.9289,Priorat Red,4,3
Francisco Barona,Ribera Del Duero,2019,FALSE,4.3,242,Ribera del Duero,Ribera del Duero,30.9,1.49,Ribera Del Duero Red,5,3
Dominio do Bibei,Lapola,2017,FALSE,4.3,241,Ribeira Sacra,Other,21.8,1.3385,NA,NA,NA
Taron,Pantocrator,2010,FALSE,4.3,241,Rioja Alta,Other,19.9,1.2989,Rioja Red,4,3
Castillo de Cuzcurrita,Senorio de Cuzcurrita Rioja,2017,FALSE,4.3,239,Rioja,Rioja,24.3677926503816,1.3868,Rioja Red,4,3
Castillo Perelada,Finca Malaveina,2018,FALSE,4.3,239,Emporda,Other,18.88,1.276,Red,4,3
Orben,Malpuesto,2017,FALSE,4.3,239,Rioja,Rioja,30.3,1.4814,Rioja Red,4,3
Penafiel,Silencio de Miros Ribera Del Duero,2015,FALSE,4.3,239,Ribera del Duero,Ribera del Duero,42.35,1.6269,Ribera Del Duero Red,5,3
Abadia Retuerta,Pago Valdebellon,2014,FALSE,4.3,237,Sardon de Duero,Other,64.5,1.8096,Cabernet Sauvignon,4,3
Clos Figueras,Clos Figueres,2012,FALSE,4.3,237,Priorato,Priorato,49.61,1.6956,Priorat Red,4,3
Marques de Murrieta,Castillo Ygay Gran Reserva Especial Tinto,1995,FALSE,4.3,234,Rioja,Rioja,145.0,2.1614,Rioja Red,4,3
Jorge Ordonez,No. 2 Victoria,2017,FALSE,4.3,232,Malaga,Other,21.4,1.3304,NA,NA,NA
Ontanon,Queiron Mi Lugar,2018,FALSE,4.3,232,Rioja,Rioja,21.5,1.3324,Rioja Red,4,3
Remelluri,Rioja Blanco,2016,FALSE,4.3,227,Rioja,Rioja,55.0,1.7404,Rioja White,3,3
Familia Torres,Purgatori Costers del Segre,2018,FALSE,4.3,228,Costers del Segre,Costers del Segre,27.9,1.4456,Red,4,3
Sonsierra,Perfume de Sonsierra,2014,FALSE,4.3,227,Rioja Alta,Other,28.5,1.4548,Rioja Red,4,3
Jaro,Chafandin,2011,FALSE,4.3,223,Ribera del Duero,Ribera del Duero,25.65,1.4091,Ribera Del Duero Red,5,3
Artadi,Valdegines,2017,FALSE,4.3,223,Vino de Espana,Vino de Espana,43.95,1.643,Tempranillo,4,2
Martinet,Clos Martinet,2017,FALSE,4.3,222,Priorato,Priorato,60.45,1.7814,Priorat Red,4,3
Vins Miquel Gelabert,Chardonnay Roure,2018,FALSE,4.3,221,Pla i Llevant,Other,30.3,1.4814,Chardonnay,4,3
Contino,Rioja Graciano,2015,FALSE,4.3,220,Rioja,Rioja,62.5,1.7959,Rioja Red,4,3
Clos Figueras,Clos Figueres,2016,FALSE,4.3,219,Priorato,Priorato,57.49,1.7596,Priorat Red,4,3
Martinet,Clos Martinet,2010,FALSE,4.3,218,Priorato,Priorato,127.2,2.1045,Priorat Red,4,3
Marques de Murrieta,Castillo Ygay Gran Reserva Especial Tinto,1994,FALSE,4.3,216,Rioja,Rioja,182.0,2.2601,Rioja Red,4,3
Tresmano - Tr3smano,Vendimia,2018,FALSE,4.3,215,Ribera del Duero,Ribera del Duero,34.25,1.5347,Ribera Del Duero Red,5,3
Bodega Tesalia,ARX Arcos de la Frontera,2018,FALSE,4.3,215,Andalucia,Other,15.9,1.2014,Red,4,3
Losada,La Bienquerida,2017,FALSE,4.3,213,Bierzo,Bierzo,37.35,1.5723,Mencia,3,3
Vina Pedrosa,Perez Pascuas Gran Reserva Seleccion,2012,FALSE,4.3,211,Ribera del Duero,Ribera del Duero,259.0,2.4133,Ribera Del Duero Red,5,3
Chivite,Navarra Reserva Coleccion 125,2015,FALSE,4.3,211,Navarra,Other,20.5,1.3118,Red,4,3
Bodega de Bardos,Suprema 30 Meses,2012,FALSE,4.3,210,Ribera del Duero,Ribera del Duero,24.0,1.3802,Ribera Del Duero Red,5,3
Alvaro Palacios,Finca Dofi,2007,FALSE,4.3,209,Priorato,Priorato,80.0,1.9031,Priorat Red,4,3
Venus la Universal,Venus,2009,FALSE,4.3,207,Montsant,Other,59.55,1.7749,Montsant Red,4,3
Vall Llach,Porrera Vi de Vila,2016,FALSE,4.3,205,Priorato,Priorato,50.67,1.7048,Priorat Red,4,3
Bodegas Roda,Roda I Reserva Rioja,2001,FALSE,4.3,202,Rioja,Rioja,91.0,1.959,Rioja Red,4,3
Alvaro Palacios,Finca Dofi,2000,FALSE,4.3,202,Priorato,Priorato,88.0,1.9445,Priorat Red,4,3
Clos Figueras,Clos Figueres,2015,FALSE,4.3,201,Priorato,Priorato,70.89,1.8506,Priorat Red,4,3
Casa Castillo,Pie Franco,2016,FALSE,4.3,200,Jumilla,Other,59.9,1.7774,Monastrell,5,3
El Grillo y La Luna,Grillo,2012,FALSE,4.3,200,Somontano,Other,32.9,1.5172,Red,4,3
Tridente,Prieto Picudo,2016,FALSE,4.3,198,Castilla y Leon,Other,21.4,1.3304,Red,4,3
Ferrer Bobet,Seleccio Especial Vinyes Velles,2014,FALSE,4.3,197,Priorato,Priorato,64.0,1.8062,Priorat Red,4,3
Marques de Grinon,Emeritvs (Emeritus),2011,FALSE,4.3,197,Dominio de Valdepusa,Other,47.0,1.6721,Red,4,3
Remelluri,Rioja Blanco,2014,FALSE,4.3,196,Rioja,Rioja,60.25,1.78,Rioja White,3,3
De Moya,Sofia,2018,FALSE,4.3,195,Valencia,Other,15.9,1.2014,Red,4,3
Campillo,Finca Cuesta Clara Raro Reserva,2011,FALSE,4.3,194,Rioja,Rioja,32.0,1.5051,Rioja Red,4,3
Artadi,Pagos Viejos,2013,FALSE,4.3,193,Vino de Espana,Vino de Espana,62.5,1.7959,Tempranillo,4,2
Tomas Postigo,Fermentado En Barrica Blanco,2017,FALSE,4.3,193,Castilla y Leon,Other,24.5,1.3892,Verdejo,3,3
Martinet,Clos Martinet,2006,FALSE,4.3,192,Priorato,Priorato,110.0,2.0414,Priorat Red,4,3
Mas Doix,Doix,2012,FALSE,4.3,191,Priorato,Priorato,82.0,1.9138,Priorat Red,4,3
Abadia Retuerta,Pago Valdebellon,2010,FALSE,4.3,191,Sardon de Duero,Other,55.0,1.7404,Cabernet Sauvignon,4,3
Clos d'Agon,Tinto,2014,FALSE,4.3,190,Cataluna,Other,36.5,1.5623,Red,4,3
Abadia Retuerta,Le Domaine Blanco de Guarda,2014,FALSE,4.3,190,Sardon de Duero,Other,123.82,2.0928,NA,NA,NA
Martinet,Clos Martinet,2013,FALSE,4.3,189,Priorato,Priorato,114.6,2.0592,Priorat Red,4,3
Artadi,Pagos Viejos,2001,FALSE,4.3,189,Vino de Espana,Vino de Espana,130.0,2.1139,Tempranillo,4,2
Garmon,Ribera del Duero,2018,FALSE,4.3,188,Ribera del Duero,Ribera del Duero,33.5,1.525,Ribera Del Duero Red,5,3
Bodegas Valduero,Ribera Del Duero Gran Reserva,2010,FALSE,4.3,187,Ribera del Duero,Ribera del Duero,62.8,1.798,Ribera Del Duero Red,5,3
Bodegas Mauro,Godello Blanco,2017,FALSE,4.3,186,Bierzo,Bierzo,34.5,1.5378,NA,NA,NA
Dominio de Es,Vinas Viejas de Soria Ribera Del Duero,2014,FALSE,4.3,184,Ribera del Duero,Ribera del Duero,92.24,1.9649,Ribera Del Duero Red,5,3
Pago de Vallegarcia,Hipperia Red Blend,2016,FALSE,4.3,184,Castilla,Other,36.111307180686,1.5576,Red,4,3
Clos d'Agon,Tinto,2015,FALSE,4.3,184,Cataluna,Other,56.92,1.7553,Red,4,3
Martinet,Clos Martinet,2012,FALSE,4.3,178,Priorato,Priorato,117.3,2.0693,Priorat Red,4,3
Jean Leon,Vinya La Scala Gran Reserva Cabernet Sauvignon,2013,FALSE,4.3,177,Penedes,Other,41.9,1.6222,Cabernet Sauvignon,4,3
Bodegas Ateca,Atteca Armas Garnacha Old Vines,2017,FALSE,4.3,176,Calatayud,Other,32.9,1.5172,Grenache,5,3
Enate,Syrah (Shiraz),2016,FALSE,4.3,175,Somontano,Other,23.5,1.3711,Syrah,4,3
Bodega Campo Eliseo,Campo Eliseo,2009,FALSE,4.3,175,Toro,Toro,48.5,1.6857,Toro Red,5,3
Leda,Vinas Viejas Tempranillo,2017,FALSE,4.3,174,Castilla y Leon,Other,28.38,1.453,Tempranillo,4,2
Contino,Rioja Graciano,2016,FALSE,4.3,174,Rioja,Rioja,64.75,1.8112,Rioja Red,4,3
Bodegas Ximenez-Spinola,Delicado Cosecha Pedro Ximenez,2017,FALSE,4.3,172,Jerez Pedro Ximenes (PX),Other,19.9,1.2989,Pedro Ximenez,5,1
Do Ferreiro (Bodegas Gerardo Mendez),Cepas Vellas Rias Baixas Albarino,2019,FALSE,4.3,172,Rias Baixas,Rias Baixas,33.95,1.5308,Albarino,3,3
Vinyes Domenech,Teixar,2012,FALSE,4.3,171,Montsant,Other,42.25,1.6258,Montsant Red,NA,NA
Fernandez de Pierola,Vitium Reserva,2010,FALSE,4.3,171,Rioja,Rioja,27.8,1.444,Rioja Red,NA,NA
De Muller,Lo Cabalo Reserva,2015,FALSE,4.3,171,Priorato,Priorato,26.9,1.4298,Priorat Red,NA,NA
Vina Pedrosa,Perez Pascuas Gran Reserva Seleccion,2014,FALSE,4.3,171,Ribera del Duero,Ribera del Duero,245.53,2.3901,Ribera Del Duero Red,NA,NA
Monteabellon,Finca Matambres,2016,FALSE,4.3,170,Ribera del Duero,Ribera del Duero,28.3,1.4518,Ribera Del Duero Red,NA,NA
Oxer Wines,Suzzane Rioja,2016,FALSE,4.3,168,Rioja,Rioja,37.29,1.5716,Rioja Red,NA,NA
Pepe Mendoza Casa Agricola,Giro de Abargues,2019,FALSE,4.3,167,Alicante,Alicante,23.5,1.3711,Red,NA,NA
De Moya,Sofia,2016,FALSE,4.3,166,Valencia,Other,18.9,1.2765,Red,NA,NA
Vinos Guerra,Reserva Vermouth Rojo,,TRUE,4.3,166,Bierzo,Bierzo,8.95,0.9518,NA,NA,NA
Neo,Punta Esencia,2011,FALSE,4.3,163,Ribera del Duero,Ribera del Duero,32.45,1.5112,Ribera Del Duero Red,NA,NA
Cruz de Alba,Finca Los Hoyales Ribera del Duero,2013,FALSE,4.3,163,Ribera del Duero,Ribera del Duero,41.28,1.6157,Ribera Del Duero Red,NA,NA
Castano,Casa Cisca Monastrell,2010,FALSE,4.3,161,Yecla,Other,33.77,1.5285,Monastrell,NA,NA
Scala Dei,Pla dels Angels Rosado,2019,FALSE,4.3,160,Priorato,Priorato,23.0,1.3617,NA,NA,NA
Vina Pedrosa,Gran Reserva,2009,FALSE,4.3,159,Ribera del Duero,Ribera del Duero,67.0,1.8261,Ribera Del Duero Red,NA,NA
Terra d'Uro,Uro,2015,FALSE,4.3,155,Toro,Toro,31.45,1.4976,Toro Red,NA,NA
Zarate,Tras da Vina Albarino,2018,FALSE,4.3,155,Rias Baixas,Rias Baixas,33.67,1.5272,Albarino,NA,NA
Agusti Torello Mata,Cava Kripta Gran Reserva Brut Nature,2006,FALSE,4.3,155,Cava,Other,87.39,1.9415,Cava,NA,NA
La Rioja Alta,Rioja Gran Reserva 904,1989,FALSE,4.3,154,Rioja,Rioja,150.0,2.1761,Rioja Red,NA,NA
Vizcarra,Ribera del Duero Torralvo,2016,FALSE,4.3,153,Ribera del Duero,Ribera del Duero,45.48,1.6578,Ribera Del Duero Red,NA,NA
Mas d'en Gil,Clos Fonta Priorat,2007,FALSE,4.3,153,Priorato,Priorato,125.0,2.0969,Priorat Red,NA,NA
Vinyes Domenech,Teixar,2014,FALSE,4.3,151,Montsant,Other,39.5,1.5966,Montsant Red,NA,NA
Allende,Calvario Rioja,2004,FALSE,4.3,150,Rioja,Rioja,90.0,1.9542,Rioja Red,NA,NA
Recaredo,Serral del Vell Brut Nature,2013,FALSE,4.3,149,Cava,Other,44.41,1.6475,Cava,NA,NA
Noelia Bebelia,Albarino,2019,FALSE,4.3,150,Rias Baixas,Rias Baixas,21.5,1.3324,Albarino,NA,NA
Marti Fabra,Masia Carreras Negre,2018,FALSE,4.3,149,Emporda,Other,20.59,1.3137,Red,NA,NA
St. Petroni,Branco Vermu,,TRUE,4.3,148,Galicia,Other,13.95,1.1446,NA,NA,NA
Palmeri Sicilia,Palmeri Navalta Garnacha,2016,FALSE,4.2,151,Campo de Borja,Other,28.9,1.4609,Grenache,5,3
Remelluri,Rioja Blanco,2015,FALSE,4.3,146,Rioja,Rioja,56.89,1.755,Rioja White,3,3
Pradorey,Elite,2018,FALSE,4.3,145,Ribera del Duero,Ribera del Duero,30.9166666666667,1.4902,Ribera Del Duero Red,5,3
Ukan Winery,Tinto,2018,FALSE,4.3,145,Rioja Alavesa,Other,39.9,1.601,Rioja Red,4,3
Tinto Pesquera,Reserva,2002,FALSE,4.3,144,Ribera del Duero,Ribera del Duero,65.0,1.8129,Ribera Del Duero Red,5,3
Tinto Pesquera,Gran Reserva,1995,FALSE,4.3,142,Ribera del Duero,Ribera del Duero,146.05,2.1645,Ribera Del Duero Red,5,3
Mas Que Vinos,La Plazuela,2015,FALSE,4.3,141,Castilla,Other,44.05,1.6439,Red,4,3
Arzuaga,Gran Reserva Ribera del Duero,2014,FALSE,4.3,140,Ribera del Duero,Ribera del Duero,62.56,1.7963,Ribera Del Duero Red,5,3
Bodegas Estraunza,Solar de Estraunza Reserva,2014,FALSE,4.3,140,Rioja,Rioja,9.8840336,0.9949,Tempranillo,4,2
Beronia,III a.C,2011,FALSE,4.3,140,Rioja,Rioja,46.16,1.6643,Rioja Red,4,3
Valquejigoso,V2 Tinto,2007,FALSE,4.3,140,Madrid,Other,48.537665,1.6861,Red,4,3
Bodega Contador (Benjamin Romeo),La Vina de Andres Romeo Rioja,2011,FALSE,4.3,139,Rioja,Rioja,97.5,1.989,Rioja Red,4,3
Telmo Rodriguez,Matallana,2014,FALSE,4.3,138,Ribera del Duero,Ribera del Duero,42.0,1.6232,Ribera Del Duero Red,5,3
Pujanza,Rioja Norte,2010,FALSE,4.3,138,Rioja,Rioja,75.0,1.8751,Rioja Red,4,3
Bodegas Roda,Roda I Reserva Rioja,2000,FALSE,4.3,137,Rioja,Rioja,85.0,1.9294,Rioja Red,4,3
Sei Solo,Tinto,2016,FALSE,4.3,137,Ribera del Duero,Ribera del Duero,52.8,1.7226,Ribera Del Duero Red,5,3
Bodegas Mas Alta,Artigas,2019,FALSE,4.3,136,Priorato,Priorato,20.4,1.3096,Priorat Red,4,3
Jaro,Chafandin,2017,FALSE,4.3,136,Ribera del Duero,Ribera del Duero,26.2902950466486,1.4198,Ribera Del Duero Red,5,3
Bodegas 6o Elemento - Vino Sexto Elemento,Tinto,2018,FALSE,4.3,136,Valencia,Other,19.9,1.2989,Red,4,3
Bodegas Mauro,Godello Blanco,2015,FALSE,4.3,135,Bierzo,Bierzo,92.45,1.9659,NA,NA,NA
De Moya,Julia,2018,FALSE,4.3,135,Valencia,Other,17.95,1.2541,Monastrell,5,3
Martinet,Clos Martinet,2003,FALSE,4.3,135,Priorato,Priorato,130.5,2.1156,Priorat Red,4,3
Lustau,Jerez-Xeres-Sherry 30 Year Old Oloroso VORS,,TRUE,4.3,135,Jerez-Xeres-Sherry,Jerez-Xeres-Sherry,39.0,1.5911,Sherry,4,3
Gomez Cruzado,Pancrudo,2019,FALSE,4.3,134,Rioja,Rioja,34.9,1.5428,Rioja Red,4,3
Pittacum,Aurea,2012,FALSE,4.3,133,Bierzo,Bierzo,28.5,1.4548,Mencia,3,3
Bodega Sommos,Coleccion Syrah,2017,FALSE,4.3,133,Somontano,Other,25.89,1.4131,Syrah,4,3
Celler de Capcanes,Flor de Primavera Peraj Ha'abib,2018,FALSE,4.3,133,Montsant,Other,27.5,1.4393,Montsant Red,4,3
Losada,Altos de Losada El Cepon,2017,FALSE,4.3,132,Bierzo,Bierzo,35.9,1.5551,Mencia,3,3
Remelluri,Rioja Blanco,2013,FALSE,4.3,131,Rioja,Rioja,63.53,1.803,Rioja White,3,3
Arinzano,Gran Vino Blanco,2014,FALSE,4.3,131,Arinzano,Other,112.76,2.0522,Chardonnay,4,3
Pago del Vostal,Crianza Vendimia Seleccionada,2018,FALSE,4.3,130,Ribera del Duero,Ribera del Duero,18.95,1.2776,Ribera Del Duero Red,5,3
De Muller,Vermouth Reserva,,TRUE,4.3,129,Tarragona,Other,10.45,1.0191,NA,NA,NA
Vizcarra,Ribera del Duero Torralvo,2015,FALSE,4.3,128,Ribera del Duero,Ribera del Duero,40.95,1.6123,Ribera Del Duero Red,5,3
Telmo Rodriguez,Matallana,2016,FALSE,4.3,128,Ribera del Duero,Ribera del Duero,39.75,1.5993,Ribera Del Duero Red,5,3
Bodegas Valduero,Finca Azaya Premium,2015,FALSE,4.3,128,Castilla y Leon,Other,23.44,1.37,Ribera Del Duero Red,5,3
Espectacle del Montsant,Tinto,2015,FALSE,4.3,127,Montsant,Other,133.34,2.125,Montsant Red,4,3
Neo,Ribera del Duero Tinto,2005,FALSE,4.3,126,Ribera del Duero,Ribera del Duero,35.0,1.5441,Ribera Del Duero Red,5,3
Martinet,Clos Martinet,2018,FALSE,4.3,125,Priorato,Priorato,57.5,1.7597,Priorat Red,4,3
Habla,No. 20,2016,FALSE,4.3,124,Extremadura,Other,23.95,1.3793,Red,4,3
Remelluri,Rioja Blanco,2011,FALSE,4.3,123,Rioja,Rioja,77.9,1.8915,Rioja White,3,3
Gomez Cruzado,Montes Obarenes Seleccion Terroir,2015,FALSE,4.3,122,Rioja,Rioja,97.35,1.9883,Rioja White,3,3
Martinet,Els Escurcons,2015,FALSE,4.3,122,Priorato,Priorato,84.95,1.9292,Priorat Red,4,3
Mas d'en Gil,Clos Fonta Priorat,2015,FALSE,4.3,122,Priorato,Priorato,53.9,1.7316,Priorat Red,4,3
Rodriguez de Vera,Tinto,2015,FALSE,4.3,122,Almansa,Other,12.19,1.086,Red,4,3
Callejuela,La Casilla Amontillado,,TRUE,4.3,122,Jerez-Xeres-Sherry,Jerez-Xeres-Sherry,43.95,1.643,Sherry,4,3
El Maestro Sierra,Palo Cortado,,TRUE,4.3,119,Jerez Palo Cortado,Other,85.4,1.9315,Sherry,4,3
Torre de Ona,Martelo Reserva,2015,FALSE,4.3,119,Rioja,Rioja,23.43,1.3698,Rioja Red,4,3
Cims de Porrera,Classic,2010,FALSE,4.3,118,Priorato,Priorato,43.24,1.6359,Priorat Red,4,3
Bodegas Naluar & Acediano,Acediano,2018,FALSE,4.3,120,Ribera del Duero,Ribera del Duero,35.0,1.5441,Ribera Del Duero Red,5,3
Ostatu,Gloria Rioja,2010,FALSE,4.3,117,Rioja Alavesa,Other,54.52,1.7366,Rioja Red,4,3
Paco & Lola,Vintage Albarino,2013,FALSE,4.3,117,Rias Baixas,Rias Baixas,24.0,1.3802,Albarino,3,3
Valdespino,Cardenal Palo Cortado VORS,,TRUE,4.3,116,Jerez Palo Cortado,Other,176.5,2.2467,Sherry,4,3
Pago de Vallegarcia,Vallegarcia Viognier,2019,FALSE,4.3,114,Castilla,Other,18.5,1.2672,NA,NA,NA
Valtravieso,Finca la Atalaya Reserva,2017,FALSE,4.3,114,Ribera del Duero,Ribera del Duero,23.5,1.3711,Ribera Del Duero Red,5,3
Bodegas Amaren,Tempranillo Reserva,2002,FALSE,4.3,112,Rioja,Rioja,28.0,1.4472,Rioja Red,4,3
Vinas del Vero,Blecua Somontano,2011,FALSE,4.3,112,Somontano,Other,73.9,1.8686,Red,4,3
Clos Mogador,Priorat,2000,FALSE,4.3,111,Priorato,Priorato,100.0,2.0,Priorat Red,4,3
Contino,Rioja Graciano,2017,FALSE,4.3,111,Rioja,Rioja,62.9,1.7987,Rioja Red,4,3
Artadi,Grandes Anadas Rioja,1999,FALSE,4.3,111,Rioja,Rioja,265.0,2.4232,Rioja Red,4,3
Costers del Priorat,Clos Cypres Vinyes Velles (Old Vines),2015,FALSE,4.3,111,Priorato,Priorato,49.0,1.6902,Priorat Red,4,3
Eulogio Pomares,Castineiro Albarino,2017,FALSE,4.3,111,Rias Baixas,Rias Baixas,30.75,1.4878,Albarino,3,3
Bodegas Urium,Amontillado V.O.R.S,,TRUE,4.3,110,Jerez Amontillado,Other,50.0,1.699,Sherry,4,3
Bodega Otazu,Altar,2008,FALSE,4.3,109,Navarra,Other,32.18,1.5076,Red,4,3
Perez Barquero,Gran Barquero Palo Cortado Solera 25 Anos,,TRUE,4.3,108,Montilla-Moriles,Other,34.9,1.5428,NA,NA,NA
Bodega Elias Mora,Toro Gran Elias Mora,2014,FALSE,4.3,108,Toro,Toro,33.5,1.525,Toro Red,5,3
Dominio de Es,Vinas Viejas de Soria Ribera Del Duero,2015,FALSE,4.3,108,Ribera del Duero,Ribera del Duero,92.24,1.9649,Ribera Del Duero Red,5,3
Arinzano,Gran Vino Blanco,2004,FALSE,4.3,108,Arinzano,Other,52.95,1.7239,Chardonnay,4,3
Oller del Mas,Arnau Oller Seleccio de la Familia,2016,FALSE,4.3,108,Pla de Bages,Other,33.15,1.5205,Red,4,3
Bodegas Roda,Roda Reserva Rioja,2018,FALSE,4.3,108,Rioja,Rioja,24.51,1.3893,Rioja Red,4,3
Finca Villacreces,Nebro Ribera del Duero,2009,FALSE,4.3,107,Ribera del Duero,Ribera del Duero,135.95,2.1334,Ribera Del Duero Red,5,3
Pujanza,Rioja Norte,2011,FALSE,4.3,106,Rioja,Rioja,46.9,1.6712,Rioja Red,4,3
Toro Albala,Don PX Gran Reserva,1988,FALSE,4.3,104,Montilla-Moriles,Other,19.8,1.2967,Pedro Ximenez,5,1
Cims de Porrera,Classic,2011,FALSE,4.3,102,Priorato,Priorato,39.51,1.5967,Priorat Red,4,3
Cims de Porrera,Classic,1997,FALSE,4.3,102,Priorato,Priorato,119.95,2.079,Priorat Red,4,3
R. Lopez de Heredia,Vina Tondonia Reserva,1964,FALSE,4.3,101,Rioja,Rioja,249.0,2.3962,Rioja Red,4,3
Descendientes de J. Palacios,Las Lamas Bierzo (Corullon),2016,FALSE,4.3,100,Bierzo,Bierzo,95.25,1.9789,Mencia,3,3
Alta Alella,Orbus,2016,FALSE,4.3,100,Alella,Other,24.95,1.3971,Syrah,4,3
Losada,La Bienquerida,2015,FALSE,4.3,100,Bierzo,Bierzo,36.91,1.5671,Mencia,3,3
Terroir Al Limit Soc. Lda,Les Manyes,2014,FALSE,4.3,99,Priorato,Priorato,158.88,2.2011,Priorat Red,4,3
Alvaro Palacios,Finca Dofi,2003,FALSE,4.3,99,Priorato,Priorato,90.6,1.9571,Priorat Red,4,3
Bodegas Clunia,Malbec,2018,FALSE,4.3,99,Castilla y Leon,Other,24.9,1.3962,Red,4,3
Losada,Altos de Losada,2019,FALSE,4.3,97,Bierzo,Bierzo,18.35,1.2636,Mencia,3,3
Arinzano,Gran Vino Blanco,2016,FALSE,4.3,95,Arinzano,Other,65.25,1.8146,Chardonnay,4,3
Campillo,Reserva Especial Rioja,2010,FALSE,4.3,95,Rioja,Rioja,23.95,1.3793,Rioja Red,4,3
Allende,Aurus,2004,FALSE,4.3,94,Rioja,Rioja,148.65,2.1722,Rioja Red,4,3
Llanos Negros,La Time,2000,FALSE,4.3,94,La Palma,Other,21.95,1.3414,NA,NA,NA
Quinta Sardonia,QS,2017,FALSE,4.3,93,Castilla y Leon,Other,37.49,1.5739,Red,4,3
Alta Alella,Dolc Mataro,2017,FALSE,4.3,92,Alella,Other,16.5,1.2175,NA,NA,NA
Ferrer Bobet,Priorat Vinyes Velles,2018,FALSE,4.3,94,Priorato,Priorato,33.95,1.5308,Priorat Red,4,3
Bodegas Ochoa,Vendimia Tardia Moscatel,2019,FALSE,4.3,91,Navarra,Other,10.76,1.0318,NA,NA,NA
Luis Canas,Hiru 3 Rioja Racimos,2005,FALSE,4.3,91,Rioja,Rioja,118.0,2.0719,Rioja Red,4,3
Ca l'Apotecari,Triaca,2013,FALSE,4.3,90,Priorato,Priorato,34.9,1.5428,Priorat Red,4,3
Muga,Prado Enea Gran Reserva,1982,FALSE,4.3,90,Rioja,Rioja,150.0,2.1761,Rioja Red,4,3
Osborne,Amontillado 51-1a 30 Years VORS Sherry,,TRUE,4.3,89,Jerez-Xeres-Sherry,Jerez-Xeres-Sherry,64.8,1.8116,Sherry,4,3
Finca Torremilanos,Cyclo,2018,FALSE,4.3,89,Ribera del Duero,Ribera del Duero,35.15,1.5459,Ribera Del Duero Red,5,3
Pinea,Tinto,2017,FALSE,4.3,89,Ribera del Duero,Ribera del Duero,145.0,2.1614,Ribera Del Duero Red,5,3
Josep Grau Viticultor,Maimo Garnatxa,2018,FALSE,4.3,88,Montsant,Other,26.9,1.4298,Grenache,5,3
Gomez Cruzado,Montes Obarenes Seleccion Terroir,2017,FALSE,4.3,88,Rioja,Rioja,42.9,1.6325,Rioja White,3,3
La Rioja Alta,Gran Reserva 890,1989,FALSE,4.3,88,Rioja,Rioja,215.34,2.3331,Rioja Red,4,3
Fos,Fos Baranda,2017,FALSE,4.3,87,Rioja,Rioja,29.9,1.4757,Rioja Red,NA,NA
Hacienda Grimon,Finca la Oracion,2017,FALSE,4.3,88,Rioja,Rioja,20.45,1.3107,Rioja Red,NA,NA
Pedralonga,Albarino Pedralonga,2019,FALSE,4.3,86,Rias Baixas,Rias Baixas,15.71,1.1962,Albarino,NA,NA
Capafons-Osso,Mas de Masos,2006,FALSE,4.3,86,Priorato,Priorato,39.99,1.602,Priorat Red,NA,NA
Clos Mogador,Com Tu,2018,FALSE,4.3,85,Montsant,Other,34.95,1.5434,Grenache,NA,NA
Can Rafols dels Caus,El Rocallis,2015,FALSE,4.3,83,Cataluna,Other,88.0,1.9445,NA,NA,NA
Conreria d'Scala Dei,Iugiter,2015,FALSE,4.3,83,Priorato,Priorato,25.5,1.4065,Priorat Red,NA,NA
Mas Doix,Doix,2016,FALSE,4.3,83,Priorato,Priorato,79.9,1.9025,Priorat Red,NA,NA
Raul Perez,Ultreia Valtuille Mencia,2019,FALSE,4.3,83,Bierzo,Bierzo,45.9,1.6618,Mencia,NA,NA
Dominio del Bendito,La Chispa Negra,2011,FALSE,4.3,82,Toro,Toro,24.0,1.3802,NA,NA,NA
Jose Pariente,Sauvignon Blanc,2021,FALSE,4.3,83,Rueda,Other,8.9,0.9494,Sauvignon Blanc,NA,NA
Dominio del Aguila,Reserva,2010,FALSE,4.3,82,Ribera del Duero,Ribera del Duero,65.0,1.8129,Ribera Del Duero Red,NA,NA
Terra Remota,Clos Adrien,2013,FALSE,4.3,82,Emporda,Other,47.0,1.6721,Red,NA,NA
De Moya,Sofia,2017,FALSE,4.3,82,Valencia,Other,20.5,1.3118,Red,NA,NA
Llopart,Cava Original Brut (Espumos),2008,FALSE,4.3,81,Cava,Other,62.9,1.7987,Cava,NA,NA
Ostatu,Laderas Rioja,2014,FALSE,4.3,81,Rioja Alavesa,Other,31.13,1.4932,Rioja Red,NA,NA
Tinto Pesquera,Reserva,1995,FALSE,4.3,81,Ribera del Duero,Ribera del Duero,73.0,1.8633,Ribera Del Duero Red,NA,NA
Bodegas Mas Alta,La Basseta,2014,FALSE,4.3,80,Priorato,Priorato,58.0,1.7634,Priorat Red,NA,NA
Can Rafols dels Caus,El Rocallis,2016,FALSE,4.3,80,Cataluna,Other,34.5,1.5378,NA,NA,NA
Aalto,Blanco de Parcela,2019,FALSE,4.3,80,Ribera del Duero,Ribera del Duero,41.9,1.6222,Verdejo,NA,NA
Dominio de la Vega,Finca la Beata Bobal,2014,FALSE,4.3,80,Utiel-Requena,Other,33.9,1.5302,Red,NA,NA
Resalte,Resalte Expresion,2015,FALSE,4.3,80,Ribera del Duero,Ribera del Duero,28.5,1.4548,Ribera Del Duero Red,NA,NA
Juve & Camps,Cava Brut Milesime,2017,FALSE,4.3,80,Cava,Other,24.1,1.382,Cava,NA,NA
Bosque de Matasnos,Syrah de Matasnos,2019,FALSE,4.3,80,Vino de Espana,Vino de Espana,27.9,1.4456,Syrah,NA,NA
Sierra Cantabria,Amancio,2016,FALSE,4.3,80,Rioja,Rioja,84.5,1.9269,Rioja Red,NA,NA
Scala Dei,Massipa de Scala Dei Garnatxa Blanca - Xenin,2018,FALSE,4.3,79,Priorato,Priorato,36.78,1.5656,NA,NA,NA
Marques de Vargas,Seleccion Privada,2015,FALSE,4.3,79,Rioja,Rioja,54.5,1.7364,Rioja Red,4,3
Mas de les Pereres,Nunci Negre,2013,FALSE,4.3,79,Priorato,Priorato,21.4,1.3304,Priorat Red,4,3
El Maestro Sierra,Oloroso Extra Viejo 1/7,,TRUE,4.3,78,Jerez-Xeres-Sherry,Jerez-Xeres-Sherry,217.8,2.3381,Sherry,4,3
Guilera,Musivari Gran Reserva Brut Nature,2007,FALSE,4.3,77,Cava,Other,23.22,1.3659,Sparkling,2,3
Arzuaga,Amaya Arzuaga (Coleccion),2015,FALSE,4.3,77,Ribera del Duero,Ribera del Duero,51.2,1.7093,Ribera Del Duero Red,5,3
Astrales,Christina Ribera del Duero,2017,FALSE,4.3,77,Ribera del Duero,Ribera del Duero,38.0,1.5798,Ribera Del Duero Red,5,3
Bodega Contador (Benjamin Romeo),La Cueva del Contador Rioja,2018,FALSE,4.3,77,Rioja,Rioja,67.9,1.8319,Rioja Red,4,3
Senorio de San Vicente,San Vicente Rioja,2018,FALSE,4.3,77,Rioja,Rioja,32.9,1.5172,Rioja Red,4,3
Bodegas Faustino,Faustino de Autor Reserva Especial,1994,FALSE,4.3,76,Rioja,Rioja,45.0,1.6532,Rioja Red,4,3
La Rioja Alta,Rioja Gran Reserva 904,1964,FALSE,4.3,76,Rioja,Rioja,260.0,2.415,Rioja Red,4,3
l'Infernal Combier Fischer Gerin,Vinas Viejas Aguilera,2010,FALSE,4.3,76,Priorato,Priorato,69.0,1.8388,Priorat Red,4,3
Muga,Prado Enea Gran Reserva,1985,FALSE,4.3,75,Rioja,Rioja,98.0,1.9912,Rioja Red,4,3
Terroir Al Limit Soc. Lda,Les Manyes,2013,FALSE,4.3,74,Priorato,Priorato,348.85,2.5426,Priorat Red,4,3
Scala Dei,Pla dels Angels Rosado,2020,FALSE,4.3,74,Priorato,Priorato,23.95,1.3793,NA,NA,NA
Jorge Piernas,Juan Piernas Finca El Paso Malo Monastrell,2017,FALSE,4.3,74,Murcia,Other,27.9,1.4456,Monastrell,5,3
Pedralonga,Albarino Pedralonga,2020,FALSE,4.3,74,Rias Baixas,Rias Baixas,15.0,1.1761,Albarino,3,3
Contino,Vina del Olivo,2004,FALSE,4.3,74,Rioja,Rioja,155.0,2.1903,Rioja Red,4,3
Terroir Al Limit Soc. Lda,Pedra de Guix,2017,FALSE,4.3,73,Priorato,Priorato,57.9,1.7627,NA,NA,NA
Vinyes Domenech,Vinyes Velles de Samso,2016,FALSE,4.3,73,Montsant,Other,36.93,1.5674,Montsant Red,4,3
Territorio Luthier,Hispania,2015,FALSE,4.3,73,Ribera del Duero,Ribera del Duero,52.0,1.716,Ribera Del Duero Red,5,3
Abel Mendoza Monge,Malvasia,2017,FALSE,4.3,72,Rioja,Rioja,31.5,1.4983,Rioja White,3,3
Clos Erasmus,Priorat,2006,FALSE,4.3,72,Priorato,Priorato,654.31,2.8158,Priorat Red,4,3
La Rioja Alta,Vina Ardanza Reserva,1985,FALSE,4.3,72,Rioja,Rioja,75.0,1.8751,Rioja Red,4,3
Equipo Navazos,La Bota 69 de Amontillado,,TRUE,4.3,72,Jerez-Xeres-Sherry,Jerez-Xeres-Sherry,113.72,2.0558,Sherry,4,3
Avgvstvs,Antigues Reserves,2000,FALSE,4.3,72,Penedes,Other,27.45,1.4385,Red,4,3
Vina Sastre,Regina Vides Ribera del Duero,2018,FALSE,4.3,71,Ribera del Duero,Ribera del Duero,69.9,1.8445,Ribera Del Duero Red,5,3
Marques de Riscal,Baron de Chirel Verdejo Vinas Centenarias,2018,FALSE,4.3,71,Castilla y Leon,Other,40.5,1.6075,Verdejo,3,3
Pago Calzadilla,Gran Calzadilla,2009,FALSE,4.3,70,Pago Calzadilla,Other,39.95,1.6015,Red,4,3
Vina Pomal,Alto de la Caseta,2008,FALSE,4.3,70,Rioja,Rioja,55.45,1.7439,Rioja Red,4,3
Martinet,Clos Martinet,2002,FALSE,4.3,70,Priorato,Priorato,177.45,2.2491,Priorat Red,4,3
Marti Fabra,Masia Carreras Negre,2019,FALSE,4.3,69,Emporda,Other,11.91,1.0759,Red,4,3
Sangenis I Vaque,Clos Monlleo,2007,FALSE,4.3,68,Priorato,Priorato,54.95,1.74,Priorat Red,4,3
Ferrer Bobet,Priorat,2018,FALSE,4.3,68,Priorato,Priorato,25.88,1.413,Priorat Red,4,3
Figuero,Milagros de Figuero,2016,FALSE,4.3,68,Ribera del Duero,Ribera del Duero,34.85,1.5422,Ribera Del Duero Red,5,3
Balandro,Las Botas Palo Cortado Horizontal,,TRUE,4.3,67,Manzanilla,Other,37.0,1.5682,Sherry,4,3
Pujanza,Rioja Norte,2006,FALSE,4.3,67,Rioja,Rioja,75.0,1.8751,Rioja Red,4,3
M. Antonio de la Riva,La Riva Fino Balbaina Alta,,TRUE,4.3,67,Jerez-Xeres-Sherry,Jerez-Xeres-Sherry,47.45,1.6762,Sherry,4,3
Espelt,Coma Bruna,2017,FALSE,4.3,67,Emporda,Other,22.8,1.3579,Red,4,3
R. Lopez de Heredia,Vina Tondonia Gran Reserva,1981,FALSE,4.3,66,Rioja,Rioja,199.0,2.2989,Rioja Red,4,3
Bodegas Arfe,Palo Cortado de la Cruz de 1767,,TRUE,4.3,66,Jerez-Xeres-Sherry,Jerez-Xeres-Sherry,59.9,1.7774,Sherry,4,3
Abel Mendoza Monge,Grano a Grano Tempranillo,2016,FALSE,4.3,65,Rioja,Rioja,120.13,2.0797,Rioja Red,4,3
Conreria d'Scala Dei,Voltons,2015,FALSE,4.3,64,Priorato,Priorato,47.0,1.6721,Priorat Red,4,3
Scala Dei,Masdeu,2014,FALSE,4.3,64,Priorato,Priorato,84.9,1.9289,Priorat Red,4,3
Real de Asua,Tinto,2016,FALSE,4.3,64,Rioja,Rioja,78.95,1.8974,Rioja Red,4,3
Bodegas Vilano,Crianza,2019,FALSE,4.3,64,Ribera del Duero,Ribera del Duero,9.99,0.9996,Ribera Del Duero Red,5,3
Vinyes dels Aspres,S'Alou,2018,FALSE,4.3,64,Emporda,Other,31.5,1.4983,Red,4,3
Altos de Rioja,Altos R Pigeage,2016,FALSE,4.3,63,Rioja,Rioja,29.95,1.4764,Rioja Red,4,3
Scala Dei,Massipa de Scala Dei Garnatxa Blanca - Xenin,2019,FALSE,4.3,62,Priorato,Priorato,36.95,1.5676,NA,NA,NA
Valserrano,Finca Monteviejo,2017,FALSE,4.3,62,Rioja,Rioja,32.0,1.5051,Rioja Red,4,3
Marques de Tomares,Rioja Gran Reserva,2014,FALSE,4.3,62,Rioja,Rioja,25.95,1.4141,Red,4,3
Shaya,Habis,2018,FALSE,4.3,62,Rueda,Other,21.5,1.3324,Verdejo,3,3
Finca Rio Negro,5o Ano,2014,FALSE,4.3,62,La Mancha,Other,23.3863295,1.369,Red,4,3
Allende,Gaminde,2016,FALSE,4.3,62,Rioja,Rioja,43.8,1.6415,Rioja Red,4,3
Enric Soler,Nun Vinya dels Taus,2017,FALSE,4.3,62,Penedes,Other,123.75,2.0925,NA,NA,NA
Martinet,Els Escurcons,2018,FALSE,4.3,61,Priorato,Priorato,75.5,1.8779,Priorat Red,4,3
Bodegas Ximenez-Spinola,Varietal Fermentacion Lenta,2019,FALSE,4.3,61,Jerez-Xeres-Sherry,Jerez-Xeres-Sherry,29.9,1.4757,Pedro Ximenez,5,1
Loxera,El Cordero y las Virgenes,2016,FALSE,4.3,60,Valencia,Other,24.0,1.3802,Red,4,3
Mas d'en Gil,Clos Fonta Priorat,2001,FALSE,4.3,60,Priorato,Priorato,150.0,2.1761,Priorat Red,4,3
Jose Pariente,Finca Las Comas Verdejo,2016,FALSE,4.3,60,Rueda,Other,29.4,1.4683,Verdejo,3,3
Alvaro Palacios,Finca Dofi,1997,FALSE,4.3,60,Priorato,Priorato,170.0,2.2304,Priorat Red,4,3
Artadi,La Poza de Ballesteros,2016,FALSE,4.3,60,Vino de Espana,Vino de Espana,93.26,1.9697,Tempranillo,4,2
Dominio de Es,Vinas Viejas de Soria Ribera Del Duero,2019,FALSE,4.3,59,Ribera del Duero,Ribera del Duero,75.95,1.8805,Ribera Del Duero Red,5,3
Dominio Fournier,Reserva,2014,FALSE,4.3,59,Ribera del Duero,Ribera del Duero,23.77,1.376,Ribera Del Duero Red,5,3
Bodegas Yzaguirre,Selection 1884 Vermouth Gran Reserva,,TRUE,4.3,57,Cataluna,Other,27.11,1.4331,NA,NA,NA
Benjamin de Rothschild - Vega Sicilia,Macan Clasico,2018,FALSE,4.3,57,Rioja,Rioja,42.5,1.6284,Rioja Red,4,3
Marques de Murrieta,Dalmau Rioja,2002,FALSE,4.3,57,Rioja,Rioja,75.0,1.8751,Rioja Red,4,3
Valderiz,Tomas Esteban,2010,FALSE,4.3,57,Ribera del Duero,Ribera del Duero,68.99,1.8388,Ribera Del Duero Red,5,3
Tridente,Prieto Picudo,2018,FALSE,4.3,57,Castilla y Leon,Other,21.95,1.3414,Red,4,3
Neton,Garnacha Tintorera,2017,FALSE,4.3,57,Castilla y Leon,Other,13.237545,1.1218,Red,4,3
Finca Torremilanos,Penalba Lopez Blanco,2019,FALSE,4.3,57,Castilla y Leon,Other,13.65,1.1351,NA,NA,NA
Enate,Cabernet,2012,FALSE,4.3,57,Somontano,Other,23.5,1.3711,Red,4,3
Pradorey,El Cuentista,2018,FALSE,4.3,57,Ribera del Duero,Ribera del Duero,17.9,1.2529,NA,NA,NA
Vall Llach,Porrera Vi de Vila,2018,FALSE,4.3,56,Priorato,Priorato,49.95,1.6985,Priorat Red,4,3
Terroir Al Limit Soc. Lda,Les Manyes,2011,FALSE,4.3,56,Priorato,Priorato,348.85,2.5426,Priorat Red,4,3
Bodega Aida i Luis,Tahulla Moscatel Blanco Seco,2018,FALSE,4.3,56,Alicante,Alicante,11.95,1.0774,NA,NA,NA
Valderiz,Juegabolos,2017,FALSE,4.3,56,Ribera del Duero,Ribera del Duero,28.6,1.4564,Ribera Del Duero Red,5,3
Abadal,3.9,2018,FALSE,4.3,56,Pla de Bages,Other,21.3,1.3284,Red,4,3
Raul Perez,Sketch,2019,FALSE,4.3,56,Rias Baixas,Rias Baixas,44.95,1.6527,Albarino,3,3
Portal del Priorat,Clos del Portal Somni,2008,FALSE,4.3,55,Priorato,Priorato,36.3,1.5599,Priorat Red,4,3
Baigorri,De Garage Rioja,2017,FALSE,4.3,55,Rioja,Rioja,32.0,1.5051,Rioja Red,4,3
Cartoixa de Montsalvat,Montsalvat,2007,FALSE,4.3,54,Priorato,Priorato,39.712635,1.5989,Priorat Red,4,3
Clos Galena,Galena,2018,FALSE,4.3,54,Priorato,Priorato,17.9,1.2529,Priorat Red,4,3
Bodega Ribas,Sio Negre,2019,FALSE,4.3,53,Mallorca,Mallorca,39.9,1.601,Red,4,3
Allende,Aurus,2001,FALSE,4.3,53,Rioja,Rioja,140.0,2.1461,Rioja Red,4,3
Enate,Chardonnay Uno,2012,FALSE,4.3,53,Somontano,Other,249.95,2.3979,Chardonnay,4,3
El Lagar de Isilla,Vendimia Seleccionada,2015,FALSE,4.3,53,Ribera del Duero,Ribera del Duero,28.83,1.4598,Ribera Del Duero Red,5,3
Finca Villacreces,Nebro Ribera del Duero,2013,FALSE,4.3,53,Ribera del Duero,Ribera del Duero,196.29,2.2929,Ribera Del Duero Red,5,3
Bodega Otazu,Pago de Otazu Chardonnay Con Crianza,2018,FALSE,4.3,53,Otazu,Other,28.4,1.4533,Chardonnay,4,3
Jose Pariente,Verdejo Fermentado en Barrica,2020,FALSE,4.3,53,Rueda,Other,14.5,1.1614,Verdejo,3,3
La Rioja Alta,Rioja Gran Reserva 904,1970,FALSE,4.3,53,Rioja,Rioja,260.0,2.415,Rioja Red,4,3
Toro Albala,Don PX Pedro Ximenez,1999,FALSE,4.3,52,Montilla-Moriles,Other,36.9,1.567,Pedro Ximenez,5,1
Cervoles,Vinyes Altes de Les Garrigues Vi Blanc,2019,FALSE,4.3,52,Costers del Segre,Costers del Segre,25.8,1.4116,NA,NA,NA
Anibal de Otero,Vina Centenaria Mencia,2014,FALSE,4.3,52,Bierzo,Bierzo,38.0,1.5798,Mencia,3,3
Familia Torres,Grans Muralles,2017,FALSE,4.3,52,Conca de Barbera,Other,137.75,2.1391,Red,4,3
Costers del Siurana,Clos de L'Obac,2009,FALSE,4.3,51,Priorato,Priorato,79.9,1.9025,Priorat Red,4,3
Bodegas San Roman,Malvasia,2017,FALSE,4.3,51,Castilla,Other,41.5,1.618,NA,NA,NA
Finca Rio Negro,Cerro del Lobo Syrah,2018,FALSE,4.3,51,Castilla,Other,24.5,1.3892,Syrah,4,3
Cervoles,Estrats,2012,FALSE,4.3,51,Costers del Segre,Costers del Segre,68.55,1.836,Red,4,3
Scala Dei,Masdeu,2016,FALSE,4.3,51,Priorato,Priorato,81.35,1.9104,Priorat Red,4,3
Vina Sastre,Regina Vides Ribera del Duero,2001,FALSE,4.3,50,Ribera del Duero,Ribera del Duero,121.5,2.0846,Ribera Del Duero Red,5,3
Vizcarra,Celia,2014,FALSE,4.3,50,Ribera del Duero,Ribera del Duero,79.98,1.903,Ribera Del Duero Red,5,3
Marques de Caceres,Gaudium,1998,FALSE,4.3,50,Rioja,Rioja,60.0,1.7782,Rioja Red,4,3
Barahonda,Summum Monastrell,2019,FALSE,4.3,50,Yecla,Other,13.99,1.1458,Monastrell,5,3
Mas Doix,Doix,2002,FALSE,4.3,49,Priorato,Priorato,195.52,2.2912,Priorat Red,4,3
Altos del Enebro,Finca La Herradura,2014,FALSE,4.3,49,Ribera del Duero,Ribera del Duero,68.0,1.8325,Ribera Del Duero Red,5,3
Pago de Larrainzar,Reserva Especial,2014,FALSE,4.3,49,Navarra,Other,16.9,1.2279,Red,4,3
Albamar,Alma de Mar Albarino,2019,FALSE,4.3,49,Rias Baixas,Rias Baixas,27.5,1.4393,Albarino,3,3
Williams & Humbert,Canasta 20 Anos Cream,,TRUE,4.3,49,Jerez-Xeres-Sherry,Jerez-Xeres-Sherry,29.25,1.4661,Pedro Ximenez,5,1
Pujanza,Rioja Anadas Frias,2016,FALSE,4.3,49,Rioja,Rioja,75.0,1.8751,Rioja White,3,3
Finca Rio Negro,5o Ano,2016,FALSE,4.3,49,La Mancha,Other,23.9,1.3784,Red,4,3
Oxer Wines,Suzzane Rioja,2019,FALSE,4.3,48,Rioja,Rioja,34.9,1.5428,Rioja Red,4,3
Marques de Murrieta,Castillo Ygay Gran Reserva Especial Tinto,1925,FALSE,4.3,48,Rioja,Rioja,532.0,2.7259,Rioja Red,4,3
Dominio de Atauta,Llanos del Almendro Ribera del Duero,2010,FALSE,4.3,48,Ribera del Duero,Ribera del Duero,95.0,1.9777,Ribera Del Duero Red,5,3
Can Bas,Monreal,2015,FALSE,4.3,48,Penedes,Other,44.1,1.6444,Red,4,3
Atlantida,Blanco,2019,FALSE,4.3,48,Cadiz,Other,17.7,1.248,NA,NA,NA
Atlan & Artisan,8 Vents Mallorca,2019,FALSE,4.3,47,Mallorca,Mallorca,18.9,1.2765,Red,4,3
Venus la Universal,Venus,2017,FALSE,4.3,47,Montsant,Other,35.35,1.5484,Montsant Red,4,3
La Rioja Alta,Gran Reserva 890,1981,FALSE,4.3,47,Rioja,Rioja,270.0,2.4314,Rioja Red,4,3
Olivardots,Vd'O 1 Samso - Pissarra,2012,FALSE,4.3,46,Emporda,Other,34.95,1.5434,Red,4,3
Terroir Al Limit Soc. Lda,Les Manyes,2012,FALSE,4.3,46,Priorato,Priorato,348.85,2.5426,Priorat Red,4,3
Lar de Paula,Tempranillo Reserva,2012,FALSE,4.3,46,Rioja,Rioja,14.9,1.1732,Rioja Red,4,3
Venta Las Vacas,La Cuartilleja Reserva,2015,FALSE,4.3,46,Ribera del Duero,Ribera del Duero,39.7,1.5988,Ribera Del Duero Red,5,3
Juve & Camps,Cava Gran Reserva La Capella Brut,2010,FALSE,4.3,46,Cava,Other,75.5,1.8779,Cava,2,3
Bodega Contador (Benjamin Romeo),Coleccion No. 3 Cosecha,2014,FALSE,4.3,45,Rioja,Rioja,189.9,2.2785,Rioja Red,4,3
Luis Canas,Rioja Gran Reserva,2016,FALSE,4.3,45,Rioja,Rioja,21.01,1.3224,Rioja Red,4,3
La Val,Albarino Sobre Lias,2015,FALSE,4.3,45,Rias Baixas,Rias Baixas,23.9,1.3784,Albarino,3,3
Tres Piedras,Nobbis,2019,FALSE,4.3,45,Ribera del Duero,Ribera del Duero,12.8,1.1072,Tempranillo,4,2
Raul Perez,Rara Avis Prieto Picudo,2013,FALSE,4.3,45,Castilla y Leon,Other,39.95,1.6015,Red,4,3
Javi Revert,Sensal,2020,FALSE,4.3,45,Valencia,Other,22.35,1.3493,Red,4,3
Bodega Campo Eliseo,Campo Eliseo Blanco,2018,FALSE,4.3,45,Rueda,Other,27.25,1.4354,Verdejo,3,3
Alta Alella,Blanc de Neu,2016,FALSE,4.3,45,Alella,Other,16.99,1.2302,Sparkling,2,3
Contino,Reserva,1995,FALSE,4.3,45,Rioja,Rioja,55.0,1.7404,Rioja Red,4,3
Terras Gauda,La Mar,2019,FALSE,4.3,45,Rias Baixas,Rias Baixas,21.5,1.3324,Albarino,3,3
Descendientes de J. Palacios,Las Lamas Bierzo (Corullon),2017,FALSE,4.3,44,Bierzo,Bierzo,106.92,2.0291,Mencia,3,3
Lambuena,Vinas Viejas,2014,FALSE,4.3,44,Ribera del Duero,Ribera del Duero,37.065126,1.569,Ribera Del Duero Red,5,3
Tarsus,T3rno Seleccion de 3 Parcelas Ribera del Duero,2017,FALSE,4.3,44,Ribera del Duero,Ribera del Duero,38.5,1.5855,Ribera Del Duero Red,5,3
Bodegas Luis Perez,Fino La Barajuela,2016,FALSE,4.3,44,Andalucia,Other,69.95,1.8448,NA,NA,NA
Marco Abella,Clos Abella Seleccion Especial,2016,FALSE,4.3,44,Priorato,Priorato,43.5,1.6385,Priorat Red,4,3
Vivanco,Parcelas de Maturana Tinta Coleccion Rioja,2017,FALSE,4.3,44,Rioja,Rioja,36.5,1.5623,Rioja Red,4,3
Familia Torres,Reserva Real,1998,FALSE,4.3,43,Penedes,Other,213.5,2.3294,Red,4,3
Attis,Attis Embaixador Albarino,2018,FALSE,4.3,43,Rias Baixas,Rias Baixas,21.89,1.3402,Albarino,3,3
Miguel Merino,Vitola Reserva,2016,FALSE,4.3,42,Rioja,Rioja,21.9,1.3404,Rioja Red,4,3
San Cobate,San Cucufate Monasterio,2017,FALSE,4.3,42,Ribera del Duero,Ribera del Duero,33.0,1.5185,Ribera Del Duero Red,5,3
Pazo Senorans,Tras Los Muros Albarino,2017,FALSE,4.3,42,Rias Baixas,Rias Baixas,38.0,1.5798,Albarino,3,3
Avancia,Godello,2020,FALSE,4.3,42,Valdeorras,Other,24.77,1.3939,NA,NA,NA
Carlos Moro,CM Tinto,2017,FALSE,4.3,42,Rioja,Rioja,17.75,1.2492,Tempranillo,4,2
Bodegas Frontonio,La Loma & Los Santos Garnacha Blanca - Macabeo,2018,FALSE,4.3,41,Valdejalon,Other,40.9,1.6117,NA,NA,NA
Vinicola Real,200 Monges Rioja Gran Reserva,2005,FALSE,4.3,40,Rioja,Rioja,52.5,1.7202,Rioja Red,4,3
Terra Remota,Clos Adrien,2016,FALSE,4.3,40,Emporda,Other,48.91,1.6894,Red,4,3
Cal Batllet - Celler Ripoll Sans,Gratallops Escanya-Vella,2018,FALSE,4.3,40,Priorato,Priorato,27.1,1.433,NA,NA,NA
Ramon Bilbao,Lalomba Finca Ladero,2016,FALSE,4.3,40,Rioja,Rioja,58.25,1.7653,Rioja Red,4,3
Santa Petronila,Oloroso En Rama,,TRUE,4.3,40,Jerez-Xeres-Sherry,Jerez-Xeres-Sherry,24.9,1.3962,Sherry,4,3
Jimenez-Landi,El Reventon Cebreros,2016,FALSE,4.3,40,Castilla y Leon,Other,67.95,1.8322,Grenache,5,3
Hidalgo (La Gitana),Amontillado Napoleon Vinos Viejos 30 Year Old Sherry,,TRUE,4.3,40,Jerez-Xeres-Sherry,Jerez-Xeres-Sherry,74.9,1.8745,Sherry,4,3
Chivite,Navarra Vendimia Tardia Coleccion 125,2018,FALSE,4.3,39,Navarra,Other,25.95,1.4141,NA,NA,NA
Espectacle del Montsant,Tinto,2018,FALSE,4.3,39,Montsant,Other,119.0,2.0755,Montsant Red,4,3
Gallina de Piel,Manar dos Seixas,2019,FALSE,4.3,38,Ribeiro,Ribeiro,13.5,1.1303,NA,NA,NA
Vinicola Real,200 Monges Edicion Exclusiva Blanco Reserva,2010,FALSE,4.3,38,Rioja,Rioja,51.45,1.7114,Rioja White,3,3
Cartoixa de Montsalvat,Montsalvat,2005,FALSE,4.3,38,Priorato,Priorato,56.27,1.7503,Priorat Red,4,3
Arid,Eolic Sauvignon Blanc,2016,FALSE,4.3,38,Penedes,Other,11.65,1.0663,Sauvignon Blanc,3,3
Carlos Moro,Finca Valmediano Tinta de Toro 16 Meses Barrica,2012,FALSE,4.3,38,Toro,Toro,32.9,1.5172,Toro Red,5,3
Jimenez-Landi,Cantos del Diablo,2018,FALSE,4.3,38,Mentrida,Other,197.0,2.2945,Grenache,5,3
Bodegas Reyes,Teofilo Reyes Crianza,2019,FALSE,4.3,38,Ribera del Duero,Ribera del Duero,14.71,1.1676,Ribera Del Duero Red,5,3
Gutierrez de la Vega,Recondita Armonia Monastrell Dulce,2018,FALSE,4.3,38,Alicante,Alicante,16.45,1.2162,NA,NA,NA
Hugas de Batlle,Falguera,2009,FALSE,4.3,38,Emporda,Other,53.55,1.7288,Red,4,3
Atlan & Artisan,Epistem No. 3,2016,FALSE,4.3,38,Yecla,Other,18.9,1.2765,Red,4,3
Telmo Rodriguez,Molino Real,2015,FALSE,4.3,38,Malaga,Other,53.3,1.7267,NA,NA,NA
Bodegas Arrocal,Angel Ribera del Duero,2015,FALSE,4.3,37,Ribera del Duero,Ribera del Duero,31.9,1.5038,Ribera Del Duero Red,5,3
Buil & Gine,Pleret,2012,FALSE,4.3,37,Priorato,Priorato,55.5,1.7443,Priorat Red,4,3
Luis A. Rodriguez Vazquez,A Torna dos Pasas Escolma Ribeiro,2016,FALSE,4.3,37,Ribeiro,Ribeiro,40.75,1.6101,Red,4,3
Castell del Remei,Costers Del Segre 1780,2017,FALSE,4.3,37,Costers del Segre,Costers del Segre,22.9,1.3598,Red,4,3
Vizcarra,Ines,2010,FALSE,4.3,37,Ribera del Duero,Ribera del Duero,76.87,1.8858,Ribera Del Duero Red,5,3
Vizcarra,Ines,2014,FALSE,4.3,37,Ribera del Duero,Ribera del Duero,79.98,1.903,Ribera Del Duero Red,5,3
Valdubon,Honoris,2005,FALSE,4.3,37,Ribera del Duero,Ribera del Duero,35.0,1.5441,Ribera Del Duero Red,5,3
Emilio Moro,La Revelia Godello,2019,FALSE,4.3,37,Bierzo,Bierzo,21.65,1.3355,NA,NA,NA
Altanza,Club Rioja Reserva,2012,FALSE,4.3,36,Rioja,Rioja,20.95,1.3212,Rioja Red,4,3
Bodegas Y Vinedos Alilian,Camino del Abuelo Vinas Viejas,2013,FALSE,4.3,36,Ribera del Duero,Ribera del Duero,243.8,2.387,Ribera Del Duero Red,5,3
Artadi,La Morera de San Lazaro,2016,FALSE,4.3,36,Vino de Espana,Vino de Espana,80.0,1.9031,Tempranillo,4,2
Real de Asua,Tinto,2000,FALSE,4.3,36,Rioja,Rioja,60.4,1.781,Rioja Red,4,3
Artadi,Quintanilla,2016,FALSE,4.3,35,Vino de Espana,Vino de Espana,65.9,1.8189,Tempranillo,4,2
Taron,Reserva,2014,FALSE,4.3,35,Rioja Alta,Other,10.2,1.0086,Rioja Red,4,3
Sebio,Salvaxe,2018,FALSE,4.3,35,Ribeiro,Ribeiro,26.75,1.4273,NA,NA,NA
R. Lopez de Heredia,Vina Tondonia Reserva,2014,FALSE,4.3,35,Rioja,Rioja,47.95,1.6808,Rioja Red,4,3
Gramona,Vi De Glass Gewurztraminer,2017,FALSE,4.3,35,Cataluna,Other,18.58,1.269,NA,NA,NA
Goyo Garcia Viadero,Finca Los Quemados,2016,FALSE,4.3,35,Ribera del Duero,Ribera del Duero,27.7,1.4425,Ribera Del Duero Red,5,3
Bodegas Reyes,Teofilo Reyes Crianza,2018,FALSE,4.3,35,Ribera del Duero,Ribera del Duero,11.94,1.077,Ribera Del Duero Red,5,3
Marques de Caceres,Rioja Reserva,1985,FALSE,4.3,35,Rioja,Rioja,45.0,1.6532,Rioja Red,4,3
Santiago Ruiz,Albarino (O Rosal),2021,FALSE,4.3,35,Rias Baixas,Rias Baixas,13.45,1.1287,Albarino,3,3
Terroir Al Limit Soc. Lda,Les Manyes,2017,FALSE,4.3,35,Priorato,Priorato,180.0,2.2553,Priorat Red,4,3
Pujanza,Rioja,2005,FALSE,4.3,34,Rioja,Rioja,29.0,1.4624,Rioja Red,4,3
Mauro Estevez,Vino de Autor Ribeiro Blanco,2020,FALSE,4.3,34,Ribeiro,Ribeiro,15.9,1.2014,NA,NA,NA
Finca Valpiedra,Rioja Reserva,1994,FALSE,4.3,34,Rioja,Rioja,65.0,1.8129,Rioja Red,4,3
Mas Bertran,Argila Reserva 3 Anys Brut Nature,2013,FALSE,4.3,34,Penedes,Other,21.6,1.3345,Sparkling,2,3
Bodegas Gama,Octogenarius,2014,FALSE,4.3,34,Rioja,Rioja,46.5,1.6675,Grenache,5,3
Edetaria,Finca La Pedrissa,2015,FALSE,4.3,34,Terra Alta,Other,37.9,1.5786,Red,4,3
Hacienda Zorita Natural Reserve,Magister,2017,FALSE,4.3,35,Arribes,Other,35.5,1.5502,Red,4,3
Valtravieso,Ribera del Duero Vendimia Seleccionada VT,2018,FALSE,4.3,34,Ribera del Duero,Ribera del Duero,27.9,1.4456,Ribera Del Duero Red,5,3
Ton Rimbau,Porcellanic VI Xarel-lo Sur Lie,2011,FALSE,4.3,33,Penedes,Other,110.47,2.0432,NA,NA,NA
Can Xanet,Sibila,2017,FALSE,4.3,33,Mallorca,Mallorca,32.46,1.5113,Red,4,3
Castillo Perelada,Emporda Reserva Especial Don Miguel Mateu,2015,FALSE,4.3,33,Emporda,Other,15.56,1.192,Red,4,3
A Coroa,200 Cestos Godello,2020,FALSE,4.3,33,Valdeorras,Other,23.7,1.3747,NA,NA,NA
Sebio,Heaven & Hell,2017,FALSE,4.3,32,Galicia,Other,18.5,1.2672,NA,NA,NA
Celler de Capcanes,Cabrida Montsant,2018,FALSE,4.3,32,Montsant,Other,36.85,1.5664,Montsant Red,4,3
Alonso & Pedrajo,Suane Blanco,2017,FALSE,4.3,32,Rioja,Rioja,23.9,1.3784,Rioja White,3,3
Bodegas Amaren,Garnacha,2014,FALSE,4.3,32,Rioja,Rioja,38.0,1.5798,Grenache,5,3
Jimenez-Landi,Cantos del Diablo,2017,FALSE,4.3,33,Mentrida,Other,101.01,2.0044,Grenache,5,3
Bodegas Ochoa,Vendimia Tardia Moscatel,2020,FALSE,4.3,32,Navarra,Other,13.75,1.1383,NA,NA,NA
Mandia Vell,Pinot Noir,2017,FALSE,4.3,31,Mallorca,Mallorca,29.38,1.4681,Red,4,3
Bodega Juan Carlos Sancha,Cerro La Isa Blanco,2018,FALSE,4.3,31,Rioja,Rioja,44.9,1.6522,Rioja White,3,3
Valdecuevas,Cuvee Verdejo,2018,FALSE,4.3,31,Rueda,Other,12.0,1.0792,Verdejo,3,3
Algueira,Anadelia,2015,FALSE,4.3,31,Ribeira Sacra,Other,38.5,1.5855,NA,NA,NA
Sebio,Salvaxe,2017,FALSE,4.3,31,Ribeiro,Ribeiro,28.35,1.4526,NA,NA,NA
Telmo Rodriguez,Tabuerniga,2018,FALSE,4.3,31,Rioja,Rioja,65.22,1.8144,Rioja Red,4,3
Mocen,Seleccion Especial Verdejo,2021,FALSE,4.3,32,Rueda,Other,6.26,0.7966,Verdejo,3,3
Estones,Coster d'en Fornos,2017,FALSE,4.3,31,Montsant,Other,40.55,1.608,Montsant Red,4,3
Bodega Tameran,Malvasia Volcanica,2020,FALSE,4.3,31,Gran Canaria,Other,31.9,1.5038,NA,NA,NA
Inurrieta,Laderas de Inurrieta,2017,FALSE,4.3,30,Navarra,Other,26.1,1.4166,Red,4,3
Telmo Rodriguez,El Velado Tinto,2017,FALSE,4.3,30,Rioja,Rioja,73.95,1.8689,Rioja Red,4,3
Trus,Pico de Luyas,2018,FALSE,4.3,30,Ribera del Duero,Ribera del Duero,48.9,1.6893,Ribera Del Duero Red,5,3
Flor de Chasna,Blanco Afrutado,2020,FALSE,4.3,30,Abona,Other,11.99,1.0788,NA,NA,NA
Lagar de Sabariz,A Pita Cega,2015,FALSE,4.3,30,Galicia,Other,44.8,1.6513,NA,NA,NA
Mestres,Mas Via Gran Reserva Brut,2002,FALSE,4.3,29,Cava,Other,76.17,1.8818,Cava,2,3
Muga,Prado Enea Gran Reserva,1970,FALSE,4.3,29,Rioja,Rioja,120.0,2.0792,Rioja Red,4,3
Campillo,Finca Cuesta Clara Raro Reserva,2016,FALSE,4.3,29,Rioja,Rioja,39.5,1.5966,Rioja Red,4,3
Naia,Naiades,2018,FALSE,4.3,29,Rueda,Other,19.03,1.2794,Verdejo,3,3
AGE,Fuenmayor Gran Reserva,1959,FALSE,4.3,29,Rioja,Rioja,230.0,2.3617,Rioja Red,4,3
Marques de Murrieta,Dalmau Rioja,1996,FALSE,4.3,29,Rioja,Rioja,110.0,2.0414,Rioja Red,4,3
Marques de Riscal,Rioja Reserva,1964,FALSE,4.3,29,Rioja,Rioja,310.0,2.4914,Rioja Red,4,3
Navajas,Mirador de Navajas Reserva Rioja,2011,FALSE,4.3,29,Rioja,Rioja,28.7550102072719,1.4587,Rioja Red,4,3
Altanza,Coleccion Roberto Amillo Amontillado,,TRUE,4.3,29,Jerez Amontillado,Other,39.9,1.601,Sherry,4,3
Alvaro Domecq,1730 Amontillado,,TRUE,4.3,29,Jerez Amontillado,Other,34.65,1.5397,Sherry,4,3
Allende,Aurus,2011,FALSE,4.3,29,Rioja,Rioja,211.92,2.3262,Rioja Red,4,3
Bodega Juan Carlos Sancha,Cerro La Isa Garnacha,2018,FALSE,4.3,28,Rioja,Rioja,43.9,1.6425,Rioja Red,4,3
Vinyes del Terrer,Nus del Terrer,2016,FALSE,4.3,28,Tarragona,Other,25.9,1.4133,Red,4,3
Cepas Familiares,Nivel,2018,FALSE,4.3,28,Ribera del Duero,Ribera del Duero,35.0,1.5441,Ribera Del Duero Red,5,3
Bodegas Faustino,I Gran Reserva,1968,FALSE,4.3,28,Rioja,Rioja,160.0,2.2041,Rioja Red,4,3
Dominio de Loalva,Seleccion Especial,2016,FALSE,4.3,28,Ribera del Duero,Ribera del Duero,32.0,1.5051,Ribera Del Duero Red,5,3
El Regajal,Galia Clos Santuy,2017,FALSE,4.3,28,Castilla y Leon,Other,74.9,1.8745,Red,4,3
Ysios,Seleccion,2016,FALSE,4.3,28,Rioja,Rioja,30.0,1.4771,Rioja Red,4,3
Antidoto,Le Rose,2018,FALSE,4.3,28,Ribera del Duero,Ribera del Duero,49.0,1.6902,NA,NA,NA
Zifar,Pago de las Sabinas,2016,FALSE,4.3,28,Ribera del Duero,Ribera del Duero,39.55,1.5971,Ribera Del Duero Red,5,3
Romate,Old & Plus Oloroso,,TRUE,4.3,28,Jerez Oloroso,Other,45.0,1.6532,Sherry,4,3
Altanza,Coleccion Roberto Amillo Palo Cortado,,TRUE,4.3,27,Jerez-Xeres-Sherry,Jerez-Xeres-Sherry,47.7,1.6785,Sherry,4,3
Volver,Alicante Bouschet by Tarima,2018,FALSE,4.3,27,Alicante,Alicante,14.9,1.1732,Red,4,3
Marques de Riscal,Rioja Gran Reserva,2016,FALSE,4.3,27,Rioja,Rioja,46.45,1.667,Rioja Red,4,3
Rodriguez de Vera,Tinto,2017,FALSE,4.3,27,Almansa,Other,15.45,1.1889,Red,4,3
Bordalas Garcia,Gueta-Lupia,2011,FALSE,4.3,27,Priorato,Priorato,31.75,1.5017,Priorat Red,4,3
Sierra Cantabria,Amancio,2002,FALSE,4.3,27,Rioja,Rioja,110.0,2.0414,Rioja Red,4,3
Bodega Tameran,Marmajuelo,2020,FALSE,4.3,27,Gran Canaria,Other,29.75,1.4735,NA,NA,NA
Bodega Tameran,Marmajuelo,2020,FALSE,4.3,27,Gran Canaria,Other,29.75,1.4735,NA,NA,NA
Rimarts,Cava Reserva Especial Chardonnay Brut Nature,2016,FALSE,4.3,27,Cava,Other,18.5,1.2672,Cava,2,3
Pinna Fidelis,Ribera del Duero Vendimia Seleccionada,2016,FALSE,4.3,26,Ribera del Duero,Ribera del Duero,19.8563175,1.2979,Ribera Del Duero Red,5,3
Habla,No. 23,2017,FALSE,4.3,26,Extremadura,Other,23.1,1.3636,Red,4,3
Jimenez-Landi,Las Iruelas El Tiemblo,2018,FALSE,4.3,26,Castilla y Leon,Other,97.07,1.9871,Grenache,5,3
Loess,Tinto,2019,FALSE,4.3,26,Ribera del Duero,Ribera del Duero,8.57,0.933,Ribera Del Duero Red,5,3
Jimenez-Landi,Cantos del Diablo,2016,FALSE,4.3,26,Mentrida,Other,67.95,1.8322,Grenache,5,3
Javier Sanz Viticultor,V Dulce de Invierno,2018,FALSE,4.3,26,Castilla y Leon,Other,17.74,1.249,NA,NA,NA
Dominio de Anza,Diego Magana,2020,FALSE,4.3,26,Rioja,Rioja,37.9,1.5786,Rioja Red,4,3
Bodegas Amaren,Graciano,2012,FALSE,4.3,26,Rioja,Rioja,68.0,1.8325,Rioja Red,4,3
Gomez Cruzado,Cerro Las Cuevas Seleccion Terroir,2019,FALSE,4.3,26,Rioja,Rioja,39.89,1.6009,Rioja Red,4,3
Hacienda Solano,Pena Lobera,2018,FALSE,4.3,25,Ribera del Duero,Ribera del Duero,68.9,1.8382,Ribera Del Duero Red,5,3
Altos de Rioja,Altos R Pigeage Graciano,2016,FALSE,4.3,25,Rioja,Rioja,35.0,1.5441,Rioja Red,4,3
Samsara,Ronda,2015,FALSE,4.3,25,Sierras de Malaga,Other,32.5,1.5119,Red,4,3
Ordonez,Nisia Las Suertes Verdejo Old Vines,2020,FALSE,4.3,25,Rueda,Other,16.9,1.2279,Verdejo,3,3
Josep Grau Viticultor,Territori,2019,FALSE,4.3,25,Montsant,Other,23.6,1.3729,Red,4,3
Cuentavinas,Alomado,2018,FALSE,4.3,25,Rioja,Rioja,46.95,1.6716,Rioja Red,4,3
Bodegas Gama,Octogenarius,2015,FALSE,4.3,25,Rioja,Rioja,36.9,1.567,Grenache,5,3
Miguel Merino,Gran Reserva,2000,FALSE,4.3,25,Rioja,Rioja,48.81,1.6885,Rioja Red,4,3
Los Aguilares,Pinot Noir,2020,FALSE,4.3,25,Sierras de Malaga,Other,33.5,1.525,Red,4,3
Nin-Ortiz,Selma de Nin Blanco,2017,FALSE,4.3,25,Cataluna,Other,56.95,1.7555,NA,NA,NA
Zifar,Senda de Los Olivos Roble,2020,FALSE,4.3,25,Ribera del Duero,Ribera del Duero,8.9,0.9494,Ribera Del Duero Red,5,3
Felix Solis,Mucho Mas Tinto,,TRUE,4.2,32624,Vino de Espana,Vino de Espana,4.99,0.6981,Red,4,3
Marques de Riscal,Rioja Reserva,2016,FALSE,4.2,16505,Rioja,Rioja,15.9,1.2014,Rioja Red,4,3
La Rioja Alta,Vina Ardanza Reserva,2007,FALSE,4.2,9098,Rioja,Rioja,23.7,1.3747,Rioja Red,4,3
Marques de Murrieta,Reserva Rioja (Finca Ygay),2016,FALSE,4.2,8318,Rioja,Rioja,23.0,1.3617,Rioja Red,4,3
Emilio Moro,Ribera del Duero,2018,FALSE,4.2,7825,Ribera del Duero,Ribera del Duero,19.5,1.29,Ribera Del Duero Red,5,3
Emilio Moro,Ribera del Duero,2017,FALSE,4.2,7294,Ribera del Duero,Ribera del Duero,21.2,1.3263,Ribera Del Duero Red,5,3
Tinto Pesquera,Reserva,2012,FALSE,4.2,6567,Ribera del Duero,Ribera del Duero,27.0,1.4314,Ribera Del Duero Red,5,3
La Rioja Alta,Vina Ardanza Reserva,2008,FALSE,4.2,6532,Rioja,Rioja,33.0,1.5185,Rioja Red,4,3
El Coto,Coto de Imaz Rioja Gran Reserva,2012,FALSE,4.2,6256,Rioja,Rioja,16.14,1.2079,Rioja Red,4,3
Dominio de Pingus,PSI,2016,FALSE,4.2,6163,Ribera del Duero,Ribera del Duero,37.95,1.5792,Ribera Del Duero Red,5,3
La Rioja Alta,Vina Alberdi Reserva,2015,FALSE,4.2,5802,Rioja,Rioja,17.02,1.231,Rioja Red,4,3
Abadia Retuerta,Seleccion Especial,2014,FALSE,4.2,5178,Sardon de Duero,Other,49.85,1.6977,Red,4,3
Mar de Frades,Rias Baixas Albarino Atlantico,2019,FALSE,4.2,4610,Rias Baixas,Rias Baixas,14.95,1.1746,Albarino,3,3
Matarromera,Crianza,2016,FALSE,4.2,4127,Ribera del Duero,Ribera del Duero,9.76,0.9894,Ribera Del Duero Red,5,3
Arzuaga,Ribera del Duero Crianza,2016,FALSE,4.2,4091,Ribera del Duero,Ribera del Duero,19.16,1.2824,Ribera Del Duero Red,5,3
La Rioja Alta,Vina Alberdi Reserva,2016,FALSE,4.2,3825,Rioja,Rioja,15.8,1.1987,Rioja Red,4,3
Imperial,Rioja Reserva,2015,FALSE,4.2,3788,Rioja,Rioja,19.8333333333333,1.2974,Rioja Red,4,3
Protos,27 Ribera del Duero,2016,FALSE,4.2,3725,Ribera del Duero,Ribera del Duero,21.0,1.3222,Ribera Del Duero Red,5,3
Terras Gauda,Terras Gauda O Rosal,2020,FALSE,4.2,3648,Rias Baixas,Rias Baixas,12.29,1.0896,Albarino,3,3
Protos,27 Ribera del Duero,2017,FALSE,4.2,3545,Ribera del Duero,Ribera del Duero,23.75,1.3757,Ribera Del Duero Red,5,3
Remelluri,Rioja Reserva,2012,FALSE,4.2,3453,Rioja,Rioja,15.83,1.1995,Rioja Red,4,3
Arzuaga,Ribera del Duero Crianza,2017,FALSE,4.2,3354,Ribera del Duero,Ribera del Duero,15.45,1.1889,Ribera Del Duero Red,5,3
Familia Torres,Salmos,2016,FALSE,4.2,3225,Priorato,Priorato,24.85,1.3953,Priorat Red,4,3
Pago de Los Capellanes,Crianza Tinto,2017,FALSE,4.2,3224,Ribera del Duero,Ribera del Duero,20.95,1.3212,Ribera Del Duero Red,5,3
Marques de Riscal,Rioja Gran Reserva,2007,FALSE,4.2,3101,Rioja,Rioja,28.43,1.4538,Rioja Red,4,3
R. Lopez de Heredia,Vina Bosconia Reserva,2008,FALSE,4.2,2901,Rioja Alta,Other,22.58,1.3537,Rioja Red,4,3
Bodegas Mauro,Red,2011,FALSE,4.2,2820,Castilla y Leon,Other,58.26,1.7654,Red,4,3
R. Lopez de Heredia,Vina Bosconia Reserva,2007,FALSE,4.2,2820,Rioja Alta,Other,20.95,1.3212,Rioja Red,4,3
Familia Torres,Mas La Plana Cabernet Sauvignon,2010,FALSE,4.2,2788,Penedes,Other,48.4,1.6848,Cabernet Sauvignon,4,3
Rafael Palacios,Louro Godello,2019,FALSE,4.2,2685,Valdeorras,Other,19.7,1.2945,NA,NA,NA
Imperial,Rioja Reserva,2016,FALSE,4.2,2676,Rioja,Rioja,24.75,1.3936,Rioja Red,4,3
Bodegas Roda,Roda Reserva Rioja,2015,FALSE,4.2,2478,Rioja,Rioja,55.47,1.7441,Rioja Red,4,3
Bodegas Roda,Roda Reserva Rioja,2012,FALSE,4.2,2375,Rioja,Rioja,28.4,1.4533,Rioja Red,4,3
Imperial,Rioja Reserva,2014,FALSE,4.2,2364,Rioja,Rioja,27.6,1.4409,Rioja Red,4,3
Juan Gil,Jumilla Blue Label,2015,FALSE,4.2,2271,Jumilla,Other,24.76,1.3938,Red,4,3
Juan Gil,Jumilla Blue Label,2018,FALSE,4.2,2234,Jumilla,Other,24.6,1.3909,Red,4,3
Juan Gil,Jumilla Blue Label,2017,FALSE,4.2,2135,Jumilla,Other,22.5,1.3522,Red,4,3
Bodegas Faustino,I Gran Reserva,1994,FALSE,4.2,2074,Rioja,Rioja,124.5,2.0952,Rioja Red,4,3
Carmelo Rodero,Crianza,2017,FALSE,4.2,2050,Ribera del Duero,Ribera del Duero,19.99,1.3008,Ribera Del Duero Red,5,3
Atalaya,La Atalaya del Camino,2017,FALSE,4.2,2022,Almansa,Other,11.8,1.0719,Red,4,3
Protos,27 Ribera del Duero,2018,FALSE,4.2,1981,Ribera del Duero,Ribera del Duero,23.74,1.3755,Ribera Del Duero Red,5,3
Bodegas Roda,Roda Reserva Rioja,2013,FALSE,4.2,1931,Rioja,Rioja,30.35,1.4822,Rioja Red,4,3
Protos,Gran Reserva,2012,FALSE,4.2,1921,Ribera del Duero,Ribera del Duero,38.84,1.5893,Ribera Del Duero Red,5,3
Remelluri,Rioja Reserva,2013,FALSE,4.2,1768,Rioja,Rioja,21.5,1.3324,Rioja Red,4,3
Tinto Pesquera,Reserva,2015,FALSE,4.2,1688,Ribera del Duero,Ribera del Duero,29.95,1.4764,Ribera Del Duero Red,5,3
Marques de Riscal,Rioja 150 Aniversario,2010,FALSE,4.2,1686,Rioja,Rioja,59.0,1.7709,Rioja Red,4,3
Pintia,Toro,2006,FALSE,4.2,1665,Toro,Toro,98.9,1.9952,Toro Red,5,3
Bodegas Roda,Roda Reserva Rioja,2014,FALSE,4.2,1645,Rioja,Rioja,59.9,1.7774,Rioja Red,4,3
Alto Moncayo,Veraton Garnacha,2014,FALSE,4.2,1627,Campo de Borja,Other,19.94,1.2997,Grenache,5,3
R. Lopez de Heredia,Vina Bosconia Reserva,2009,FALSE,4.2,1611,Rioja Alta,Other,23.52,1.3714,Rioja Red,4,3
Casa Rojo,Alexander vs. The Ham Factory,2016,FALSE,4.2,1573,Ribera del Duero,Ribera del Duero,33.3733333333333,1.5234,Ribera Del Duero Red,5,3
Dominio de Pingus,PSI,2019,FALSE,4.2,1355,Ribera del Duero,Ribera del Duero,34.5,1.5378,Ribera Del Duero Red,5,3
Alto Moncayo,Veraton Garnacha,2018,FALSE,4.2,1343,Campo de Borja,Other,21.6,1.3345,Grenache,5,3
La Rioja Alta,Vina Alberdi Crianza,2015,FALSE,4.2,1341,Rioja,Rioja,11.2,1.0492,Rioja Red,4,3
Huerta de Albala,Taberner Tierra de Cadiz,2014,FALSE,4.2,1337,Cadiz,Other,32.0010770950795,1.5052,Syrah,4,3
Marques de Riscal,Rioja Gran Reserva,2011,FALSE,4.2,1319,Rioja,Rioja,39.5,1.5966,Rioja Red,4,3
Garmon,Ribera del Duero,2015,FALSE,4.2,1308,Ribera del Duero,Ribera del Duero,33.59,1.5262,Ribera Del Duero Red,5,3
Marques de Murrieta,Capellania Reserva,2015,FALSE,4.2,1301,Rioja,Rioja,29.15,1.4646,Rioja White,3,3
Aster,Finca El Otero,2014,FALSE,4.2,1267,Ribera del Duero,Ribera del Duero,28.75,1.4586,Ribera Del Duero Red,5,3
Matarromera,Crianza,2017,FALSE,4.2,1209,Ribera del Duero,Ribera del Duero,16.88,1.2274,Ribera Del Duero Red,5,3
Gramona,Gessami,2019,FALSE,4.2,1164,Penedes,Other,9.95,0.9978,NA,NA,NA
Dominio de Atauta,Dominio de Atauta,2016,FALSE,4.2,1159,Ribera del Duero,Ribera del Duero,25.71,1.4101,Ribera Del Duero Red,5,3
Bodegas Ximenez-Spinola,Finest Old Harvest Medium,,TRUE,4.2,1155,Jerez-Xeres-Sherry,Jerez-Xeres-Sherry,18.87,1.2758,Pedro Ximenez,5,1
Huerta de Albala,Taberner Tierra de Cadiz,2015,FALSE,4.2,1125,Cadiz,Other,17.04,1.2315,Syrah,4,3
Montecastro,Ribera del Duero Red,2015,FALSE,4.2,1095,Ribera del Duero,Ribera del Duero,18.9,1.2765,Ribera Del Duero Red,5,3
Bosque de Matasnos,Bosque de Matasnos Etiqueta Blanca,2017,FALSE,4.2,1093,Ribera del Duero,Ribera del Duero,55.75,1.7462,Ribera Del Duero Red,5,3
Garmon,Ribera del Duero,2014,FALSE,4.2,1086,Ribera del Duero,Ribera del Duero,37.9,1.5786,Ribera Del Duero Red,5,3
Bodegas La Horra,Corimbo I,2014,FALSE,4.2,1078,Ribera del Duero,Ribera del Duero,39.0,1.5911,Ribera Del Duero Red,5,3
Carmelo Rodero,Crianza,2018,FALSE,4.2,1070,Ribera del Duero,Ribera del Duero,16.49,1.2172,Ribera Del Duero Red,5,3
Lustau,Vermut Rojo,,TRUE,4.2,1058,Jerez-Xeres-Sherry,Jerez-Xeres-Sherry,11.9,1.0755,NA,NA,NA
Atalaya,La Atalaya del Camino,2019,FALSE,4.2,1048,Almansa,Other,11.66,1.0667,Red,4,3
R. Lopez de Heredia,Vina Tondonia Reserva Blanco,2005,FALSE,4.2,1043,Rioja Alta,Other,26.9,1.4298,Rioja White,3,3
Protos,Reserva 5 Ano,2015,FALSE,4.2,1040,Ribera del Duero,Ribera del Duero,22.95,1.3608,Ribera Del Duero Red,5,3
Emilio Moro,Malleolus,2014,FALSE,4.2,1030,Ribera del Duero,Ribera del Duero,31.95,1.5045,Ribera Del Duero Red,5,3
Gonzalez-Byass,Del Duque Amontillado Sherry VORS,,TRUE,4.2,1016,Jerez Amontillado,Other,77.22,1.8877,Sherry,4,3
Alvaro Palacios,Les Terrasses Velles Vinyes Priorat,2017,FALSE,4.2,1016,Priorato,Priorato,85.9,1.934,Priorat Red,4,3
Familia Torres,Salmos,2017,FALSE,4.2,1008,Priorato,Priorato,20.99,1.322,Priorat Red,4,3
Bodega Numanthia,Numanthia,2013,FALSE,4.2,998,Toro,Toro,51.19,1.7092,Toro Red,5,3
Alvaro Palacios,Les Terrasses Laderas de Pizarra,2016,FALSE,4.2,970,Priorato,Priorato,32.25,1.5085,Priorat Red,4,3
Merum Priorati,Inici,2017,FALSE,4.2,969,Priorato,Priorato,39.0,1.5911,Priorat Red,4,3
Familia Torres,Mas La Plana Cabernet Sauvignon,2016,FALSE,4.2,964,Penedes,Other,56.26,1.7502,Cabernet Sauvignon,4,3
Bodegas La Horra,Corimbo I,2011,FALSE,4.2,918,Ribera del Duero,Ribera del Duero,23.4,1.3692,Ribera Del Duero Red,5,3
Castillo Perelada,5 Finques (Fincas) Reserva,2017,FALSE,4.2,918,Emporda,Other,11.35,1.055,Red,4,3
Bodegas La Horra,Corimbo I,2013,FALSE,4.2,915,Ribera del Duero,Ribera del Duero,37.5,1.574,Ribera Del Duero Red,5,3
Quinta Sardonia,QS,2010,FALSE,4.2,900,Castilla y Leon,Other,40.76,1.6102,Red,4,3
Martinet,Martinet Bru (Garnatxa - Syrah),2019,FALSE,4.2,897,Priorato,Priorato,21.9,1.3404,Priorat Red,4,3
La Rioja Alta,Vina Ardanza Reserva,2000,FALSE,4.2,883,Rioja,Rioja,161.0,2.2068,Rioja Red,4,3
Vinedos de Paganos,El Puntido,2013,FALSE,4.2,879,Rioja,Rioja,34.41,1.5367,Rioja Red,4,3
Emilio Moro,Ribera del Duero,2019,FALSE,4.2,876,Ribera del Duero,Ribera del Duero,16.95,1.2292,Ribera Del Duero Red,5,3
Alvaro Palacios,Finca Dofi,2015,FALSE,4.2,865,Priorato,Priorato,52.5,1.7202,Priorat Red,4,3
Protos,Reserva 5 Ano,2014,FALSE,4.2,855,Ribera del Duero,Ribera del Duero,19.53,1.2907,Ribera Del Duero Red,5,3
Bodegas Valduero,Ribera Del Duero Reserva,2012,FALSE,4.2,852,Ribera del Duero,Ribera del Duero,30.0,1.4771,Ribera Del Duero Red,5,3
Baluarte,Muscat,2020,FALSE,4.2,842,Navarra,Other,5.5,0.7404,NA,NA,NA
Marques de Riscal,Rioja Gran Reserva,2014,FALSE,4.2,840,Rioja,Rioja,35.63,1.5518,Rioja Red,4,3
Bodegas Roda,Roda Reserva Rioja,2017,FALSE,4.2,834,Rioja,Rioja,25.5,1.4065,Rioja Red,4,3
Bodegas Amaren,Angeles de Amaren Tempranillo - Graciano,2015,FALSE,4.2,832,Rioja,Rioja,19.38,1.2874,Rioja Red,4,3
Marques de Murrieta,Reserva Rioja (Finca Ygay),2017,FALSE,4.2,811,Rioja,Rioja,20.9,1.3201,Rioja Red,4,3
Arzuaga,Ribera del Duero Crianza,2019,FALSE,4.2,806,Ribera del Duero,Ribera del Duero,18.5,1.2672,Ribera Del Duero Red,5,3
Marques de Riscal,Reserva XR,2015,FALSE,4.2,778,Rioja,Rioja,23.0,1.3617,Rioja Red,4,3
Familia Torres,Purgatori Costers del Segre,2016,FALSE,4.2,778,Costers del Segre,Costers del Segre,38.37,1.584,Red,4,3
Familia Torres,Purgatori Costers del Segre,2017,FALSE,4.2,777,Costers del Segre,Costers del Segre,25.5,1.4065,Red,4,3
Ramon Bilbao,Mirto,2012,FALSE,4.2,776,Rioja,Rioja,35.0,1.5441,Rioja Red,4,3
Ossian,Vinas Viejas Verdejo,2015,FALSE,4.2,769,Castilla y Leon,Other,30.0,1.4771,Verdejo,3,3
Hispano Suizas,Bassus Pinot Noir,2017,FALSE,4.2,753,Utiel-Requena,Other,18.95,1.2776,Red,4,3
Murviedro,Sericis Cepas Viejas Monastrell,2017,FALSE,4.2,745,Valencia,Other,8.95,0.9518,Monastrell,5,3
Castillo Perelada,Finca Malaveina,2016,FALSE,4.2,740,Emporda,Other,25.35,1.404,Red,4,3
Montecastro,Ribera del Duero Red,2018,FALSE,4.2,733,Ribera del Duero,Ribera del Duero,18.5,1.2672,Ribera Del Duero Red,5,3
Contino,Rioja Gran Reserva,2008,FALSE,4.2,732,Rioja,Rioja,36.0,1.5563,Rioja Red,4,3
Contino,Rioja Gran Reserva,2009,FALSE,4.2,731,Rioja,Rioja,85.8,1.9335,Rioja Red,4,3
Hispano Suizas,Bassus Pinot Noir,2018,FALSE,4.2,721,Utiel-Requena,Other,19.25,1.2844,Red,4,3
Quinta Sardonia,QS,2007,FALSE,4.2,707,Castilla y Leon,Other,37.5,1.574,Red,4,3
VALENCISO,Rioja Reserva,2014,FALSE,4.2,696,Rioja,Rioja,19.4,1.2878,Rioja Red,4,3
Gramona,Gessami,2020,FALSE,4.2,692,Penedes,Other,11.2,1.0492,NA,NA,NA
Remirez de Ganuza,Rioja Reserva Fincas de Ganuza,2014,FALSE,4.2,684,Rioja,Rioja,29.5,1.4698,Rioja Red,4,3
Barahonda,Summum Monastrell,2017,FALSE,4.2,682,Yecla,Other,15.95,1.2028,Monastrell,5,3
Losada,Altos de Losada,2017,FALSE,4.2,676,Bierzo,Bierzo,18.4,1.2648,Mencia,3,3
Alvaro Palacios,Finca Dofi,2014,FALSE,4.2,671,Priorato,Priorato,59.95,1.7778,Priorat Red,4,3
El Coto,Coto de Imaz Rioja Gran Reserva,2015,FALSE,4.2,668,Rioja,Rioja,15.88,1.2009,Rioja Red,4,3
Matsu,El Viejo,2012,FALSE,4.2,668,Toro,Toro,26.95,1.4306,Toro Red,5,3
Recaredo,Corpinnat Terrers Brut Nature,2017,FALSE,4.2,667,Cava,Other,25.0,1.3979,Cava,2,3
Williams & Humbert,Dos Cortados Palo Cortado Solera Especial Aged 20 Years,,TRUE,4.2,666,Jerez Palo Cortado,Other,32.16,1.5073,Sherry,4,3
Alvaro Palacios,Vi de Vila Gratallops,2015,FALSE,4.2,648,Priorato,Priorato,60.0,1.7782,Priorat Red,4,3
Alvaro Palacios,Vi de Vila Gratallops,2014,FALSE,4.2,647,Priorato,Priorato,55.0,1.7404,Priorat Red,4,3
Marques de Murrieta,Gran Reserva Rioja (Finca Ygay),2010,FALSE,4.2,645,Rioja,Rioja,86.95,1.9393,Rioja Red,4,3
Tobia,Oscar Tobia Reserva Rioja,2015,FALSE,4.2,633,Rioja,Rioja,20.0,1.301,Rioja Red,4,3
Marques de Caceres,Rioja Satinela Blanco Semidulce,2020,FALSE,4.2,630,Rioja,Rioja,6.99,0.8445,Rioja White,3,3
Vina Pedrosa,Reserva,2012,FALSE,4.2,628,Ribera del Duero,Ribera del Duero,29.93,1.4761,Ribera Del Duero Red,5,3
Castillo Perelada,Finca Malaveina,2012,FALSE,4.2,627,Emporda,Other,17.84,1.2514,Red,4,3
Contino,Rioja Gran Reserva,2014,FALSE,4.2,624,Rioja,Rioja,34.5,1.5378,Rioja Red,4,3
Bodegas Mauro,Red,2008,FALSE,4.2,622,Castilla y Leon,Other,55.0,1.7404,Red,4,3
Portal del Priorat,Clos del Portal Negre de Negres,2017,FALSE,4.2,612,Priorato,Priorato,21.85,1.3395,Priorat Red,4,3
Recaredo,Corpinnat Terrers Brut Nature,2016,FALSE,4.2,611,Cava,Other,21.8,1.3385,Cava,2,3
Torre de Ona,Martelo Reserva,2014,FALSE,4.2,600,Rioja,Rioja,20.5,1.3118,Rioja Red,4,3
Tinto Pesquera,Crianza,2019,FALSE,4.2,599,Ribera del Duero,Ribera del Duero,17.25,1.2368,Ribera Del Duero Red,5,3
Dehesa de Los Canonigos,Solideo,2015,FALSE,4.2,592,Ribera del Duero,Ribera del Duero,35.09,1.5452,Ribera Del Duero Red,5,3
Sei Solo,Preludio,2017,FALSE,4.2,591,Ribera del Duero,Ribera del Duero,24.9,1.3962,Ribera Del Duero Red,5,3
Diez Caballero,Reserva Tempranillo,2011,FALSE,4.2,587,Rioja,Rioja,20.4532878069468,1.3108,Rioja Red,4,3
Mas d'en Gil,Coma Vella Priorat,2014,FALSE,4.2,576,Priorato,Priorato,24.8,1.3945,Priorat Red,4,3
Chozas Carrascal,Las Ocho (8) Tinto,2017,FALSE,4.2,570,Utiel-Requena,Other,16.767557,1.2245,Red,4,3
Vegalfaro,Pago de los Balagueses Syrah,2017,FALSE,4.2,559,Utiel-Requena,Other,17.7,1.248,Syrah,4,3
Lopez Cristobal,Bagus Ribera del Duero,2012,FALSE,4.2,559,Ribera del Duero,Ribera del Duero,54.0,1.7324,Ribera Del Duero Red,5,3
Clos Galena,Formiga de Vellut,2018,FALSE,4.2,558,Priorato,Priorato,16.2,1.2095,Priorat Red,4,3
Bodegas Valduero,Tierra Alta En 2 Maderas,2017,FALSE,4.2,557,Ribera del Duero,Ribera del Duero,19.9,1.2989,Ribera Del Duero Red,5,3
Los Aguilares,Pago El Espino,2017,FALSE,4.2,555,Sierras de Malaga,Other,25.35,1.404,Red,4,3
VALENCISO,Rioja Blanco,2018,FALSE,4.2,540,Rioja,Rioja,17.75,1.2492,Rioja White,3,3
Dehesa de Los Canonigos,Crianza,2018,FALSE,4.2,528,Ribera del Duero,Ribera del Duero,18.9,1.2765,Ribera Del Duero Red,5,3
Palacios Remondo,Propiedad  Rioja,2017,FALSE,4.2,527,Rioja,Rioja,25.9,1.4133,Rioja Red,4,3
Dehesa de Los Canonigos,Crianza,2017,FALSE,4.2,520,Ribera del Duero,Ribera del Duero,18.25,1.2613,Ribera Del Duero Red,5,3
Bodegas Faustino,Reserva Especial Icon Edition,2014,FALSE,4.2,519,Rioja,Rioja,23.89,1.3782,Rioja Red,4,3
Fernando de Castilla,Antique Palo Cortado,,TRUE,4.2,519,Jerez Palo Cortado,Other,36.9,1.567,Sherry,4,3
Matsu,El Viejo,2017,FALSE,4.2,518,Toro,Toro,33.9,1.5302,Toro Red,5,3
Lan,Vina Lanciano Reserva,2015,FALSE,4.2,514,Rioja,Rioja,14.6,1.1644,Rioja Red,4,3
Anima Negra,An,2016,FALSE,4.2,513,Mallorca,Mallorca,139.9,2.1458,Red,4,3
Bodegas Mas Alta,Artigas,2017,FALSE,4.2,505,Priorato,Priorato,20.9,1.3201,Priorat Red,4,3
Vinicola Real,200 Monges Rioja Reserva,2005,FALSE,4.2,499,Rioja,Rioja,48.0,1.6812,Rioja Red,4,3
Contino,Rioja Gran Reserva,2011,FALSE,4.2,490,Rioja,Rioja,39.5,1.5966,Rioja Red,4,3
Sei Solo,Preludio,2018,FALSE,4.2,488,Ribera del Duero,Ribera del Duero,24.5,1.3892,Ribera Del Duero Red,5,3
Williams & Humbert,Jalifa Amontillado Rare Old Dry Solera Especial Aged 30 Years,,TRUE,4.2,487,Jerez Amontillado,Other,33.5,1.525,Sherry,4,3
Tridente,Rejon Tempranillo,2012,FALSE,4.2,485,Castilla y Leon,Other,36.97,1.5678,Tempranillo,4,2
Emilio Moro,La Felisa,2018,FALSE,4.2,483,Ribera del Duero,Ribera del Duero,26.3,1.42,Ribera Del Duero Red,5,3
Emilio Moro,La Revelia Godello,2018,FALSE,4.2,484,Bierzo,Bierzo,21.95,1.3414,NA,NA,NA
Valderiz,Tinto,2018,FALSE,4.2,481,Ribera del Duero,Ribera del Duero,21.5,1.3324,Ribera Del Duero Red,5,3
Lan,A Mano Rioja,2009,FALSE,4.2,480,Rioja,Rioja,28.95,1.4616,Rioja Red,4,3
Familia Torres,Milmanda,2015,FALSE,4.2,473,Conca de Barbera,Other,126.2,2.1011,Chardonnay,4,3
Terras Gauda,Terras Gauda O Rosal,2021,FALSE,4.2,466,Rias Baixas,Rias Baixas,11.9,1.0755,Albarino,3,3
Pazo Senorans,Seleccion de Anada Albarino Rias Baixas,2008,FALSE,4.2,459,Rias Baixas,Rias Baixas,37.9,1.5786,Albarino,3,3
Muga,Seleccion Especial (Reserva),2004,FALSE,4.2,447,Rioja,Rioja,65.0,1.8129,Rioja Red,4,3
Bohorquez,Reserva,2009,FALSE,4.2,442,Ribera del Duero,Ribera del Duero,21.65,1.3355,Ribera Del Duero Red,5,3
Abadal,3.9,2016,FALSE,4.2,441,Pla de Bages,Other,22.95,1.3608,Red,4,3
Mar de Frades,Rias Baixas Albarino Atlantico,2021,FALSE,4.2,439,Rias Baixas,Rias Baixas,14.8,1.1703,Albarino,3,3
Adega Familiar Eladio Pineiro,Envidiacochina (Tete de Cuvee),2019,FALSE,4.2,438,Rias Baixas,Rias Baixas,18.46,1.2662,Albarino,3,3
Pradorey,Adaro,2017,FALSE,4.2,436,Ribera del Duero,Ribera del Duero,16.45,1.2162,Ribera Del Duero Red,5,3
Montecastro,Ribera del Duero Red,2017,FALSE,4.2,433,Ribera del Duero,Ribera del Duero,16.9,1.2279,Ribera Del Duero Red,5,3
Culebron,Fondillon Gran Reserva,1964,FALSE,4.2,432,Alicante,Alicante,49.95,1.6985,NA,NA,NA
Portal del Priorat,Clos del Portal Negre de Negres,2018,FALSE,4.2,429,Priorato,Priorato,21.7,1.3365,Priorat Red,4,3
Castillo Perelada,Monastrell - Syrah Finca Espolla,2016,FALSE,4.2,424,Emporda,Other,13.95,1.1446,Red,4,3
Castano,Casa Cisca Monastrell,2011,FALSE,4.2,423,Yecla,Other,32.0,1.5051,Monastrell,5,3
Remirez de Ganuza,Rioja Blanco,2017,FALSE,4.2,421,Rioja,Rioja,29.15,1.4646,Rioja White,3,3
La Vicalanda,Reserva,2015,FALSE,4.2,420,Rioja,Rioja,17.5,1.243,Rioja Red,NA,NA
Enrique Mendoza,Santa Rosa,2017,FALSE,4.2,420,Alicante,Alicante,18.9,1.2765,Red,NA,NA
Clos Pons,Roc Nu,2011,FALSE,4.2,420,Costers del Segre,Costers del Segre,23.95,1.3793,Red,NA,NA
Sierra Cantabria,Coleccion Privada,2012,FALSE,4.2,420,Rioja,Rioja,28.3,1.4518,Rioja Red,NA,NA
Imperial,Rioja Reserva,2004,FALSE,4.2,417,Rioja,Rioja,45.0,1.6532,Rioja Red,NA,NA
Losada,Altos de Losada,2018,FALSE,4.2,415,Bierzo,Bierzo,17.9,1.2529,Mencia,NA,NA
Mar de Frades,Rias Baixas Albarino Finca Valinas,2015,FALSE,4.2,414,Rias Baixas,Rias Baixas,16.78,1.2248,Albarino,NA,NA
La Rioja Alta,Vina Alberdi Crianza,2018,FALSE,4.2,410,Rioja,Rioja,13.58,1.1329,Rioja Red,NA,NA
Bodegas La Horra,Corimbo I,2015,FALSE,4.2,412,Ribera del Duero,Ribera del Duero,37.9,1.5786,Ribera Del Duero Red,NA,NA
Vina Pedrosa,Gran Reserva,2011,FALSE,4.2,410,Ribera del Duero,Ribera del Duero,51.35,1.7105,Ribera Del Duero Red,NA,NA
Campillo,Gran Reserva Rioja,2012,FALSE,4.2,410,Rioja,Rioja,22.99,1.3615,Rioja Red,NA,NA
Ramon do Casar,Treixadura,2020,FALSE,4.2,407,Ribeiro,Ribeiro,11.95,1.0774,NA,NA,NA
Lustau,Candela Cream Dulce Sweet,,TRUE,4.2,405,Jerez-Xeres-Sherry,Jerez-Xeres-Sherry,7.1,0.8513,Sherry,NA,NA
Portal del Priorat,Clos del Portal Somni,2014,FALSE,4.2,404,Priorato,Priorato,77.36,1.8885,Priorat Red,NA,NA
Binigrau,Nounat,2020,FALSE,4.2,404,Mallorca,Mallorca,19.9,1.2989,NA,NA,NA
Ramon Bilbao,Mirto,2011,FALSE,4.2,402,Rioja,Rioja,28.53,1.4553,Rioja Red,NA,NA
Matsu,El Viejo,2019,FALSE,4.2,400,Toro,Toro,27.89,1.4454,Toro Red,NA,NA
Artadi,Valdegines,2016,FALSE,4.2,398,Vino de Espana,Vino de Espana,48.96,1.6898,Tempranillo,NA,NA
Contino,Rioja Graciano,2011,FALSE,4.2,395,Rioja,Rioja,61.94,1.792,Rioja Red,NA,NA
Contino,Reserva,2016,FALSE,4.2,392,Rioja,Rioja,19.98,1.3006,Rioja Red,NA,NA
Conreria d'Scala Dei,Les Brugueres,2018,FALSE,4.2,390,Priorato,Priorato,16.76,1.2243,Priorat Red,NA,NA
Mustiguillo,Finca Terrerazo,2017,FALSE,4.2,390,El Terrerazo,El Terrerazo,24.45,1.3883,Red,NA,NA
Matarromera,Gran Reserva,2011,FALSE,4.2,389,Ribera del Duero,Ribera del Duero,64.5,1.8096,Ribera Del Duero Red,NA,NA
Sei Solo,Preludio,2016,FALSE,4.2,388,Ribera del Duero,Ribera del Duero,31.63,1.5001,Ribera Del Duero Red,NA,NA
Vinedos de Paganos,El Puntido,2005,FALSE,4.2,384,Rioja,Rioja,73.0,1.8633,Rioja Red,NA,NA
La Vicalanda,Reserva,2015,FALSE,4.2,420,Rioja,Rioja,17.5,1.243,Rioja Red,4,3
Enrique Mendoza,Santa Rosa,2017,FALSE,4.2,420,Alicante,Alicante,18.9,1.2765,Red,4,3
Clos Pons,Roc Nu,2011,FALSE,4.2,420,Costers del Segre,Costers del Segre,23.95,1.3793,Red,4,3
Sierra Cantabria,Coleccion Privada,2012,FALSE,4.2,420,Rioja,Rioja,28.3,1.4518,Rioja Red,4,3
Imperial,Rioja Reserva,2004,FALSE,4.2,417,Rioja,Rioja,45.0,1.6532,Rioja Red,4,3
Losada,Altos de Losada,2018,FALSE,4.2,415,Bierzo,Bierzo,17.9,1.2529,Mencia,3,3
Mar de Frades,Rias Baixas Albarino Finca Valinas,2015,FALSE,4.2,414,Rias Baixas,Rias Baixas,16.78,1.2248,Albarino,3,3
La Rioja Alta,Vina Alberdi Crianza,2018,FALSE,4.2,410,Rioja,Rioja,13.58,1.1329,Rioja Red,4,3
Bodegas La Horra,Corimbo I,2015,FALSE,4.2,412,Ribera del Duero,Ribera del Duero,37.9,1.5786,Ribera Del Duero Red,5,3
Vina Pedrosa,Gran Reserva,2011,FALSE,4.2,410,Ribera del Duero,Ribera del Duero,51.35,1.7105,Ribera Del Duero Red,5,3
Campillo,Gran Reserva Rioja,2012,FALSE,4.2,410,Rioja,Rioja,22.99,1.3615,Rioja Red,4,3
Ramon do Casar,Treixadura,2020,FALSE,4.2,407,Ribeiro,Ribeiro,11.95,1.0774,NA,NA,NA
Lustau,Candela Cream Dulce Sweet,,TRUE,4.2,405,Jerez-Xeres-Sherry,Jerez-Xeres-Sherry,7.1,0.8513,Sherry,4,3
Portal del Priorat,Clos del Portal Somni,2014,FALSE,4.2,404,Priorato,Priorato,77.36,1.8885,Priorat Red,4,3
Binigrau,Nounat,2020,FALSE,4.2,404,Mallorca,Mallorca,19.9,1.2989,NA,NA,NA
Ramon Bilbao,Mirto,2011,FALSE,4.2,402,Rioja,Rioja,28.53,1.4553,Rioja Red,4,3
Matsu,El Viejo,2019,FALSE,4.2,400,Toro,Toro,27.89,1.4454,Toro Red,5,3
Artadi,Valdegines,2016,FALSE,4.2,398,Vino de Espana,Vino de Espana,48.96,1.6898,Tempranillo,4,2
Contino,Rioja Graciano,2011,FALSE,4.2,395,Rioja,Rioja,61.94,1.792,Rioja Red,4,3
Contino,Reserva,2016,FALSE,4.2,392,Rioja,Rioja,19.98,1.3006,Rioja Red,4,3
Conreria d'Scala Dei,Les Brugueres,2018,FALSE,4.2,390,Priorato,Priorato,16.76,1.2243,Priorat Red,4,3
Mustiguillo,Finca Terrerazo,2017,FALSE,4.2,390,El Terrerazo,El Terrerazo,24.45,1.3883,Red,4,3
Matarromera,Gran Reserva,2011,FALSE,4.2,389,Ribera del Duero,Ribera del Duero,64.5,1.8096,Ribera Del Duero Red,5,3
Sei Solo,Preludio,2016,FALSE,4.2,388,Ribera del Duero,Ribera del Duero,31.63,1.5001,Ribera Del Duero Red,5,3
Vinedos de Paganos,El Puntido,2005,FALSE,4.2,384,Rioja,Rioja,73.0,1.8633,Rioja Red,4,3
La Vicalanda,Reserva,2015,FALSE,4.2,420,Rioja,Rioja,17.5,1.243,Rioja Red,4,3
Enrique Mendoza,Santa Rosa,2017,FALSE,4.2,420,Alicante,Alicante,18.9,1.2765,Red,4,3
Clos Pons,Roc Nu,2011,FALSE,4.2,420,Costers del Segre,Costers del Segre,23.95,1.3793,Red,4,3
Sierra Cantabria,Coleccion Privada,2012,FALSE,4.2,420,Rioja,Rioja,28.3,1.4518,Rioja Red,4,3
Imperial,Rioja Reserva,2004,FALSE,4.2,417,Rioja,Rioja,45.0,1.6532,Rioja Red,4,3
Losada,Altos de Losada,2018,FALSE,4.2,415,Bierzo,Bierzo,17.9,1.2529,Mencia,3,3
Mar de Frades,Rias Baixas Albarino Finca Valinas,2015,FALSE,4.2,414,Rias Baixas,Rias Baixas,16.78,1.2248,Albarino,3,3
La Rioja Alta,Vina Alberdi Crianza,2018,FALSE,4.2,410,Rioja,Rioja,13.58,1.1329,Rioja Red,4,3
Bodegas La Horra,Corimbo I,2015,FALSE,4.2,412,Ribera del Duero,Ribera del Duero,37.9,1.5786,Ribera Del Duero Red,5,3
Vina Pedrosa,Gran Reserva,2011,FALSE,4.2,410,Ribera del Duero,Ribera del Duero,51.35,1.7105,Ribera Del Duero Red,5,3
Campillo,Gran Reserva Rioja,2012,FALSE,4.2,410,Rioja,Rioja,22.99,1.3615,Rioja Red,4,3
Ramon do Casar,Treixadura,2020,FALSE,4.2,407,Ribeiro,Ribeiro,11.95,1.0774,NA,NA,NA
Lustau,Candela Cream Dulce Sweet,,TRUE,4.2,405,Jerez-Xeres-Sherry,Jerez-Xeres-Sherry,7.1,0.8513,Sherry,4,3
Portal del Priorat,Clos del Portal Somni,2014,FALSE,4.2,404,Priorato,Priorato,77.36,1.8885,Priorat Red,4,3
Binigrau,Nounat,2020,FALSE,4.2,404,Mallorca,Mallorca,19.9,1.2989,NA,NA,NA
Ramon Bilbao,Mirto,2011,FALSE,4.2,402,Rioja,Rioja,28.53,1.4553,Rioja Red,4,3
Matsu,El Viejo,2019,FALSE,4.2,400,Toro,Toro,27.89,1.4454,Toro Red,5,3
Artadi,Valdegines,2016,FALSE,4.2,398,Vino de Espana,Vino de Espana,48.96,1.6898,Tempranillo,4,2
Contino,Rioja Graciano,2011,FALSE,4.2,395,Rioja,Rioja,61.94,1.792,Rioja Red,4,3
Contino,Reserva,2016,FALSE,4.2,392,Rioja,Rioja,19.98,1.3006,Rioja Red,4,3
Conreria d'Scala Dei,Les Brugueres,2018,FALSE,4.2,390,Priorato,Priorato,16.76,1.2243,Priorat Red,4,3
Mustiguillo,Finca Terrerazo,2017,FALSE,4.2,390,El Terrerazo,El Terrerazo,24.45,1.3883,Red,4,3
Matarromera,Gran Reserva,2011,FALSE,4.2,389,Ribera del Duero,Ribera del Duero,64.5,1.8096,Ribera Del Duero Red,5,3
Sei Solo,Preludio,2016,FALSE,4.2,388,Ribera del Duero,Ribera del Duero,31.63,1.5001,Ribera Del Duero Red,5,3
Vinedos de Paganos,El Puntido,2005,FALSE,4.2,384,Rioja,Rioja,73.0,1.8633,Rioja Red,4,3
La Vicalanda,Reserva,2015,FALSE,4.2,420,Rioja,Rioja,17.5,1.243,Rioja Red,4,3
Enrique Mendoza,Santa Rosa,2017,FALSE,4.2,420,Alicante,Alicante,18.9,1.2765,Red,4,3
Clos Pons,Roc Nu,2011,FALSE,4.2,420,Costers del Segre,Costers del Segre,23.95,1.3793,Red,4,3
Sierra Cantabria,Coleccion Privada,2012,FALSE,4.2,420,Rioja,Rioja,28.3,1.4518,Rioja Red,4,3
Imperial,Rioja Reserva,2004,FALSE,4.2,417,Rioja,Rioja,45.0,1.6532,Rioja Red,4,3
Losada,Altos de Losada,2018,FALSE,4.2,415,Bierzo,Bierzo,17.9,1.2529,Mencia,3,3
Mar de Frades,Rias Baixas Albarino Finca Valinas,2015,FALSE,4.2,414,Rias Baixas,Rias Baixas,16.78,1.2248,Albarino,3,3
La Rioja Alta,Vina Alberdi Crianza,2018,FALSE,4.2,410,Rioja,Rioja,13.58,1.1329,Rioja Red,4,3
Bodegas La Horra,Corimbo I,2015,FALSE,4.2,412,Ribera del Duero,Ribera del Duero,37.9,1.5786,Ribera Del Duero Red,5,3
Vina Pedrosa,Gran Reserva,2011,FALSE,4.2,410,Ribera del Duero,Ribera del Duero,51.35,1.7105,Ribera Del Duero Red,5,3
Campillo,Gran Reserva Rioja,2012,FALSE,4.2,410,Rioja,Rioja,22.99,1.3615,Rioja Red,4,3
Ramon do Casar,Treixadura,2020,FALSE,4.2,407,Ribeiro,Ribeiro,11.95,1.0774,NA,NA,NA
Lustau,Candela Cream Dulce Sweet,,TRUE,4.2,405,Jerez-Xeres-Sherry,Jerez-Xeres-Sherry,7.1,0.8513,Sherry,4,3
Portal del Priorat,Clos del Portal Somni,2014,FALSE,4.2,404,Priorato,Priorato,77.36,1.8885,Priorat Red,4,3
Binigrau,Nounat,2020,FALSE,4.2,404,Mallorca,Mallorca,19.9,1.2989,NA,NA,NA
Ramon Bilbao,Mirto,2011,FALSE,4.2,402,Rioja,Rioja,28.53,1.4553,Rioja Red,4,3
Matsu,El Viejo,2019,FALSE,4.2,400,Toro,Toro,27.89,1.4454,Toro Red,5,3
Artadi,Valdegines,2016,FALSE,4.2,398,Vino de Espana,Vino de Espana,48.96,1.6898,Tempranillo,4,2
Contino,Rioja Graciano,2011,FALSE,4.2,395,Rioja,Rioja,61.94,1.792,Rioja Red,4,3
Contino,Reserva,2016,FALSE,4.2,392,Rioja,Rioja,19.98,1.3006,Rioja Red,4,3
Conreria d'Scala Dei,Les Brugueres,2018,FALSE,4.2,390,Priorato,Priorato,16.76,1.2243,Priorat Red,4,3
Mustiguillo,Finca Terrerazo,2017,FALSE,4.2,390,El Terrerazo,El Terrerazo,24.45,1.3883,Red,4,3
Matarromera,Gran Reserva,2011,FALSE,4.2,389,Ribera del Duero,Ribera del Duero,64.5,1.8096,Ribera Del Duero Red,5,3
Sei Solo,Preludio,2016,FALSE,4.2,388,Ribera del Duero,Ribera del Duero,31.63,1.5001,Ribera Del Duero Red,5,3
Vinedos de Paganos,El Puntido,2005,FALSE,4.2,384,Rioja,Rioja,73.0,1.8633,Rioja Red,4,3
La Vicalanda,Reserva,2015,FALSE,4.2,420,Rioja,Rioja,17.5,1.243,Rioja Red,4,3
Enrique Mendoza,Santa Rosa,2017,FALSE,4.2,420,Alicante,Alicante,18.9,1.2765,Red,4,3
Clos Pons,Roc Nu,2011,FALSE,4.2,420,Costers del Segre,Costers del Segre,23.95,1.3793,Red,4,3
Sierra Cantabria,Coleccion Privada,2012,FALSE,4.2,420,Rioja,Rioja,28.3,1.4518,Rioja Red,4,3
Imperial,Rioja Reserva,2004,FALSE,4.2,417,Rioja,Rioja,45.0,1.6532,Rioja Red,4,3
Losada,Altos de Losada,2018,FALSE,4.2,415,Bierzo,Bierzo,17.9,1.2529,Mencia,3,3
Mar de Frades,Rias Baixas Albarino Finca Valinas,2015,FALSE,4.2,414,Rias Baixas,Rias Baixas,16.78,1.2248,Albarino,3,3
La Rioja Alta,Vina Alberdi Crianza,2018,FALSE,4.2,410,Rioja,Rioja,13.58,1.1329,Rioja Red,4,3
Bodegas La Horra,Corimbo I,2015,FALSE,4.2,412,Ribera del Duero,Ribera del Duero,37.9,1.5786,Ribera Del Duero Red,5,3
Vina Pedrosa,Gran Reserva,2011,FALSE,4.2,410,Ribera del Duero,Ribera del Duero,51.35,1.7105,Ribera Del Duero Red,5,3
Campillo,Gran Reserva Rioja,2012,FALSE,4.2,410,Rioja,Rioja,22.99,1.3615,Rioja Red,4,3
Ramon do Casar,Treixadura,2020,FALSE,4.2,407,Ribeiro,Ribeiro,11.95,1.0774,NA,NA,NA
Lustau,Candela Cream Dulce Sweet,,TRUE,4.2,405,Jerez-Xeres-Sherry,Jerez-Xeres-Sherry,7.1,0.8513,Sherry,4,3
Portal del Priorat,Clos del Portal Somni,2014,FALSE,4.2,404,Priorato,Priorato,77.36,1.8885,Priorat Red,4,3
Binigrau,Nounat,2020,FALSE,4.2,404,Mallorca,Mallorca,19.9,1.2989,NA,NA,NA
Ramon Bilbao,Mirto,2011,FALSE,4.2,402,Rioja,Rioja,28.53,1.4553,Rioja Red,4,3
Matsu,El Viejo,2019,FALSE,4.2,400,Toro,Toro,27.89,1.4454,Toro Red,5,3
Artadi,Valdegines,2016,FALSE,4.2,398,Vino de Espana,Vino de Espana,48.96,1.6898,Tempranillo,4,2
Contino,Rioja Graciano,2011,FALSE,4.2,395,Rioja,Rioja,61.94,1.792,Rioja Red,4,3
Contino,Reserva,2016,FALSE,4.2,392,Rioja,Rioja,19.98,1.3006,Rioja Red,4,3
Conreria d'Scala Dei,Les Brugueres,2018,FALSE,4.2,390,Priorato,Priorato,16.76,1.2243,Priorat Red,4,3
Mustiguillo,Finca Terrerazo,2017,FALSE,4.2,390,El Terrerazo,El Terrerazo,24.45,1.3883,Red,4,3
Matarromera,Gran Reserva,2011,FALSE,4.2,389,Ribera del Duero,Ribera del Duero,64.5,1.8096,Ribera Del Duero Red,5,3
Sei Solo,Preludio,2016,FALSE,4.2,388,Ribera del Duero,Ribera del Duero,31.63,1.5001,Ribera Del Duero Red,5,3
Vinedos de Paganos,El Puntido,2005,FALSE,4.2,384,Rioja,Rioja,73.0,1.8633,Rioja Red,4,3
La Vicalanda,Reserva,2015,FALSE,4.2,420,Rioja,Rioja,17.5,1.243,Rioja Red,4,3
Enrique Mendoza,Santa Rosa,2017,FALSE,4.2,420,Alicante,Alicante,18.9,1.2765,Red,4,3
Clos Pons,Roc Nu,2011,FALSE,4.2,420,Costers del Segre,Costers del Segre,23.95,1.3793,Red,4,3
Sierra Cantabria,Coleccion Privada,2012,FALSE,4.2,420,Rioja,Rioja,28.3,1.4518,Rioja Red,4,3
Imperial,Rioja Reserva,2004,FALSE,4.2,417,Rioja,Rioja,45.0,1.6532,Rioja Red,4,3
Losada,Altos de Losada,2018,FALSE,4.2,415,Bierzo,Bierzo,17.9,1.2529,Mencia,3,3
Mar de Frades,Rias Baixas Albarino Finca Valinas,2015,FALSE,4.2,414,Rias Baixas,Rias Baixas,16.78,1.2248,Albarino,3,3
La Rioja Alta,Vina Alberdi Crianza,2018,FALSE,4.2,410,Rioja,Rioja,13.58,1.1329,Rioja Red,4,3
Bodegas La Horra,Corimbo I,2015,FALSE,4.2,412,Ribera del Duero,Ribera del Duero,37.9,1.5786,Ribera Del Duero Red,5,3
Vina Pedrosa,Gran Reserva,2011,FALSE,4.2,410,Ribera del Duero,Ribera del Duero,51.35,1.7105,Ribera Del Duero Red,5,3
Campillo,Gran Reserva Rioja,2012,FALSE,4.2,410,Rioja,Rioja,22.99,1.3615,Rioja Red,4,3
Ramon do Casar,Treixadura,2020,FALSE,4.2,407,Ribeiro,Ribeiro,11.95,1.0774,NA,NA,NA
Lustau,Candela Cream Dulce Sweet,,TRUE,4.2,405,Jerez-Xeres-Sherry,Jerez-Xeres-Sherry,7.1,0.8513,Sherry,4,3
Portal del Priorat,Clos del Portal Somni,2014,FALSE,4.2,404,Priorato,Priorato,77.36,1.8885,Priorat Red,4,3
Binigrau,Nounat,2020,FALSE,4.2,404,Mallorca,Mallorca,19.9,1.2989,NA,NA,NA
Ramon Bilbao,Mirto,2011,FALSE,4.2,402,Rioja,Rioja,28.53,1.4553,Rioja Red,4,3
Matsu,El Viejo,2019,FALSE,4.2,400,Toro,Toro,27.89,1.4454,Toro Red,5,3
Artadi,Valdegines,2016,FALSE,4.2,398,Vino de Espana,Vino de Espana,48.96,1.6898,Tempranillo,4,2
Contino,Rioja Graciano,2011,FALSE,4.2,395,Rioja,Rioja,61.94,1.792,Rioja Red,4,3
Contino,Reserva,2016,FALSE,4.2,392,Rioja,Rioja,19.98,1.3006,Rioja Red,4,3
Conreria d'Scala Dei,Les Brugueres,2018,FALSE,4.2,390,Priorato,Priorato,16.76,1.2243,Priorat Red,4,3
Mustiguillo,Finca Terrerazo,2017,FALSE,4.2,390,El Terrerazo,El Terrerazo,24.45,1.3883,Red,4,3
Matarromera,Gran Reserva,2011,FALSE,4.2,389,Ribera del Duero,Ribera del Duero,64.5,1.8096,Ribera Del Duero Red,5,3
Sei Solo,Preludio,2016,FALSE,4.2,388,Ribera del Duero,Ribera del Duero,31.63,1.5001,Ribera Del Duero Red,5,3
Vinedos de Paganos,El Puntido,2005,FALSE,4.2,384,Rioja,Rioja,73.0,1.8633,Rioja Red,4,3
La Vicalanda,Reserva,2015,FALSE,4.2,420,Rioja,Rioja,17.5,1.243,Rioja Red,4,3
Enrique Mendoza,Santa Rosa,2017,FALSE,4.2,420,Alicante,Alicante,18.9,1.2765,Red,4,3
Clos Pons,Roc Nu,2011,FALSE,4.2,420,Costers del Segre,Costers del Segre,23.95,1.3793,Red,4,3
Sierra Cantabria,Coleccion Privada,2012,FALSE,4.2,420,Rioja,Rioja,28.3,1.4518,Rioja Red,4,3
Imperial,Rioja Reserva,2004,FALSE,4.2,417,Rioja,Rioja,45.0,1.6532,Rioja Red,4,3
Losada,Altos de Losada,2018,FALSE,4.2,415,Bierzo,Bierzo,17.9,1.2529,Mencia,3,3
Mar de Frades,Rias Baixas Albarino Finca Valinas,2015,FALSE,4.2,414,Rias Baixas,Rias Baixas,16.78,1.2248,Albarino,3,3
La Rioja Alta,Vina Alberdi Crianza,2018,FALSE,4.2,410,Rioja,Rioja,13.58,1.1329,Rioja Red,4,3
Bodegas La Horra,Corimbo I,2015,FALSE,4.2,412,Ribera del Duero,Ribera del Duero,37.9,1.5786,Ribera Del Duero Red,5,3
Vina Pedrosa,Gran Reserva,2011,FALSE,4.2,410,Ribera del Duero,Ribera del Duero,51.35,1.7105,Ribera Del Duero Red,5,3
Campillo,Gran Reserva Rioja,2012,FALSE,4.2,410,Rioja,Rioja,22.99,1.3615,Rioja Red,4,3
Ramon do Casar,Treixadura,2020,FALSE,4.2,407,Ribeiro,Ribeiro,11.95,1.0774,NA,NA,NA
Lustau,Candela Cream Dulce Sweet,,TRUE,4.2,405,Jerez-Xeres-Sherry,Jerez-Xeres-Sherry,7.1,0.8513,Sherry,4,3
Portal del Priorat,Clos del Portal Somni,2014,FALSE,4.2,404,Priorato,Priorato,77.36,1.8885,Priorat Red,4,3
Binigrau,Nounat,2020,FALSE,4.2,404,Mallorca,Mallorca,19.9,1.2989,NA,NA,NA
Ramon Bilbao,Mirto,2011,FALSE,4.2,402,Rioja,Rioja,28.53,1.4553,Rioja Red,4,3
Matsu,El Viejo,2019,FALSE,4.2,400,Toro,Toro,27.89,1.4454,Toro Red,5,3
Artadi,Valdegines,2016,FALSE,4.2,398,Vino de Espana,Vino de Espana,48.96,1.6898,Tempranillo,4,2
Contino,Rioja Graciano,2011,FALSE,4.2,395,Rioja,Rioja,61.94,1.792,Rioja Red,4,3
Contino,Reserva,2016,FALSE,4.2,392,Rioja,Rioja,19.98,1.3006,Rioja Red,4,3
Conreria d'Scala Dei,Les Brugueres,2018,FALSE,4.2,390,Priorato,Priorato,16.76,1.2243,Priorat Red,4,3
Mustiguillo,Finca Terrerazo,2017,FALSE,4.2,390,El Terrerazo,El Terrerazo,24.45,1.3883,Red,4,3
Matarromera,Gran Reserva,2011,FALSE,4.2,389,Ribera del Duero,Ribera del Duero,64.5,1.8096,Ribera Del Duero Red,5,3
Sei Solo,Preludio,2016,FALSE,4.2,388,Ribera del Duero,Ribera del Duero,31.63,1.5001,Ribera Del Duero Red,5,3
Vinedos de Paganos,El Puntido,2005,FALSE,4.2,384,Rioja,Rioja,73.0,1.8633,Rioja Red,4,3
La Vicalanda,Reserva,2015,FALSE,4.2,420,Rioja,Rioja,17.5,1.243,Rioja Red,4,3
Enrique Mendoza,Santa Rosa,2017,FALSE,4.2,420,Alicante,Alicante,18.9,1.2765,Red,4,3
Clos Pons,Roc Nu,2011,FALSE,4.2,420,Costers del Segre,Costers del Segre,23.95,1.3793,Red,4,3
Sierra Cantabria,Coleccion Privada,2012,FALSE,4.2,420,Rioja,Rioja,28.3,1.4518,Rioja Red,4,3
Imperial,Rioja Reserva,2004,FALSE,4.2,417,Rioja,Rioja,45.0,1.6532,Rioja Red,4,3
Losada,Altos de Losada,2018,FALSE,4.2,415,Bierzo,Bierzo,17.9,1.2529,Mencia,3,3
Mar de Frades,Rias Baixas Albarino Finca Valinas,2015,FALSE,4.2,414,Rias Baixas,Rias Baixas,16.78,1.2248,Albarino,3,3
La Rioja Alta,Vina Alberdi Crianza,2018,FALSE,4.2,410,Rioja,Rioja,13.58,1.1329,Rioja Red,4,3
Bodegas La Horra,Corimbo I,2015,FALSE,4.2,412,Ribera del Duero,Ribera del Duero,37.9,1.5786,Ribera Del Duero Red,5,3
Vina Pedrosa,Gran Reserva,2011,FALSE,4.2,410,Ribera del Duero,Ribera del Duero,51.35,1.7105,Ribera Del Duero Red,5,3
Campillo,Gran Reserva Rioja,2012,FALSE,4.2,410,Rioja,Rioja,22.99,1.3615,Rioja Red,4,3
Ramon do Casar,Treixadura,2020,FALSE,4.2,407,Ribeiro,Ribeiro,11.95,1.0774,NA,NA,NA
Lustau,Candela Cream Dulce Sweet,,TRUE,4.2,405,Jerez-Xeres-Sherry,Jerez-Xeres-Sherry,7.1,0.8513,Sherry,4,3
Portal del Priorat,Clos del Portal Somni,2014,FALSE,4.2,404,Priorato,Priorato,77.36,1.8885,Priorat Red,4,3
Binigrau,Nounat,2020,FALSE,4.2,404,Mallorca,Mallorca,19.9,1.2989,NA,NA,NA
Ramon Bilbao,Mirto,2011,FALSE,4.2,402,Rioja,Rioja,28.53,1.4553,Rioja Red,4,3
Matsu,El Viejo,2019,FALSE,4.2,400,Toro,Toro,27.89,1.4454,Toro Red,5,3
Artadi,Valdegines,2016,FALSE,4.2,398,Vino de Espana,Vino de Espana,48.96,1.6898,Tempranillo,4,2
Contino,Rioja Graciano,2011,FALSE,4.2,395,Rioja,Rioja,61.94,1.792,Rioja Red,4,3
Contino,Reserva,2016,FALSE,4.2,392,Rioja,Rioja,19.98,1.3006,Rioja Red,4,3
Conreria d'Scala Dei,Les Brugueres,2018,FALSE,4.2,390,Priorato,Priorato,16.76,1.2243,Priorat Red,4,3
Mustiguillo,Finca Terrerazo,2017,FALSE,4.2,390,El Terrerazo,El Terrerazo,24.45,1.3883,Red,4,3
Matarromera,Gran Reserva,2011,FALSE,4.2,389,Ribera del Duero,Ribera del Duero,64.5,1.8096,Ribera Del Duero Red,5,3
Sei Solo,Preludio,2016,FALSE,4.2,388,Ribera del Duero,Ribera del Duero,31.63,1.5001,Ribera Del Duero Red,5,3
Vinedos de Paganos,El Puntido,2005,FALSE,4.2,384,Rioja,Rioja,73.0,1.8633,Rioja Red,4,3
La Vicalanda,Reserva,2015,FALSE,4.2,420,Rioja,Rioja,17.5,1.243,Rioja Red,4,3
Enrique Mendoza,Santa Rosa,2017,FALSE,4.2,420,Alicante,Alicante,18.9,1.2765,Red,4,3
Clos Pons,Roc Nu,2011,FALSE,4.2,420,Costers del Segre,Costers del Segre,23.95,1.3793,Red,4,3
Sierra Cantabria,Coleccion Privada,2012,FALSE,4.2,420,Rioja,Rioja,28.3,1.4518,Rioja Red,4,3
Imperial,Rioja Reserva,2004,FALSE,4.2,417,Rioja,Rioja,45.0,1.6532,Rioja Red,4,3
Losada,Altos de Losada,2018,FALSE,4.2,415,Bierzo,Bierzo,17.9,1.2529,Mencia,3,3
Mar de Frades,Rias Baixas Albarino Finca Valinas,2015,FALSE,4.2,414,Rias Baixas,Rias Baixas,16.78,1.2248,Albarino,3,3
La Rioja Alta,Vina Alberdi Crianza,2018,FALSE,4.2,410,Rioja,Rioja,13.58,1.1329,Rioja Red,4,3
Bodegas La Horra,Corimbo I,2015,FALSE,4.2,412,Ribera del Duero,Ribera del Duero,37.9,1.5786,Ribera Del Duero Red,5,3
Vina Pedrosa,Gran Reserva,2011,FALSE,4.2,410,Ribera del Duero,Ribera del Duero,51.35,1.7105,Ribera Del Duero Red,5,3
Campillo,Gran Reserva Rioja,2012,FALSE,4.2,410,Rioja,Rioja,22.99,1.3615,Rioja Red,4,3
Ramon do Casar,Treixadura,2020,FALSE,4.2,407,Ribeiro,Ribeiro,11.95,1.0774,NA,NA,NA
Lustau,Candela Cream Dulce Sweet,,TRUE,4.2,405,Jerez-Xeres-Sherry,Jerez-Xeres-Sherry,7.1,0.8513,Sherry,4,3
Portal del Priorat,Clos del Portal Somni,2014,FALSE,4.2,404,Priorato,Priorato,77.36,1.8885,Priorat Red,4,3
Binigrau,Nounat,2020,FALSE,4.2,404,Mallorca,Mallorca,19.9,1.2989,NA,NA,NA
Ramon Bilbao,Mirto,2011,FALSE,4.2,402,Rioja,Rioja,28.53,1.4553,Rioja Red,4,3
Matsu,El Viejo,2019,FALSE,4.2,400,Toro,Toro,27.89,1.4454,Toro Red,5,3
Artadi,Valdegines,2016,FALSE,4.2,398,Vino de Espana,Vino de Espana,48.96,1.6898,Tempranillo,4,2
Contino,Rioja Graciano,2011,FALSE,4.2,395,Rioja,Rioja,61.94,1.792,Rioja Red,4,3
Contino,Reserva,2016,FALSE,4.2,392,Rioja,Rioja,19.98,1.3006,Rioja Red,4,3
Conreria d'Scala Dei,Les Brugueres,2018,FALSE,4.2,390,Priorato,Priorato,16.76,1.2243,Priorat Red,4,3
Mustiguillo,Finca Terrerazo,2017,FALSE,4.2,390,El Terrerazo,El Terrerazo,24.45,1.3883,Red,4,3
Matarromera,Gran Reserva,2011,FALSE,4.2,389,Ribera del Duero,Ribera del Duero,64.5,1.8096,Ribera Del Duero Red,5,3
Sei Solo,Preludio,2016,FALSE,4.2,388,Ribera del Duero,Ribera del Duero,31.63,1.5001,Ribera Del Duero Red,5,3
Vinedos de Paganos,El Puntido,2005,FALSE,4.2,384,Rioja,Rioja,73.0,1.8633,Rioja Red,4,3
La Vicalanda,Reserva,2015,FALSE,4.2,420,Rioja,Rioja,17.5,1.243,Rioja Red,4,3
Enrique Mendoza,Santa Rosa,2017,FALSE,4.2,420,Alicante,Alicante,18.9,1.2765,Red,4,3
Clos Pons,Roc Nu,2011,FALSE,4.2,420,Costers del Segre,Costers del Segre,23.95,1.3793,Red,4,3
Sierra Cantabria,Coleccion Privada,2012,FALSE,4.2,420,Rioja,Rioja,28.3,1.4518,Rioja Red,4,3
Imperial,Rioja Reserva,2004,FALSE,4.2,417,Rioja,Rioja,45.0,1.6532,Rioja Red,4,3
Losada,Altos de Losada,2018,FALSE,4.2,415,Bierzo,Bierzo,17.9,1.2529,Mencia,3,3
Mar de Frades,Rias Baixas Albarino Finca Valinas,2015,FALSE,4.2,414,Rias Baixas,Rias Baixas,16.78,1.2248,Albarino,3,3
La Rioja Alta,Vina Alberdi Crianza,2018,FALSE,4.2,410,Rioja,Rioja,13.58,1.1329,Rioja Red,4,3
Bodegas La Horra,Corimbo I,2015,FALSE,4.2,412,Ribera del Duero,Ribera del Duero,37.9,1.5786,Ribera Del Duero Red,5,3
Vina Pedrosa,Gran Reserva,2011,FALSE,4.2,410,Ribera del Duero,Ribera del Duero,51.35,1.7105,Ribera Del Duero Red,5,3
Campillo,Gran Reserva Rioja,2012,FALSE,4.2,410,Rioja,Rioja,22.99,1.3615,Rioja Red,4,3
Ramon do Casar,Treixadura,2020,FALSE,4.2,407,Ribeiro,Ribeiro,11.95,1.0774,NA,NA,NA
Lustau,Candela Cream Dulce Sweet,,TRUE,4.2,405,Jerez-Xeres-Sherry,Jerez-Xeres-Sherry,7.1,0.8513,Sherry,4,3
Portal del Priorat,Clos del Portal Somni,2014,FALSE,4.2,404,Priorato,Priorato,77.36,1.8885,Priorat Red,4,3
Binigrau,Nounat,2020,FALSE,4.2,404,Mallorca,Mallorca,19.9,1.2989,NA,NA,NA
Ramon Bilbao,Mirto,2011,FALSE,4.2,402,Rioja,Rioja,28.53,1.4553,Rioja Red,4,3
Matsu,El Viejo,2019,FALSE,4.2,400,Toro,Toro,27.89,1.4454,Toro Red,5,3
Artadi,Valdegines,2016,FALSE,4.2,398,Vino de Espana,Vino de Espana,48.96,1.6898,Tempranillo,4,2
Contino,Rioja Graciano,2011,FALSE,4.2,395,Rioja,Rioja,61.94,1.792,Rioja Red,4,3
Contino,Reserva,2016,FALSE,4.2,392,Rioja,Rioja,19.98,1.3006,Rioja Red,4,3
Conreria d'Scala Dei,Les Brugueres,2018,FALSE,4.2,390,Priorato,Priorato,16.76,1.2243,Priorat Red,4,3
Mustiguillo,Finca Terrerazo,2017,FALSE,4.2,390,El Terrerazo,El Terrerazo,24.45,1.3883,Red,4,3
Matarromera,Gran Reserva,2011,FALSE,4.2,389,Ribera del Duero,Ribera del Duero,64.5,1.8096,Ribera Del Duero Red,5,3
Sei Solo,Preludio,2016,FALSE,4.2,388,Ribera del Duero,Ribera del Duero,31.63,1.5001,Ribera Del Duero Red,5,3
Vinedos de Paganos,El Puntido,2005,FALSE,4.2,384,Rioja,Rioja,73.0,1.8633,Rioja Red,4,3
La Vicalanda,Reserva,2015,FALSE,4.2,420,Rioja,Rioja,17.5,1.243,Rioja Red,4,3
Enrique Mendoza,Santa Rosa,2017,FALSE,4.2,420,Alicante,Alicante,18.9,1.2765,Red,4,3
Clos Pons,Roc Nu,2011,FALSE,4.2,420,Costers del Segre,Costers del Segre,23.95,1.3793,Red,4,3
Sierra Cantabria,Coleccion Privada,2012,FALSE,4.2,420,Rioja,Rioja,28.3,1.4518,Rioja Red,4,3
Imperial,Rioja Reserva,2004,FALSE,4.2,417,Rioja,Rioja,45.0,1.6532,Rioja Red,4,3
Losada,Altos de Losada,2018,FALSE,4.2,415,Bierzo,Bierzo,17.9,1.2529,Mencia,3,3
Mar de Frades,Rias Baixas Albarino Finca Valinas,2015,FALSE,4.2,414,Rias Baixas,Rias Baixas,16.78,1.2248,Albarino,3,3
La Rioja Alta,Vina Alberdi Crianza,2018,FALSE,4.2,410,Rioja,Rioja,13.58,1.1329,Rioja Red,4,3
Bodegas La Horra,Corimbo I,2015,FALSE,4.2,412,Ribera del Duero,Ribera del Duero,37.9,1.5786,Ribera Del Duero Red,5,3
Vina Pedrosa,Gran Reserva,2011,FALSE,4.2,410,Ribera del Duero,Ribera del Duero,51.35,1.7105,Ribera Del Duero Red,5,3
Campillo,Gran Reserva Rioja,2012,FALSE,4.2,410,Rioja,Rioja,22.99,1.3615,Rioja Red,4,3
Ramon do Casar,Treixadura,2020,FALSE,4.2,407,Ribeiro,Ribeiro,11.95,1.0774,NA,NA,NA
Lustau,Candela Cream Dulce Sweet,,TRUE,4.2,405,Jerez-Xeres-Sherry,Jerez-Xeres-Sherry,7.1,0.8513,Sherry,4,3
Portal del Priorat,Clos del Portal Somni,2014,FALSE,4.2,404,Priorato,Priorato,77.36,1.8885,Priorat Red,4,3
Binigrau,Nounat,2020,FALSE,4.2,404,Mallorca,Mallorca,19.9,1.2989,NA,NA,NA
Ramon Bilbao,Mirto,2011,FALSE,4.2,402,Rioja,Rioja,28.53,1.4553,Rioja Red,4,3
Matsu,El Viejo,2019,FALSE,4.2,400,Toro,Toro,27.89,1.4454,Toro Red,5,3
Artadi,Valdegines,2016,FALSE,4.2,398,Vino de Espana,Vino de Espana,48.96,1.6898,Tempranillo,4,2
Contino,Rioja Graciano,2011,FALSE,4.2,395,Rioja,Rioja,61.94,1.792,Rioja Red,4,3
Contino,Reserva,2016,FALSE,4.2,392,Rioja,Rioja,19.98,1.3006,Rioja Red,4,3
Conreria d'Scala Dei,Les Brugueres,2018,FALSE,4.2,390,Priorato,Priorato,16.76,1.2243,Priorat Red,4,3
Mustiguillo,Finca Terrerazo,2017,FALSE,4.2,390,El Terrerazo,El Terrerazo,24.45,1.3883,Red,4,3
Matarromera,Gran Reserva,2011,FALSE,4.2,389,Ribera del Duero,Ribera del Duero,64.5,1.8096,Ribera Del Duero Red,5,3
Sei Solo,Preludio,2016,FALSE,4.2,388,Ribera del Duero,Ribera del Duero,31.63,1.5001,Ribera Del Duero Red,5,3
Vinedos de Paganos,El Puntido,2005,FALSE,4.2,384,Rioja,Rioja,73.0,1.8633,Rioja Red,4,3
La Vicalanda,Reserva,2015,FALSE,4.2,420,Rioja,Rioja,17.5,1.243,Rioja Red,4,3
Enrique Mendoza,Santa Rosa,2017,FALSE,4.2,420,Alicante,Alicante,18.9,1.2765,Red,4,3
Clos Pons,Roc Nu,2011,FALSE,4.2,420,Costers del Segre,Costers del Segre,23.95,1.3793,Red,4,3
Sierra Cantabria,Coleccion Privada,2012,FALSE,4.2,420,Rioja,Rioja,28.3,1.4518,Rioja Red,4,3
Imperial,Rioja Reserva,2004,FALSE,4.2,417,Rioja,Rioja,45.0,1.6532,Rioja Red,4,3
Losada,Altos de Losada,2018,FALSE,4.2,415,Bierzo,Bierzo,17.9,1.2529,Mencia,3,3
Mar de Frades,Rias Baixas Albarino Finca Valinas,2015,FALSE,4.2,414,Rias Baixas,Rias Baixas,16.78,1.2248,Albarino,3,3
La Rioja Alta,Vina Alberdi Crianza,2018,FALSE,4.2,410,Rioja,Rioja,13.58,1.1329,Rioja Red,4,3
Bodegas La Horra,Corimbo I,2015,FALSE,4.2,412,Ribera del Duero,Ribera del Duero,37.9,1.5786,Ribera Del Duero Red,5,3
Vina Pedrosa,Gran Reserva,2011,FALSE,4.2,410,Ribera del Duero,Ribera del Duero,51.35,1.7105,Ribera Del Duero Red,5,3
Campillo,Gran Reserva Rioja,2012,FALSE,4.2,410,Rioja,Rioja,22.99,1.3615,Rioja Red,4,3
Ramon do Casar,Treixadura,2020,FALSE,4.2,407,Ribeiro,Ribeiro,11.95,1.0774,NA,NA,NA
Lustau,Candela Cream Dulce Sweet,,TRUE,4.2,405,Jerez-Xeres-Sherry,Jerez-Xeres-Sherry,7.1,0.8513,Sherry,4,3
Portal del Priorat,Clos del Portal Somni,2014,FALSE,4.2,404,Priorato,Priorato,77.36,1.8885,Priorat Red,4,3
Binigrau,Nounat,2020,FALSE,4.2,404,Mallorca,Mallorca,19.9,1.2989,NA,NA,NA
Ramon Bilbao,Mirto,2011,FALSE,4.2,402,Rioja,Rioja,28.53,1.4553,Rioja Red,4,3
Matsu,El Viejo,2019,FALSE,4.2,400,Toro,Toro,27.89,1.4454,Toro Red,5,3
Artadi,Valdegines,2016,FALSE,4.2,398,Vino de Espana,Vino de Espana,48.96,1.6898,Tempranillo,4,2
Contino,Rioja Graciano,2011,FALSE,4.2,395,Rioja,Rioja,61.94,1.792,Rioja Red,4,3
Contino,Reserva,2016,FALSE,4.2,392,Rioja,Rioja,19.98,1.3006,Rioja Red,4,3
Conreria d'Scala Dei,Les Brugueres,2018,FALSE,4.2,390,Priorato,Priorato,16.76,1.2243,Priorat Red,4,3
Mustiguillo,Finca Terrerazo,2017,FALSE,4.2,390,El Terrerazo,El Terrerazo,24.45,1.3883,Red,4,3
Matarromera,Gran Reserva,2011,FALSE,4.2,389,Ribera del Duero,Ribera del Duero,64.5,1.8096,Ribera Del Duero Red,5,3
Sei Solo,Preludio,2016,FALSE,4.2,388,Ribera del Duero,Ribera del Duero,31.63,1.5001,Ribera Del Duero Red,5,3
Vinedos de Paganos,El Puntido,2005,FALSE,4.2,384,Rioja,Rioja,73.0,1.8633,Rioja Red,4,3
La Vicalanda,Reserva,2015,FALSE,4.2,420,Rioja,Rioja,17.5,1.243,Rioja Red,4,3
Enrique Mendoza,Santa Rosa,2017,FALSE,4.2,420,Alicante,Alicante,18.9,1.2765,Red,4,3
Clos Pons,Roc Nu,2011,FALSE,4.2,420,Costers del Segre,Costers del Segre,23.95,1.3793,Red,4,3
Sierra Cantabria,Coleccion Privada,2012,FALSE,4.2,420,Rioja,Rioja,28.3,1.4518,Rioja Red,4,3
Imperial,Rioja Reserva,2004,FALSE,4.2,417,Rioja,Rioja,45.0,1.6532,Rioja Red,4,3
Losada,Altos de Losada,2018,FALSE,4.2,415,Bierzo,Bierzo,17.9,1.2529,Mencia,3,3
Mar de Frades,Rias Baixas Albarino Finca Valinas,2015,FALSE,4.2,414,Rias Baixas,Rias Baixas,16.78,1.2248,Albarino,3,3
La Rioja Alta,Vina Alberdi Crianza,2018,FALSE,4.2,410,Rioja,Rioja,13.58,1.1329,Rioja Red,4,3
Bodegas La Horra,Corimbo I,2015,FALSE,4.2,412,Ribera del Duero,Ribera del Duero,37.9,1.5786,Ribera Del Duero Red,5,3
Vina Pedrosa,Gran Reserva,2011,FALSE,4.2,410,Ribera del Duero,Ribera del Duero,51.35,1.7105,Ribera Del Duero Red,5,3
Campillo,Gran Reserva Rioja,2012,FALSE,4.2,410,Rioja,Rioja,22.99,1.3615,Rioja Red,4,3
Ramon do Casar,Treixadura,2020,FALSE,4.2,407,Ribeiro,Ribeiro,11.95,1.0774,NA,NA,NA
Lustau,Candela Cream Dulce Sweet,,TRUE,4.2,405,Jerez-Xeres-Sherry,Jerez-Xeres-Sherry,7.1,0.8513,Sherry,4,3
Portal del Priorat,Clos del Portal Somni,2014,FALSE,4.2,404,Priorato,Priorato,77.36,1.8885,Priorat Red,4,3
Binigrau,Nounat,2020,FALSE,4.2,404,Mallorca,Mallorca,19.9,1.2989,NA,NA,NA
Ramon Bilbao,Mirto,2011,FALSE,4.2,402,Rioja,Rioja,28.53,1.4553,Rioja Red,4,3
Matsu,El Viejo,2019,FALSE,4.2,400,Toro,Toro,27.89,1.4454,Toro Red,5,3
Artadi,Valdegines,2016,FALSE,4.2,398,Vino de Espana,Vino de Espana,48.96,1.6898,Tempranillo,4,2
Contino,Rioja Graciano,2011,FALSE,4.2,395,Rioja,Rioja,61.94,1.792,Rioja Red,4,3
Contino,Reserva,2016,FALSE,4.2,392,Rioja,Rioja,19.98,1.3006,Rioja Red,4,3
Conreria d'Scala Dei,Les Brugueres,2018,FALSE,4.2,390,Priorato,Priorato,16.76,1.2243,Priorat Red,4,3
Mustiguillo,Finca Terrerazo,2017,FALSE,4.2,390,El Terrerazo,El Terrerazo,24.45,1.3883,Red,4,3
Matarromera,Gran Reserva,2011,FALSE,4.2,389,Ribera del Duero,Ribera del Duero,64.5,1.8096,Ribera Del Duero Red,5,3
Sei Solo,Preludio,2016,FALSE,4.2,388,Ribera del Duero,Ribera del Duero,31.63,1.5001,Ribera Del Duero Red,5,3
Vinedos de Paganos,El Puntido,2005,FALSE,4.2,384,Rioja,Rioja,73.0,1.8633,Rioja Red,4,3
La Vicalanda,Reserva,2015,FALSE,4.2,420,Rioja,Rioja,17.5,1.243,Rioja Red,4,3
Enrique Mendoza,Santa Rosa,2017,FALSE,4.2,420,Alicante,Alicante,18.9,1.2765,Red,4,3
Clos Pons,Roc Nu,2011,FALSE,4.2,420,Costers del Segre,Costers del Segre,23.95,1.3793,Red,4,3
Sierra Cantabria,Coleccion Privada,2012,FALSE,4.2,420,Rioja,Rioja,28.3,1.4518,Rioja Red,4,3
Imperial,Rioja Reserva,2004,FALSE,4.2,417,Rioja,Rioja,45.0,1.6532,Rioja Red,4,3
Losada,Altos de Losada,2018,FALSE,4.2,415,Bierzo,Bierzo,17.9,1.2529,Mencia,3,3
Mar de Frades,Rias Baixas Albarino Finca Valinas,2015,FALSE,4.2,414,Rias Baixas,Rias Baixas,16.78,1.2248,Albarino,3,3
La Rioja Alta,Vina Alberdi Crianza,2018,FALSE,4.2,410,Rioja,Rioja,13.58,1.1329,Rioja Red,4,3
Bodegas La Horra,Corimbo I,2015,FALSE,4.2,412,Ribera del Duero,Ribera del Duero,37.9,1.5786,Ribera Del Duero Red,5,3
Vina Pedrosa,Gran Reserva,2011,FALSE,4.2,410,Ribera del Duero,Ribera del Duero,51.35,1.7105,Ribera Del Duero Red,5,3
Campillo,Gran Reserva Rioja,2012,FALSE,4.2,410,Rioja,Rioja,22.99,1.3615,Rioja Red,4,3
Ramon do Casar,Treixadura,2020,FALSE,4.2,407,Ribeiro,Ribeiro,11.95,1.0774,NA,NA,NA
Lustau,Candela Cream Dulce Sweet,,TRUE,4.2,405,Jerez-Xeres-Sherry,Jerez-Xeres-Sherry,7.1,0.8513,Sherry,4,3
Portal del Priorat,Clos del Portal Somni,2014,FALSE,4.2,404,Priorato,Priorato,77.36,1.8885,Priorat Red,4,3
Binigrau,Nounat,2020,FALSE,4.2,404,Mallorca,Mallorca,19.9,1.2989,NA,NA,NA
Ramon Bilbao,Mirto,2011,FALSE,4.2,402,Rioja,Rioja,28.53,1.4553,Rioja Red,4,3
Matsu,El Viejo,2019,FALSE,4.2,400,Toro,Toro,27.89,1.4454,Toro Red,5,3
Artadi,Valdegines,2016,FALSE,4.2,398,Vino de Espana,Vino de Espana,48.96,1.6898,Tempranillo,4,2
Contino,Rioja Graciano,2011,FALSE,4.2,395,Rioja,Rioja,61.94,1.792,Rioja Red,4,3
Contino,Reserva,2016,FALSE,4.2,392,Rioja,Rioja,19.98,1.3006,Rioja Red,4,3
Conreria d'Scala Dei,Les Brugueres,2018,FALSE,4.2,390,Priorato,Priorato,16.76,1.2243,Priorat Red,4,3
Mustiguillo,Finca Terrerazo,2017,FALSE,4.2,390,El Terrerazo,El Terrerazo,24.45,1.3883,Red,4,3
Matarromera,Gran Reserva,2011,FALSE,4.2,389,Ribera del Duero,Ribera del Duero,64.5,1.8096,Ribera Del Duero Red,5,3
Sei Solo,Preludio,2016,FALSE,4.2,388,Ribera del Duero,Ribera del Duero,31.63,1.5001,Ribera Del Duero Red,5,3
Vinedos de Paganos,El Puntido,2005,FALSE,4.2,384,Rioja,Rioja,73.0,1.8633,Rioja Red,4,3
La Vicalanda,Reserva,2015,FALSE,4.2,420,Rioja,Rioja,17.5,1.243,Rioja Red,4,3
Enrique Mendoza,Santa Rosa,2017,FALSE,4.2,420,Alicante,Alicante,18.9,1.2765,Red,4,3
Clos Pons,Roc Nu,2011,FALSE,4.2,420,Costers del Segre,Costers del Segre,23.95,1.3793,Red,4,3
Sierra Cantabria,Coleccion Privada,2012,FALSE,4.2,420,Rioja,Rioja,28.3,1.4518,Rioja Red,4,3
Imperial,Rioja Reserva,2004,FALSE,4.2,417,Rioja,Rioja,45.0,1.6532,Rioja Red,4,3
Losada,Altos de Losada,2018,FALSE,4.2,415,Bierzo,Bierzo,17.9,1.2529,Mencia,3,3
Mar de Frades,Rias Baixas Albarino Finca Valinas,2015,FALSE,4.2,414,Rias Baixas,Rias Baixas,16.78,1.2248,Albarino,3,3
La Rioja Alta,Vina Alberdi Crianza,2018,FALSE,4.2,410,Rioja,Rioja,13.58,1.1329,Rioja Red,4,3
Bodegas La Horra,Corimbo I,2015,FALSE,4.2,412,Ribera del Duero,Ribera del Duero,37.9,1.5786,Ribera Del Duero Red,5,3
Vina Pedrosa,Gran Reserva,2011,FALSE,4.2,410,Ribera del Duero,Ribera del Duero,51.35,1.7105,Ribera Del Duero Red,5,3
Campillo,Gran Reserva Rioja,2012,FALSE,4.2,410,Rioja,Rioja,22.99,1.3615,Rioja Red,4,3
Ramon do Casar,Treixadura,2020,FALSE,4.2,407,Ribeiro,Ribeiro,11.95,1.0774,NA,NA,NA
Lustau,Candela Cream Dulce Sweet,,TRUE,4.2,405,Jerez-Xeres-Sherry,Jerez-Xeres-Sherry,7.1,0.8513,Sherry,4,3
Portal del Priorat,Clos del Portal Somni,2014,FALSE,4.2,404,Priorato,Priorato,77.36,1.8885,Priorat Red,4,3
Binigrau,Nounat,2020,FALSE,4.2,404,Mallorca,Mallorca,19.9,1.2989,NA,NA,NA
Ramon Bilbao,Mirto,2011,FALSE,4.2,402,Rioja,Rioja,28.53,1.4553,Rioja Red,4,3
Matsu,El Viejo,2019,FALSE,4.2,400,Toro,Toro,27.89,1.4454,Toro Red,5,3
Artadi,Valdegines,2016,FALSE,4.2,398,Vino de Espana,Vino de Espana,48.96,1.6898,Tempranillo,4,2
Contino,Rioja Graciano,2011,FALSE,4.2,395,Rioja,Rioja,61.94,1.792,Rioja Red,4,3
Contino,Reserva,2016,FALSE,4.2,392,Rioja,Rioja,19.98,1.3006,Rioja Red,4,3
Conreria d'Scala Dei,Les Brugueres,2018,FALSE,4.2,390,Priorato,Priorato,16.76,1.2243,Priorat Red,4,3
Mustiguillo,Finca Terrerazo,2017,FALSE,4.2,390,El Terrerazo,El Terrerazo,24.45,1.3883,Red,4,3
Matarromera,Gran Reserva,2011,FALSE,4.2,389,Ribera del Duero,Ribera del Duero,64.5,1.8096,Ribera Del Duero Red,5,3
Sei Solo,Preludio,2016,FALSE,4.2,388,Ribera del Duero,Ribera del Duero,31.63,1.5001,Ribera Del Duero Red,5,3
Vinedos de Paganos,El Puntido,2005,FALSE,4.2,384,Rioja,Rioja,73.0,1.8633,Rioja Red,4,3
La Vicalanda,Reserva,2015,FALSE,4.2,420,Rioja,Rioja,17.5,1.243,Rioja Red,4,3
Enrique Mendoza,Santa Rosa,2017,FALSE,4.2,420,Alicante,Alicante,18.9,1.2765,Red,4,3
Clos Pons,Roc Nu,2011,FALSE,4.2,420,Costers del Segre,Costers del Segre,23.95,1.3793,Red,4,3
Sierra Cantabria,Coleccion Privada,2012,FALSE,4.2,420,Rioja,Rioja,28.3,1.4518,Rioja Red,4,3
Imperial,Rioja Reserva,2004,FALSE,4.2,417,Rioja,Rioja,45.0,1.6532,Rioja Red,4,3
Losada,Altos de Losada,2018,FALSE,4.2,415,Bierzo,Bierzo,17.9,1.2529,Mencia,3,3
Mar de Frades,Rias Baixas Albarino Finca Valinas,2015,FALSE,4.2,414,Rias Baixas,Rias Baixas,16.78,1.2248,Albarino,3,3
La Rioja Alta,Vina Alberdi Crianza,2018,FALSE,4.2,410,Rioja,Rioja,13.58,1.1329,Rioja Red,4,3
Bodegas La Horra,Corimbo I,2015,FALSE,4.2,412,Ribera del Duero,Ribera del Duero,37.9,1.5786,Ribera Del Duero Red,5,3
Vina Pedrosa,Gran Reserva,2011,FALSE,4.2,410,Ribera del Duero,Ribera del Duero,51.35,1.7105,Ribera Del Duero Red,5,3
Campillo,Gran Reserva Rioja,2012,FALSE,4.2,410,Rioja,Rioja,22.99,1.3615,Rioja Red,4,3
Ramon do Casar,Treixadura,2020,FALSE,4.2,407,Ribeiro,Ribeiro,11.95,1.0774,NA,NA,NA
Lustau,Candela Cream Dulce Sweet,,TRUE,4.2,405,Jerez-Xeres-Sherry,Jerez-Xeres-Sherry,7.1,0.8513,Sherry,4,3
Portal del Priorat,Clos del Portal Somni,2014,FALSE,4.2,404,Priorato,Priorato,77.36,1.8885,Priorat Red,4,3
Binigrau,Nounat,2020,FALSE,4.2,404,Mallorca,Mallorca,19.9,1.2989,NA,NA,NA
Ramon Bilbao,Mirto,2011,FALSE,4.2,402,Rioja,Rioja,28.53,1.4553,Rioja Red,4,3
Matsu,El Viejo,2019,FALSE,4.2,400,Toro,Toro,27.89,1.4454,Toro Red,5,3
Artadi,Valdegines,2016,FALSE,4.2,398,Vino de Espana,Vino de Espana,48.96,1.6898,Tempranillo,4,2
Contino,Rioja Graciano,2011,FALSE,4.2,395,Rioja,Rioja,61.94,1.792,Rioja Red,4,3
Contino,Reserva,2016,FALSE,4.2,392,Rioja,Rioja,19.98,1.3006,Rioja Red,4,3
Conreria d'Scala Dei,Les Brugueres,2018,FALSE,4.2,390,Priorato,Priorato,16.76,1.2243,Priorat Red,4,3
Mustiguillo,Finca Terrerazo,2017,FALSE,4.2,390,El Terrerazo,El Terrerazo,24.45,1.3883,Red,4,3
Matarromera,Gran Reserva,2011,FALSE,4.2,389,Ribera del Duero,Ribera del Duero,64.5,1.8096,Ribera Del Duero Red,5,3
Sei Solo,Preludio,2016,FALSE,4.2,388,Ribera del Duero,Ribera del Duero,31.63,1.5001,Ribera Del Duero Red,5,3
Vinedos de Paganos,El Puntido,2005,FALSE,4.2,384,Rioja,Rioja,73.0,1.8633,Rioja Red,4,3
La Vicalanda,Reserva,2015,FALSE,4.2,420,Rioja,Rioja,17.5,1.243,Rioja Red,4,3
Enrique Mendoza,Santa Rosa,2017,FALSE,4.2,420,Alicante,Alicante,18.9,1.2765,Red,4,3
Clos Pons,Roc Nu,2011,FALSE,4.2,420,Costers del Segre,Costers del Segre,23.95,1.3793,Red,4,3
Sierra Cantabria,Coleccion Privada,2012,FALSE,4.2,420,Rioja,Rioja,28.3,1.4518,Rioja Red,4,3
Imperial,Rioja Reserva,2004,FALSE,4.2,417,Rioja,Rioja,45.0,1.6532,Rioja Red,4,3
Losada,Altos de Losada,2018,FALSE,4.2,415,Bierzo,Bierzo,17.9,1.2529,Mencia,3,3
Mar de Frades,Rias Baixas Albarino Finca Valinas,2015,FALSE,4.2,414,Rias Baixas,Rias Baixas,16.78,1.2248,Albarino,3,3
La Rioja Alta,Vina Alberdi Crianza,2018,FALSE,4.2,410,Rioja,Rioja,13.58,1.1329,Rioja Red,4,3
Bodegas La Horra,Corimbo I,2015,FALSE,4.2,412,Ribera del Duero,Ribera del Duero,37.9,1.5786,Ribera Del Duero Red,5,3
Vina Pedrosa,Gran Reserva,2011,FALSE,4.2,410,Ribera del Duero,Ribera del Duero,51.35,1.7105,Ribera Del Duero Red,5,3
Campillo,Gran Reserva Rioja,2012,FALSE,4.2,410,Rioja,Rioja,22.99,1.3615,Rioja Red,4,3
Ramon do Casar,Treixadura,2020,FALSE,4.2,407,Ribeiro,Ribeiro,11.95,1.0774,NA,NA,NA
Lustau,Candela Cream Dulce Sweet,,TRUE,4.2,405,Jerez-Xeres-Sherry,Jerez-Xeres-Sherry,7.1,0.8513,Sherry,4,3
Portal del Priorat,Clos del Portal Somni,2014,FALSE,4.2,404,Priorato,Priorato,77.36,1.8885,Priorat Red,4,3
Binigrau,Nounat,2020,FALSE,4.2,404,Mallorca,Mallorca,19.9,1.2989,NA,NA,NA
Ramon Bilbao,Mirto,2011,FALSE,4.2,402,Rioja,Rioja,28.53,1.4553,Rioja Red,4,3
Matsu,El Viejo,2019,FALSE,4.2,400,Toro,Toro,27.89,1.4454,Toro Red,5,3
Artadi,Valdegines,2016,FALSE,4.2,398,Vino de Espana,Vino de Espana,48.96,1.6898,Tempranillo,4,2
Contino,Rioja Graciano,2011,FALSE,4.2,395,Rioja,Rioja,61.94,1.792,Rioja Red,4,3
Contino,Reserva,2016,FALSE,4.2,392,Rioja,Rioja,19.98,1.3006,Rioja Red,4,3
Conreria d'Scala Dei,Les Brugueres,2018,FALSE,4.2,390,Priorato,Priorato,16.76,1.2243,Priorat Red,4,3
Mustiguillo,Finca Terrerazo,2017,FALSE,4.2,390,El Terrerazo,El Terrerazo,24.45,1.3883,Red,4,3
Matarromera,Gran Reserva,2011,FALSE,4.2,389,Ribera del Duero,Ribera del Duero,64.5,1.8096,Ribera Del Duero Red,5,3
Sei Solo,Preludio,2016,FALSE,4.2,388,Ribera del Duero,Ribera del Duero,31.63,1.5001,Ribera Del Duero Red,5,3
Vinedos de Paganos,El Puntido,2005,FALSE,4.2,384,Rioja,Rioja,73.0,1.8633,Rioja Red,4,3
La Vicalanda,Reserva,2015,FALSE,4.2,420,Rioja,Rioja,17.5,1.243,Rioja Red,4,3
Enrique Mendoza,Santa Rosa,2017,FALSE,4.2,420,Alicante,Alicante,18.9,1.2765,Red,4,3
Clos Pons,Roc Nu,2011,FALSE,4.2,420,Costers del Segre,Costers del Segre,23.95,1.3793,Red,4,3
Sierra Cantabria,Coleccion Privada,2012,FALSE,4.2,420,Rioja,Rioja,28.3,1.4518,Rioja Red,4,3
Imperial,Rioja Reserva,2004,FALSE,4.2,417,Rioja,Rioja,45.0,1.6532,Rioja Red,4,3
Losada,Altos de Losada,2018,FALSE,4.2,415,Bierzo,Bierzo,17.9,1.2529,Mencia,3,3
Mar de Frades,Rias Baixas Albarino Finca Valinas,2015,FALSE,4.2,414,Rias Baixas,Rias Baixas,16.78,1.2248,Albarino,3,3
La Rioja Alta,Vina Alberdi Crianza,2018,FALSE,4.2,410,Rioja,Rioja,13.58,1.1329,Rioja Red,4,3
Bodegas La Horra,Corimbo I,2015,FALSE,4.2,412,Ribera del Duero,Ribera del Duero,37.9,1.5786,Ribera Del Duero Red,5,3
Vina Pedrosa,Gran Reserva,2011,FALSE,4.2,410,Ribera del Duero,Ribera del Duero,51.35,1.7105,Ribera Del Duero Red,5,3
Campillo,Gran Reserva Rioja,2012,FALSE,4.2,410,Rioja,Rioja,22.99,1.3615,Rioja Red,4,3
Ramon do Casar,Treixadura,2020,FALSE,4.2,407,Ribeiro,Ribeiro,11.95,1.0774,NA,NA,NA
Lustau,Candela Cream Dulce Sweet,,TRUE,4.2,405,Jerez-Xeres-Sherry,Jerez-Xeres-Sherry,7.1,0.8513,Sherry,4,3
Portal del Priorat,Clos del Portal Somni,2014,FALSE,4.2,404,Priorato,Priorato,77.36,1.8885,Priorat Red,4,3
Binigrau,Nounat,2020,FALSE,4.2,404,Mallorca,Mallorca,19.9,1.2989,NA,NA,NA
Ramon Bilbao,Mirto,2011,FALSE,4.2,402,Rioja,Rioja,28.53,1.4553,Rioja Red,4,3
Matsu,El Viejo,2019,FALSE,4.2,400,Toro,Toro,27.89,1.4454,Toro Red,5,3
Artadi,Valdegines,2016,FALSE,4.2,398,Vino de Espana,Vino de Espana,48.96,1.6898,Tempranillo,4,2
Contino,Rioja Graciano,2011,FALSE,4.2,395,Rioja,Rioja,61.94,1.792,Rioja Red,4,3
Contino,Reserva,2016,FALSE,4.2,392,Rioja,Rioja,19.98,1.3006,Rioja Red,4,3
Conreria d'Scala Dei,Les Brugueres,2018,FALSE,4.2,390,Priorato,Priorato,16.76,1.2243,Priorat Red,4,3
Mustiguillo,Finca Terrerazo,2017,FALSE,4.2,390,El Terrerazo,El Terrerazo,24.45,1.3883,Red,4,3
Matarromera,Gran Reserva,2011,FALSE,4.2,389,Ribera del Duero,Ribera del Duero,64.5,1.8096,Ribera Del Duero Red,5,3
Sei Solo,Preludio,2016,FALSE,4.2,388,Ribera del Duero,Ribera del Duero,31.63,1.5001,Ribera Del Duero Red,5,3
Vinedos de Paganos,El Puntido,2005,FALSE,4.2,384,Rioja,Rioja,73.0,1.8633,Rioja Red,4,3
La Vicalanda,Reserva,2015,FALSE,4.2,420,Rioja,Rioja,17.5,1.243,Rioja Red,4,3
Enrique Mendoza,Santa Rosa,2017,FALSE,4.2,420,Alicante,Alicante,18.9,1.2765,Red,4,3
Clos Pons,Roc Nu,2011,FALSE,4.2,420,Costers del Segre,Costers del Segre,23.95,1.3793,Red,4,3
Sierra Cantabria,Coleccion Privada,2012,FALSE,4.2,420,Rioja,Rioja,28.3,1.4518,Rioja Red,4,3
Imperial,Rioja Reserva,2004,FALSE,4.2,417,Rioja,Rioja,45.0,1.6532,Rioja Red,4,3
Losada,Altos de Losada,2018,FALSE,4.2,415,Bierzo,Bierzo,17.9,1.2529,Mencia,3,3
Mar de Frades,Rias Baixas Albarino Finca Valinas,2015,FALSE,4.2,414,Rias Baixas,Rias Baixas,16.78,1.2248,Albarino,3,3
La Rioja Alta,Vina Alberdi Crianza,2018,FALSE,4.2,410,Rioja,Rioja,13.58,1.1329,Rioja Red,4,3
Bodegas La Horra,Corimbo I,2015,FALSE,4.2,412,Ribera del Duero,Ribera del Duero,37.9,1.5786,Ribera Del Duero Red,5,3
Vina Pedrosa,Gran Reserva,2011,FALSE,4.2,410,Ribera del Duero,Ribera del Duero,51.35,1.7105,Ribera Del Duero Red,5,3
Campillo,Gran Reserva Rioja,2012,FALSE,4.2,410,Rioja,Rioja,22.99,1.3615,Rioja Red,4,3
Ramon do Casar,Treixadura,2020,FALSE,4.2,407,Ribeiro,Ribeiro,11.95,1.0774,NA,NA,NA
Lustau,Candela Cream Dulce Sweet,,TRUE,4.2,405,Jerez-Xeres-Sherry,Jerez-Xeres-Sherry,7.1,0.8513,Sherry,4,3
Portal del Priorat,Clos del Portal Somni,2014,FALSE,4.2,404,Priorato,Priorato,77.36,1.8885,Priorat Red,4,3
Binigrau,Nounat,2020,FALSE,4.2,404,Mallorca,Mallorca,19.9,1.2989,NA,NA,NA
Ramon Bilbao,Mirto,2011,FALSE,4.2,402,Rioja,Rioja,28.53,1.4553,Rioja Red,4,3
Matsu,El Viejo,2019,FALSE,4.2,400,Toro,Toro,27.89,1.4454,Toro Red,5,3
Artadi,Valdegines,2016,FALSE,4.2,398,Vino de Espana,Vino de Espana,48.96,1.6898,Tempranillo,4,2
Contino,Rioja Graciano,2011,FALSE,4.2,395,Rioja,Rioja,61.94,1.792,Rioja Red,4,3
Contino,Reserva,2016,FALSE,4.2,392,Rioja,Rioja,19.98,1.3006,Rioja Red,4,3
Conreria d'Scala Dei,Les Brugueres,2018,FALSE,4.2,390,Priorato,Priorato,16.76,1.2243,Priorat Red,4,3
Mustiguillo,Finca Terrerazo,2017,FALSE,4.2,390,El Terrerazo,El Terrerazo,24.45,1.3883,Red,4,3
Matarromera,Gran Reserva,2011,FALSE,4.2,389,Ribera del Duero,Ribera del Duero,64.5,1.8096,Ribera Del Duero Red,5,3
Sei Solo,Preludio,2016,FALSE,4.2,388,Ribera del Duero,Ribera del Duero,31.63,1.5001,Ribera Del Duero Red,5,3
Vinedos de Paganos,El Puntido,2005,FALSE,4.2,384,Rioja,Rioja,73.0,1.8633,Rioja Red,4,3
La Vicalanda,Reserva,2015,FALSE,4.2,420,Rioja,Rioja,17.5,1.243,Rioja Red,4,3
Enrique Mendoza,Santa Rosa,2017,FALSE,4.2,420,Alicante,Alicante,18.9,1.2765,Red,4,3
Clos Pons,Roc Nu,2011,FALSE,4.2,420,Costers del Segre,Costers del Segre,23.95,1.3793,Red,4,3
Sierra Cantabria,Coleccion Privada,2012,FALSE,4.2,420,Rioja,Rioja,28.3,1.4518,Rioja Red,4,3
Imperial,Rioja Reserva,2004,FALSE,4.2,417,Rioja,Rioja,45.0,1.6532,Rioja Red,4,3
Losada,Altos de Losada,2018,FALSE,4.2,415,Bierzo,Bierzo,17.9,1.2529,Mencia,3,3
Mar de Frades,Rias Baixas Albarino Finca Valinas,2015,FALSE,4.2,414,Rias Baixas,Rias Baixas,16.78,1.2248,Albarino,3,3
La Rioja Alta,Vina Alberdi Crianza,2018,FALSE,4.2,410,Rioja,Rioja,13.58,1.1329,Rioja Red,4,3
Bodegas La Horra,Corimbo I,2015,FALSE,4.2,412,Ribera del Duero,Ribera del Duero,37.9,1.5786,Ribera Del Duero Red,5,3
Vina Pedrosa,Gran Reserva,2011,FALSE,4.2,410,Ribera del Duero,Ribera del Duero,51.35,1.7105,Ribera Del Duero Red,5,3
Campillo,Gran Reserva Rioja,2012,FALSE,4.2,410,Rioja,Rioja,22.99,1.3615,Rioja Red,4,3
Ramon do Casar,Treixadura,2020,FALSE,4.2,407,Ribeiro,Ribeiro,11.95,1.0774,NA,NA,NA
Lustau,Candela Cream Dulce Sweet,,TRUE,4.2,405,Jerez-Xeres-Sherry,Jerez-Xeres-Sherry,7.1,0.8513,Sherry,4,3
Portal del Priorat,Clos del Portal Somni,2014,FALSE,4.2,404,Priorato,Priorato,77.36,1.8885,Priorat Red,4,3
Binigrau,Nounat,2020,FALSE,4.2,404,Mallorca,Mallorca,19.9,1.2989,NA,NA,NA
Ramon Bilbao,Mirto,2011,FALSE,4.2,402,Rioja,Rioja,28.53,1.4553,Rioja Red,4,3
Matsu,El Viejo,2019,FALSE,4.2,400,Toro,Toro,27.89,1.4454,Toro Red,5,3
Artadi,Valdegines,2016,FALSE,4.2,398,Vino de Espana,Vino de Espana,48.96,1.6898,Tempranillo,4,2
Contino,Rioja Graciano,2011,FALSE,4.2,395,Rioja,Rioja,61.94,1.792,Rioja Red,4,3
Contino,Reserva,2016,FALSE,4.2,392,Rioja,Rioja,19.98,1.3006,Rioja Red,4,3
Conreria d'Scala Dei,Les Brugueres,2018,FALSE,4.2,390,Priorato,Priorato,16.76,1.2243,Priorat Red,4,3
Mustiguillo,Finca Terrerazo,2017,FALSE,4.2,390,El Terrerazo,El Terrerazo,24.45,1.3883,Red,4,3
Matarromera,Gran Reserva,2011,FALSE,4.2,389,Ribera del Duero,Ribera del Duero,64.5,1.8096,Ribera Del Duero Red,5,3
Sei Solo,Preludio,2016,FALSE,4.2,388,Ribera del Duero,Ribera del Duero,31.63,1.5001,Ribera Del Duero Red,5,3
Vinedos de Paganos,El Puntido,2005,FALSE,4.2,384,Rioja,Rioja,73.0,1.8633,Rioja Red,4,3
La Vicalanda,Reserva,2015,FALSE,4.2,420,Rioja,Rioja,17.5,1.243,Rioja Red,4,3
Enrique Mendoza,Santa Rosa,2017,FALSE,4.2,420,Alicante,Alicante,18.9,1.2765,Red,4,3
Clos Pons,Roc Nu,2011,FALSE,4.2,420,Costers del Segre,Costers del Segre,23.95,1.3793,Red,4,3
Sierra Cantabria,Coleccion Privada,2012,FALSE,4.2,420,Rioja,Rioja,28.3,1.4518,Rioja Red,4,3
Imperial,Rioja Reserva,2004,FALSE,4.2,417,Rioja,Rioja,45.0,1.6532,Rioja Red,4,3
Losada,Altos de Losada,2018,FALSE,4.2,415,Bierzo,Bierzo,17.9,1.2529,Mencia,3,3
Mar de Frades,Rias Baixas Albarino Finca Valinas,2015,FALSE,4.2,414,Rias Baixas,Rias Baixas,16.78,1.2248,Albarino,3,3
La Rioja Alta,Vina Alberdi Crianza,2018,FALSE,4.2,410,Rioja,Rioja,13.58,1.1329,Rioja Red,4,3
Bodegas La Horra,Corimbo I,2015,FALSE,4.2,412,Ribera del Duero,Ribera del Duero,37.9,1.5786,Ribera Del Duero Red,5,3
Vina Pedrosa,Gran Reserva,2011,FALSE,4.2,410,Ribera del Duero,Ribera del Duero,51.35,1.7105,Ribera Del Duero Red,5,3
Campillo,Gran Reserva Rioja,2012,FALSE,4.2,410,Rioja,Rioja,22.99,1.3615,Rioja Red,4,3
Ramon do Casar,Treixadura,2020,FALSE,4.2,407,Ribeiro,Ribeiro,11.95,1.0774,NA,NA,NA
Lustau,Candela Cream Dulce Sweet,,TRUE,4.2,405,Jerez-Xeres-Sherry,Jerez-Xeres-Sherry,7.1,0.8513,Sherry,4,3
Portal del Priorat,Clos del Portal Somni,2014,FALSE,4.2,404,Priorato,Priorato,77.36,1.8885,Priorat Red,4,3
Binigrau,Nounat,2020,FALSE,4.2,404,Mallorca,Mallorca,19.9,1.2989,NA,NA,NA
Ramon Bilbao,Mirto,2011,FALSE,4.2,402,Rioja,Rioja,28.53,1.4553,Rioja Red,4,3
Matsu,El Viejo,2019,FALSE,4.2,400,Toro,Toro,27.89,1.4454,Toro Red,5,3
Artadi,Valdegines,2016,FALSE,4.2,398,Vino de Espana,Vino de Espana,48.96,1.6898,Tempranillo,4,2
Contino,Rioja Graciano,2011,FALSE,4.2,395,Rioja,Rioja,61.94,1.792,Rioja Red,4,3
Contino,Reserva,2016,FALSE,4.2,392,Rioja,Rioja,19.98,1.3006,Rioja Red,4,3
Conreria d'Scala Dei,Les Brugueres,2018,FALSE,4.2,390,Priorato,Priorato,16.76,1.2243,Priorat Red,4,3
Mustiguillo,Finca Terrerazo,2017,FALSE,4.2,390,El Terrerazo,El Terrerazo,24.45,1.3883,Red,4,3
Matarromera,Gran Reserva,2011,FALSE,4.2,389,Ribera del Duero,Ribera del Duero,64.5,1.8096,Ribera Del Duero Red,5,3
Sei Solo,Preludio,2016,FALSE,4.2,388,Ribera del Duero,Ribera del Duero,31.63,1.5001,Ribera Del Duero Red,5,3
Vinedos de Paganos,El Puntido,2005,FALSE,4.2,384,Rioja,Rioja,73.0,1.8633,Rioja Red,4,3
La Vicalanda,Reserva,2015,FALSE,4.2,420,Rioja,Rioja,17.5,1.243,Rioja Red,4,3
Enrique Mendoza,Santa Rosa,2017,FALSE,4.2,420,Alicante,Alicante,18.9,1.2765,Red,4,3
Clos Pons,Roc Nu,2011,FALSE,4.2,420,Costers del Segre,Costers del Segre,23.95,1.3793,Red,4,3
Sierra Cantabria,Coleccion Privada,2012,FALSE,4.2,420,Rioja,Rioja,28.3,1.4518,Rioja Red,4,3
Imperial,Rioja Reserva,2004,FALSE,4.2,417,Rioja,Rioja,45.0,1.6532,Rioja Red,4,3
Losada,Altos de Losada,2018,FALSE,4.2,415,Bierzo,Bierzo,17.9,1.2529,Mencia,3,3
Mar de Frades,Rias Baixas Albarino Finca Valinas,2015,FALSE,4.2,414,Rias Baixas,Rias Baixas,16.78,1.2248,Albarino,3,3
La Rioja Alta,Vina Alberdi Crianza,2018,FALSE,4.2,410,Rioja,Rioja,13.58,1.1329,Rioja Red,4,3
Bodegas La Horra,Corimbo I,2015,FALSE,4.2,412,Ribera del Duero,Ribera del Duero,37.9,1.5786,Ribera Del Duero Red,5,3
Vina Pedrosa,Gran Reserva,2011,FALSE,4.2,410,Ribera del Duero,Ribera del Duero,51.35,1.7105,Ribera Del Duero Red,5,3
Campillo,Gran Reserva Rioja,2012,FALSE,4.2,410,Rioja,Rioja,22.99,1.3615,Rioja Red,4,3
Ramon do Casar,Treixadura,2020,FALSE,4.2,407,Ribeiro,Ribeiro,11.95,1.0774,NA,NA,NA
Lustau,Candela Cream Dulce Sweet,,TRUE,4.2,405,Jerez-Xeres-Sherry,Jerez-Xeres-Sherry,7.1,0.8513,Sherry,4,3
Portal del Priorat,Clos del Portal Somni,2014,FALSE,4.2,404,Priorato,Priorato,77.36,1.8885,Priorat Red,4,3
Binigrau,Nounat,2020,FALSE,4.2,404,Mallorca,Mallorca,19.9,1.2989,NA,NA,NA
Ramon Bilbao,Mirto,2011,FALSE,4.2,402,Rioja,Rioja,28.53,1.4553,Rioja Red,4,3
Matsu,El Viejo,2019,FALSE,4.2,400,Toro,Toro,27.89,1.4454,Toro Red,5,3
Artadi,Valdegines,2016,FALSE,4.2,398,Vino de Espana,Vino de Espana,48.96,1.6898,Tempranillo,4,2
Contino,Rioja Graciano,2011,FALSE,4.2,395,Rioja,Rioja,61.94,1.792,Rioja Red,4,3
Contino,Reserva,2016,FALSE,4.2,392,Rioja,Rioja,19.98,1.3006,Rioja Red,4,3
Conreria d'Scala Dei,Les Brugueres,2018,FALSE,4.2,390,Priorato,Priorato,16.76,1.2243,Priorat Red,4,3
Mustiguillo,Finca Terrerazo,2017,FALSE,4.2,390,El Terrerazo,El Terrerazo,24.45,1.3883,Red,4,3
Matarromera,Gran Reserva,2011,FALSE,4.2,389,Ribera del Duero,Ribera del Duero,64.5,1.8096,Ribera Del Duero Red,5,3
Sei Solo,Preludio,2016,FALSE,4.2,388,Ribera del Duero,Ribera del Duero,31.63,1.5001,Ribera Del Duero Red,5,3
Vinedos de Paganos,El Puntido,2005,FALSE,4.2,384,Rioja,Rioja,73.0,1.8633,Rioja Red,4,3
La Vicalanda,Reserva,2015,FALSE,4.2,420,Rioja,Rioja,17.5,1.243,Rioja Red,4,3
Enrique Mendoza,Santa Rosa,2017,FALSE,4.2,420,Alicante,Alicante,18.9,1.2765,Red,4,3
Clos Pons,Roc Nu,2011,FALSE,4.2,420,Costers del Segre,Costers del Segre,23.95,1.3793,Red,4,3
Sierra Cantabria,Coleccion Privada,2012,FALSE,4.2,420,Rioja,Rioja,28.3,1.4518,Rioja Red,4,3
Imperial,Rioja Reserva,2004,FALSE,4.2,417,Rioja,Rioja,45.0,1.6532,Rioja Red,4,3
Losada,Altos de Losada,2018,FALSE,4.2,415,Bierzo,Bierzo,17.9,1.2529,Mencia,3,3
Mar de Frades,Rias Baixas Albarino Finca Valinas,2015,FALSE,4.2,414,Rias Baixas,Rias Baixas,16.78,1.2248,Albarino,3,3
La Rioja Alta,Vina Alberdi Crianza,2018,FALSE,4.2,410,Rioja,Rioja,13.58,1.1329,Rioja Red,4,3
Bodegas La Horra,Corimbo I,2015,FALSE,4.2,412,Ribera del Duero,Ribera del Duero,37.9,1.5786,Ribera Del Duero Red,5,3
Vina Pedrosa,Gran Reserva,2011,FALSE,4.2,410,Ribera del Duero,Ribera del Duero,51.35,1.7105,Ribera Del Duero Red,5,3
Campillo,Gran Reserva Rioja,2012,FALSE,4.2,410,Rioja,Rioja,22.99,1.3615,Rioja Red,4,3
Ramon do Casar,Treixadura,2020,FALSE,4.2,407,Ribeiro,Ribeiro,11.95,1.0774,NA,NA,NA
Lustau,Candela Cream Dulce Sweet,,TRUE,4.2,405,Jerez-Xeres-Sherry,Jerez-Xeres-Sherry,7.1,0.8513,Sherry,4,3
Portal del Priorat,Clos del Portal Somni,2014,FALSE,4.2,404,Priorato,Priorato,77.36,1.8885,Priorat Red,4,3
Binigrau,Nounat,2020,FALSE,4.2,404,Mallorca,Mallorca,19.9,1.2989,NA,NA,NA
Ramon Bilbao,Mirto,2011,FALSE,4.2,402,Rioja,Rioja,28.53,1.4553,Rioja Red,4,3
Matsu,El Viejo,2019,FALSE,4.2,400,Toro,Toro,27.89,1.4454,Toro Red,5,3
Artadi,Valdegines,2016,FALSE,4.2,398,Vino de Espana,Vino de Espana,48.96,1.6898,Tempranillo,4,2
Contino,Rioja Graciano,2011,FALSE,4.2,395,Rioja,Rioja,61.94,1.792,Rioja Red,4,3
Contino,Reserva,2016,FALSE,4.2,392,Rioja,Rioja,19.98,1.3006,Rioja Red,4,3
Conreria d'Scala Dei,Les Brugueres,2018,FALSE,4.2,390,Priorato,Priorato,16.76,1.2243,Priorat Red,4,3
Mustiguillo,Finca Terrerazo,2017,FALSE,4.2,390,El Terrerazo,El Terrerazo,24.45,1.3883,Red,4,3
Matarromera,Gran Reserva,2011,FALSE,4.2,389,Ribera del Duero,Ribera del Duero,64.5,1.8096,Ribera Del Duero Red,5,3
Sei Solo,Preludio,2016,FALSE,4.2,388,Ribera del Duero,Ribera del Duero,31.63,1.5001,Ribera Del Duero Red,5,3
Vinedos de Paganos,El Puntido,2005,FALSE,4.2,384,Rioja,Rioja,73.0,1.8633,Rioja Red,4,3
La Vicalanda,Reserva,2015,FALSE,4.2,420,Rioja,Rioja,17.5,1.243,Rioja Red,4,3
Enrique Mendoza,Santa Rosa,2017,FALSE,4.2,420,Alicante,Alicante,18.9,1.2765,Red,4,3
Clos Pons,Roc Nu,2011,FALSE,4.2,420,Costers del Segre,Costers del Segre,23.95,1.3793,Red,4,3
Sierra Cantabria,Coleccion Privada,2012,FALSE,4.2,420,Rioja,Rioja,28.3,1.4518,Rioja Red,4,3
Imperial,Rioja Reserva,2004,FALSE,4.2,417,Rioja,Rioja,45.0,1.6532,Rioja Red,4,3
Losada,Altos de Losada,2018,FALSE,4.2,415,Bierzo,Bierzo,17.9,1.2529,Mencia,3,3
Mar de Frades,Rias Baixas Albarino Finca Valinas,2015,FALSE,4.2,414,Rias Baixas,Rias Baixas,16.78,1.2248,Albarino,3,3
La Rioja Alta,Vina Alberdi Crianza,2018,FALSE,4.2,410,Rioja,Rioja,13.58,1.1329,Rioja Red,4,3
Bodegas La Horra,Corimbo I,2015,FALSE,4.2,412,Ribera del Duero,Ribera del Duero,37.9,1.5786,Ribera Del Duero Red,5,3
Vina Pedrosa,Gran Reserva,2011,FALSE,4.2,410,Ribera del Duero,Ribera del Duero,51.35,1.7105,Ribera Del Duero Red,5,3
Campillo,Gran Reserva Rioja,2012,FALSE,4.2,410,Rioja,Rioja,22.99,1.3615,Rioja Red,4,3
Ramon do Casar,Treixadura,2020,FALSE,4.2,407,Ribeiro,Ribeiro,11.95,1.0774,NA,NA,NA
Lustau,Candela Cream Dulce Sweet,,TRUE,4.2,405,Jerez-Xeres-Sherry,Jerez-Xeres-Sherry,7.1,0.8513,Sherry,4,3
Portal del Priorat,Clos del Portal Somni,2014,FALSE,4.2,404,Priorato,Priorato,77.36,1.8885,Priorat Red,4,3
Binigrau,Nounat,2020,FALSE,4.2,404,Mallorca,Mallorca,19.9,1.2989,NA,NA,NA
Ramon Bilbao,Mirto,2011,FALSE,4.2,402,Rioja,Rioja,28.53,1.4553,Rioja Red,4,3
Matsu,El Viejo,2019,FALSE,4.2,400,Toro,Toro,27.89,1.4454,Toro Red,5,3
Artadi,Valdegines,2016,FALSE,4.2,398,Vino de Espana,Vino de Espana,48.96,1.6898,Tempranillo,4,2
Contino,Rioja Graciano,2011,FALSE,4.2,395,Rioja,Rioja,61.94,1.792,Rioja Red,4,3
Contino,Reserva,2016,FALSE,4.2,392,Rioja,Rioja,19.98,1.3006,Rioja Red,4,3
Conreria d'Scala Dei,Les Brugueres,2018,FALSE,4.2,390,Priorato,Priorato,16.76,1.2243,Priorat Red,4,3
Mustiguillo,Finca Terrerazo,2017,FALSE,4.2,390,El Terrerazo,El Terrerazo,24.45,1.3883,Red,4,3
Matarromera,Gran Reserva,2011,FALSE,4.2,389,Ribera del Duero,Ribera del Duero,64.5,1.8096,Ribera Del Duero Red,5,3
Sei Solo,Preludio,2016,FALSE,4.2,388,Ribera del Duero,Ribera del Duero,31.63,1.5001,Ribera Del Duero Red,5,3
Vinedos de Paganos,El Puntido,2005,FALSE,4.2,384,Rioja,Rioja,73.0,1.8633,Rioja Red,4,3
La Vicalanda,Reserva,2015,FALSE,4.2,420,Rioja,Rioja,17.5,1.243,Rioja Red,4,3
Enrique Mendoza,Santa Rosa,2017,FALSE,4.2,420,Alicante,Alicante,18.9,1.2765,Red,4,3
Clos Pons,Roc Nu,2011,FALSE,4.2,420,Costers del Segre,Costers del Segre,23.95,1.3793,Red,4,3
Sierra Cantabria,Coleccion Privada,2012,FALSE,4.2,420,Rioja,Rioja,28.3,1.4518,Rioja Red,4,3
Imperial,Rioja Reserva,2004,FALSE,4.2,417,Rioja,Rioja,45.0,1.6532,Rioja Red,4,3
Losada,Altos de Losada,2018,FALSE,4.2,415,Bierzo,Bierzo,17.9,1.2529,Mencia,3,3
Mar de Frades,Rias Baixas Albarino Finca Valinas,2015,FALSE,4.2,414,Rias Baixas,Rias Baixas,16.78,1.2248,Albarino,3,3
La Rioja Alta,Vina Alberdi Crianza,2018,FALSE,4.2,410,Rioja,Rioja,13.58,1.1329,Rioja Red,4,3
Bodegas La Horra,Corimbo I,2015,FALSE,4.2,412,Ribera del Duero,Ribera del Duero,37.9,1.5786,Ribera Del Duero Red,5,3
Vina Pedrosa,Gran Reserva,2011,FALSE,4.2,410,Ribera del Duero,Ribera del Duero,51.35,1.7105,Ribera Del Duero Red,5,3
Campillo,Gran Reserva Rioja,2012,FALSE,4.2,410,Rioja,Rioja,22.99,1.3615,Rioja Red,4,3
Ramon do Casar,Treixadura,2020,FALSE,4.2,407,Ribeiro,Ribeiro,11.95,1.0774,NA,NA,NA
Lustau,Candela Cream Dulce Sweet,,TRUE,4.2,405,Jerez-Xeres-Sherry,Jerez-Xeres-Sherry,7.1,0.8513,Sherry,4,3
Portal del Priorat,Clos del Portal Somni,2014,FALSE,4.2,404,Priorato,Priorato,77.36,1.8885,Priorat Red,4,3
Binigrau,Nounat,2020,FALSE,4.2,404,Mallorca,Mallorca,19.9,1.2989,NA,NA,NA
Ramon Bilbao,Mirto,2011,FALSE,4.2,402,Rioja,Rioja,28.53,1.4553,Rioja Red,4,3
Matsu,El Viejo,2019,FALSE,4.2,400,Toro,Toro,27.89,1.4454,Toro Red,5,3
Artadi,Valdegines,2016,FALSE,4.2,398,Vino de Espana,Vino de Espana,48.96,1.6898,Tempranillo,4,2
Contino,Rioja Graciano,2011,FALSE,4.2,395,Rioja,Rioja,61.94,1.792,Rioja Red,4,3
Contino,Reserva,2016,FALSE,4.2,392,Rioja,Rioja,19.98,1.3006,Rioja Red,4,3
Conreria d'Scala Dei,Les Brugueres,2018,FALSE,4.2,390,Priorato,Priorato,16.76,1.2243,Priorat Red,4,3
Mustiguillo,Finca Terrerazo,2017,FALSE,4.2,390,El Terrerazo,El Terrerazo,24.45,1.3883,Red,4,3
Matarromera,Gran Reserva,2011,FALSE,4.2,389,Ribera del Duero,Ribera del Duero,64.5,1.8096,Ribera Del Duero Red,5,3
Sei Solo,Preludio,2016,FALSE,4.2,388,Ribera del Duero,Ribera del Duero,31.63,1.5001,Ribera Del Duero Red,5,3
Vinedos de Paganos,El Puntido,2005,FALSE,4.2,384,Rioja,Rioja,73.0,1.8633,Rioja Red,4,3
La Vicalanda,Reserva,2015,FALSE,4.2,420,Rioja,Rioja,17.5,1.243,Rioja Red,4,3
Enrique Mendoza,Santa Rosa,2017,FALSE,4.2,420,Alicante,Alicante,18.9,1.2765,Red,4,3
Clos Pons,Roc Nu,2011,FALSE,4.2,420,Costers del Segre,Costers del Segre,23.95,1.3793,Red,4,3
Sierra Cantabria,Coleccion Privada,2012,FALSE,4.2,420,Rioja,Rioja,28.3,1.4518,Rioja Red,4,3
Imperial,Rioja Reserva,2004,FALSE,4.2,417,Rioja,Rioja,45.0,1.6532,Rioja Red,4,3
Losada,Altos de Losada,2018,FALSE,4.2,415,Bierzo,Bierzo,17.9,1.2529,Mencia,3,3
Mar de Frades,Rias Baixas Albarino Finca Valinas,2015,FALSE,4.2,414,Rias Baixas,Rias Baixas,16.78,1.2248,Albarino,3,3
La Rioja Alta,Vina Alberdi Crianza,2018,FALSE,4.2,410,Rioja,Rioja,13.58,1.1329,Rioja Red,4,3
Bodegas La Horra,Corimbo I,2015,FALSE,4.2,412,Ribera del Duero,Ribera del Duero,37.9,1.5786,Ribera Del Duero Red,5,3
Vina Pedrosa,Gran Reserva,2011,FALSE,4.2,410,Ribera del Duero,Ribera del Duero,51.35,1.7105,Ribera Del Duero Red,5,3
Campillo,Gran Reserva Rioja,2012,FALSE,4.2,410,Rioja,Rioja,22.99,1.3615,Rioja Red,4,3
Ramon do Casar,Treixadura,2020,FALSE,4.2,407,Ribeiro,Ribeiro,11.95,1.0774,NA,NA,NA
Lustau,Candela Cream Dulce Sweet,,TRUE,4.2,405,Jerez-Xeres-Sherry,Jerez-Xeres-Sherry,7.1,0.8513,Sherry,4,3
Portal del Priorat,Clos del Portal Somni,2014,FALSE,4.2,404,Priorato,Priorato,77.36,1.8885,Priorat Red,4,3
Binigrau,Nounat,2020,FALSE,4.2,404,Mallorca,Mallorca,19.9,1.2989,NA,NA,NA
Ramon Bilbao,Mirto,2011,FALSE,4.2,402,Rioja,Rioja,28.53,1.4553,Rioja Red,4,3
Matsu,El Viejo,2019,FALSE,4.2,400,Toro,Toro,27.89,1.4454,Toro Red,5,3
Artadi,Valdegines,2016,FALSE,4.2,398,Vino de Espana,Vino de Espana,48.96,1.6898,Tempranillo,4,2
Contino,Rioja Graciano,2011,FALSE,4.2,395,Rioja,Rioja,61.94,1.792,Rioja Red,4,3
Contino,Reserva,2016,FALSE,4.2,392,Rioja,Rioja,19.98,1.3006,Rioja Red,4,3
Conreria d'Scala Dei,Les Brugueres,2018,FALSE,4.2,390,Priorato,Priorato,16.76,1.2243,Priorat Red,4,3
Mustiguillo,Finca Terrerazo,2017,FALSE,4.2,390,El Terrerazo,El Terrerazo,24.45,1.3883,Red,4,3
Matarromera,Gran Reserva,2011,FALSE,4.2,389,Ribera del Duero,Ribera del Duero,64.5,1.8096,Ribera Del Duero Red,5,3
Sei Solo,Preludio,2016,FALSE,4.2,388,Ribera del Duero,Ribera del Duero,31.63,1.5001,Ribera Del Duero Red,5,3
Vinedos de Paganos,El Puntido,2005,FALSE,4.2,384,Rioja,Rioja,73.0,1.8633,Rioja Red,4,3
La Vicalanda,Reserva,2015,FALSE,4.2,420,Rioja,Rioja,17.5,1.243,Rioja Red,4,3
Enrique Mendoza,Santa Rosa,2017,FALSE,4.2,420,Alicante,Alicante,18.9,1.2765,Red,4,3
Clos Pons,Roc Nu,2011,FALSE,4.2,420,Costers del Segre,Costers del Segre,23.95,1.3793,Red,4,3
Sierra Cantabria,Coleccion Privada,2012,FALSE,4.2,420,Rioja,Rioja,28.3,1.4518,Rioja Red,4,3
Imperial,Rioja Reserva,2004,FALSE,4.2,417,Rioja,Rioja,45.0,1.6532,Rioja Red,4,3
Losada,Altos de Losada,2018,FALSE,4.2,415,Bierzo,Bierzo,17.9,1.2529,Mencia,3,3
Mar de Frades,Rias Baixas Albarino Finca Valinas,2015,FALSE,4.2,414,Rias Baixas,Rias Baixas,16.78,1.2248,Albarino,3,3
La Rioja Alta,Vina Alberdi Crianza,2018,FALSE,4.2,410,Rioja,Rioja,13.58,1.1329,Rioja Red,4,3
Bodegas La Horra,Corimbo I,2015,FALSE,4.2,412,Ribera del Duero,Ribera del Duero,37.9,1.5786,Ribera Del Duero Red,5,3
Vina Pedrosa,Gran Reserva,2011,FALSE,4.2,410,Ribera del Duero,Ribera del Duero,51.35,1.7105,Ribera Del Duero Red,5,3
Campillo,Gran Reserva Rioja,2012,FALSE,4.2,410,Rioja,Rioja,22.99,1.3615,Rioja Red,4,3
Ramon do Casar,Treixadura,2020,FALSE,4.2,407,Ribeiro,Ribeiro,11.95,1.0774,NA,NA,NA
Lustau,Candela Cream Dulce Sweet,,TRUE,4.2,405,Jerez-Xeres-Sherry,Jerez-Xeres-Sherry,7.1,0.8513,Sherry,4,3
Portal del Priorat,Clos del Portal Somni,2014,FALSE,4.2,404,Priorato,Priorato,77.36,1.8885,Priorat Red,4,3
Binigrau,Nounat,2020,FALSE,4.2,404,Mallorca,Mallorca,19.9,1.2989,NA,NA,NA
Ramon Bilbao,Mirto,2011,FALSE,4.2,402,Rioja,Rioja,28.53,1.4553,Rioja Red,4,3
Matsu,El Viejo,2019,FALSE,4.2,400,Toro,Toro,27.89,1.4454,Toro Red,5,3
Artadi,Valdegines,2016,FALSE,4.2,398,Vino de Espana,Vino de Espana,48.96,1.6898,Tempranillo,4,2
Contino,Rioja Graciano,2011,FALSE,4.2,395,Rioja,Rioja,61.94,1.792,Rioja Red,4,3
Contino,Reserva,2016,FALSE,4.2,392,Rioja,Rioja,19.98,1.3006,Rioja Red,4,3
Conreria d'Scala Dei,Les Brugueres,2018,FALSE,4.2,390,Priorato,Priorato,16.76,1.2243,Priorat Red,4,3
Mustiguillo,Finca Terrerazo,2017,FALSE,4.2,390,El Terrerazo,El Terrerazo,24.45,1.3883,Red,4,3
Matarromera,Gran Reserva,2011,FALSE,4.2,389,Ribera del Duero,Ribera del Duero,64.5,1.8096,Ribera Del Duero Red,5,3
Sei Solo,Preludio,2016,FALSE,4.2,388,Ribera del Duero,Ribera del Duero,31.63,1.5001,Ribera Del Duero Red,5,3
Vinedos de Paganos,El Puntido,2005,FALSE,4.2,384,Rioja,Rioja,73.0,1.8633,Rioja Red,4,3
La Vicalanda,Reserva,2015,FALSE,4.2,420,Rioja,Rioja,17.5,1.243,Rioja Red,4,3
Enrique Mendoza,Santa Rosa,2017,FALSE,4.2,420,Alicante,Alicante,18.9,1.2765,Red,4,3
Clos Pons,Roc Nu,2011,FALSE,4.2,420,Costers del Segre,Costers del Segre,23.95,1.3793,Red,4,3
Sierra Cantabria,Coleccion Privada,2012,FALSE,4.2,420,Rioja,Rioja,28.3,1.4518,Rioja Red,4,3
Imperial,Rioja Reserva,2004,FALSE,4.2,417,Rioja,Rioja,45.0,1.6532,Rioja Red,4,3
Losada,Altos de Losada,2018,FALSE,4.2,415,Bierzo,Bierzo,17.9,1.2529,Mencia,3,3
Mar de Frades,Rias Baixas Albarino Finca Valinas,2015,FALSE,4.2,414,Rias Baixas,Rias Baixas,16.78,1.2248,Albarino,3,3
La Rioja Alta,Vina Alberdi Crianza,2018,FALSE,4.2,410,Rioja,Rioja,13.58,1.1329,Rioja Red,4,3
Bodegas La Horra,Corimbo I,2015,FALSE,4.2,412,Ribera del Duero,Ribera del Duero,37.9,1.5786,Ribera Del Duero Red,5,3
Vina Pedrosa,Gran Reserva,2011,FALSE,4.2,410,Ribera del Duero,Ribera del Duero,51.35,1.7105,Ribera Del Duero Red,5,3
Campillo,Gran Reserva Rioja,2012,FALSE,4.2,410,Rioja,Rioja,22.99,1.3615,Rioja Red,4,3
Ramon do Casar,Treixadura,2020,FALSE,4.2,407,Ribeiro,Ribeiro,11.95,1.0774,NA,NA,NA
Lustau,Candela Cream Dulce Sweet,,TRUE,4.2,405,Jerez-Xeres-Sherry,Jerez-Xeres-Sherry,7.1,0.8513,Sherry,4,3
Portal del Priorat,Clos del Portal Somni,2014,FALSE,4.2,404,Priorato,Priorato,77.36,1.8885,Priorat Red,4,3
Binigrau,Nounat,2020,FALSE,4.2,404,Mallorca,Mallorca,19.9,1.2989,NA,NA,NA
Ramon Bilbao,Mirto,2011,FALSE,4.2,402,Rioja,Rioja,28.53,1.4553,Rioja Red,4,3
Matsu,El Viejo,2019,FALSE,4.2,400,Toro,Toro,27.89,1.4454,Toro Red,5,3
Artadi,Valdegines,2016,FALSE,4.2,398,Vino de Espana,Vino de Espana,48.96,1.6898,Tempranillo,4,2
Contino,Rioja Graciano,2011,FALSE,4.2,395,Rioja,Rioja,61.94,1.792,Rioja Red,4,3
Contino,Reserva,2016,FALSE,4.2,392,Rioja,Rioja,19.98,1.3006,Rioja Red,4,3
Conreria d'Scala Dei,Les Brugueres,2018,FALSE,4.2,390,Priorato,Priorato,16.76,1.2243,Priorat Red,4,3
Mustiguillo,Finca Terrerazo,2017,FALSE,4.2,390,El Terrerazo,El Terrerazo,24.45,1.3883,Red,4,3
Matarromera,Gran Reserva,2011,FALSE,4.2,389,Ribera del Duero,Ribera del Duero,64.5,1.8096,Ribera Del Duero Red,5,3
Sei Solo,Preludio,2016,FALSE,4.2,388,Ribera del Duero,Ribera del Duero,31.63,1.5001,Ribera Del Duero Red,5,3
Vinedos de Paganos,El Puntido,2005,FALSE,4.2,384,Rioja,Rioja,73.0,1.8633,Rioja Red,4,3
La Vicalanda,Reserva,2015,FALSE,4.2,420,Rioja,Rioja,17.5,1.243,Rioja Red,4,3
Enrique Mendoza,Santa Rosa,2017,FALSE,4.2,420,Alicante,Alicante,18.9,1.2765,Red,4,3
Clos Pons,Roc Nu,2011,FALSE,4.2,420,Costers del Segre,Costers del Segre,23.95,1.3793,Red,4,3
Sierra Cantabria,Coleccion Privada,2012,FALSE,4.2,420,Rioja,Rioja,28.3,1.4518,Rioja Red,4,3
Imperial,Rioja Reserva,2004,FALSE,4.2,417,Rioja,Rioja,45.0,1.6532,Rioja Red,4,3
Losada,Altos de Losada,2018,FALSE,4.2,415,Bierzo,Bierzo,17.9,1.2529,Mencia,3,3
Mar de Frades,Rias Baixas Albarino Finca Valinas,2015,FALSE,4.2,414,Rias Baixas,Rias Baixas,16.78,1.2248,Albarino,3,3
La Rioja Alta,Vina Alberdi Crianza,2018,FALSE,4.2,410,Rioja,Rioja,13.58,1.1329,Rioja Red,4,3
Bodegas La Horra,Corimbo I,2015,FALSE,4.2,412,Ribera del Duero,Ribera del Duero,37.9,1.5786,Ribera Del Duero Red,5,3
Vina Pedrosa,Gran Reserva,2011,FALSE,4.2,410,Ribera del Duero,Ribera del Duero,51.35,1.7105,Ribera Del Duero Red,5,3
Campillo,Gran Reserva Rioja,2012,FALSE,4.2,410,Rioja,Rioja,22.99,1.3615,Rioja Red,4,3
Ramon do Casar,Treixadura,2020,FALSE,4.2,407,Ribeiro,Ribeiro,11.95,1.0774,NA,NA,NA
Lustau,Candela Cream Dulce Sweet,,TRUE,4.2,405,Jerez-Xeres-Sherry,Jerez-Xeres-Sherry,7.1,0.8513,Sherry,4,3
Portal del Priorat,Clos del Portal Somni,2014,FALSE,4.2,404,Priorato,Priorato,77.36,1.8885,Priorat Red,4,3
Binigrau,Nounat,2020,FALSE,4.2,404,Mallorca,Mallorca,19.9,1.2989,NA,NA,NA
Ramon Bilbao,Mirto,2011,FALSE,4.2,402,Rioja,Rioja,28.53,1.4553,Rioja Red,4,3
Matsu,El Viejo,2019,FALSE,4.2,400,Toro,Toro,27.89,1.4454,Toro Red,5,3
Artadi,Valdegines,2016,FALSE,4.2,398,Vino de Espana,Vino de Espana,48.96,1.6898,Tempranillo,4,2
Contino,Rioja Graciano,2011,FALSE,4.2,395,Rioja,Rioja,61.94,1.792,Rioja Red,4,3
Contino,Reserva,2016,FALSE,4.2,392,Rioja,Rioja,19.98,1.3006,Rioja Red,4,3
Conreria d'Scala Dei,Les Brugueres,2018,FALSE,4.2,390,Priorato,Priorato,16.76,1.2243,Priorat Red,4,3
Mustiguillo,Finca Terrerazo,2017,FALSE,4.2,390,El Terrerazo,El Terrerazo,24.45,1.3883,Red,4,3
Matarromera,Gran Reserva,2011,FALSE,4.2,389,Ribera del Duero,Ribera del Duero,64.5,1.8096,Ribera Del Duero Red,5,3
Sei Solo,Preludio,2016,FALSE,4.2,388,Ribera del Duero,Ribera del Duero,31.63,1.5001,Ribera Del Duero Red,5,3
Vinedos de Paganos,El Puntido,2005,FALSE,4.2,384,Rioja,Rioja,73.0,1.8633,Rioja Red,4,3
La Vicalanda,Reserva,2015,FALSE,4.2,420,Rioja,Rioja,17.5,1.243,Rioja Red,4,3
Enrique Mendoza,Santa Rosa,2017,FALSE,4.2,420,Alicante,Alicante,18.9,1.2765,Red,4,3
Clos Pons,Roc Nu,2011,FALSE,4.2,420,Costers del Segre,Costers del Segre,23.95,1.3793,Red,4,3
Sierra Cantabria,Coleccion Privada,2012,FALSE,4.2,420,Rioja,Rioja,28.3,1.4518,Rioja Red,4,3
Imperial,Rioja Reserva,2004,FALSE,4.2,417,Rioja,Rioja,45.0,1.6532,Rioja Red,4,3
Losada,Altos de Losada,2018,FALSE,4.2,415,Bierzo,Bierzo,17.9,1.2529,Mencia,3,3
Mar de Frades,Rias Baixas Albarino Finca Valinas,2015,FALSE,4.2,414,Rias Baixas,Rias Baixas,16.78,1.2248,Albarino,3,3
La Rioja Alta,Vina Alberdi Crianza,2018,FALSE,4.2,410,Rioja,Rioja,13.58,1.1329,Rioja Red,4,3
Bodegas La Horra,Corimbo I,2015,FALSE,4.2,412,Ribera del Duero,Ribera del Duero,37.9,1.5786,Ribera Del Duero Red,5,3
Vina Pedrosa,Gran Reserva,2011,FALSE,4.2,410,Ribera del Duero,Ribera del Duero,51.35,1.7105,Ribera Del Duero Red,5,3
Campillo,Gran Reserva Rioja,2012,FALSE,4.2,410,Rioja,Rioja,22.99,1.3615,Rioja Red,4,3
Ramon do Casar,Treixadura,2020,FALSE,4.2,407,Ribeiro,Ribeiro,11.95,1.0774,NA,NA,NA
Lustau,Candela Cream Dulce Sweet,,TRUE,4.2,405,Jerez-Xeres-Sherry,Jerez-Xeres-Sherry,7.1,0.8513,Sherry,4,3
Portal del Priorat,Clos del Portal Somni,2014,FALSE,4.2,404,Priorato,Priorato,77.36,1.8885,Priorat Red,4,3
Binigrau,Nounat,2020,FALSE,4.2,404,Mallorca,Mallorca,19.9,1.2989,NA,NA,NA
Ramon Bilbao,Mirto,2011,FALSE,4.2,402,Rioja,Rioja,28.53,1.4553,Rioja Red,4,3
Matsu,El Viejo,2019,FALSE,4.2,400,Toro,Toro,27.89,1.4454,Toro Red,5,3
Artadi,Valdegines,2016,FALSE,4.2,398,Vino de Espana,Vino de Espana,48.96,1.6898,Tempranillo,4,2
Contino,Rioja Graciano,2011,FALSE,4.2,395,Rioja,Rioja,61.94,1.792,Rioja Red,4,3
Contino,Reserva,2016,FALSE,4.2,392,Rioja,Rioja,19.98,1.3006,Rioja Red,4,3
Conreria d'Scala Dei,Les Brugueres,2018,FALSE,4.2,390,Priorato,Priorato,16.76,1.2243,Priorat Red,4,3
Mustiguillo,Finca Terrerazo,2017,FALSE,4.2,390,El Terrerazo,El Terrerazo,24.45,1.3883,Red,4,3
Matarromera,Gran Reserva,2011,FALSE,4.2,389,Ribera del Duero,Ribera del Duero,64.5,1.8096,Ribera Del Duero Red,5,3
Sei Solo,Preludio,2016,FALSE,4.2,388,Ribera del Duero,Ribera del Duero,31.63,1.5001,Ribera Del Duero Red,5,3
Vinedos de Paganos,El Puntido,2005,FALSE,4.2,384,Rioja,Rioja,73.0,1.8633,Rioja Red,4,3
La Vicalanda,Reserva,2015,FALSE,4.2,420,Rioja,Rioja,17.5,1.243,Rioja Red,4,3
Enrique Mendoza,Santa Rosa,2017,FALSE,4.2,420,Alicante,Alicante,18.9,1.2765,Red,4,3
Clos Pons,Roc Nu,2011,FALSE,4.2,420,Costers del Segre,Costers del Segre,23.95,1.3793,Red,4,3
Sierra Cantabria,Coleccion Privada,2012,FALSE,4.2,420,Rioja,Rioja,28.3,1.4518,Rioja Red,4,3
Imperial,Rioja Reserva,2004,FALSE,4.2,417,Rioja,Rioja,45.0,1.6532,Rioja Red,4,3
Losada,Altos de Losada,2018,FALSE,4.2,415,Bierzo,Bierzo,17.9,1.2529,Mencia,3,3
Mar de Frades,Rias Baixas Albarino Finca Valinas,2015,FALSE,4.2,414,Rias Baixas,Rias Baixas,16.78,1.2248,Albarino,3,3
La Rioja Alta,Vina Alberdi Crianza,2018,FALSE,4.2,410,Rioja,Rioja,13.58,1.1329,Rioja Red,4,3
Bodegas La Horra,Corimbo I,2015,FALSE,4.2,412,Ribera del Duero,Ribera del Duero,37.9,1.5786,Ribera Del Duero Red,5,3
Vina Pedrosa,Gran Reserva,2011,FALSE,4.2,410,Ribera del Duero,Ribera del Duero,51.35,1.7105,Ribera Del Duero Red,5,3
Campillo,Gran Reserva Rioja,2012,FALSE,4.2,410,Rioja,Rioja,22.99,1.3615,Rioja Red,4,3
Ramon do Casar,Treixadura,2020,FALSE,4.2,407,Ribeiro,Ribeiro,11.95,1.0774,NA,NA,NA
Lustau,Candela Cream Dulce Sweet,,TRUE,4.2,405,Jerez-Xeres-Sherry,Jerez-Xeres-Sherry,7.1,0.8513,Sherry,4,3
Portal del Priorat,Clos del Portal Somni,2014,FALSE,4.2,404,Priorato,Priorato,77.36,1.8885,Priorat Red,4,3
Binigrau,Nounat,2020,FALSE,4.2,404,Mallorca,Mallorca,19.9,1.2989,NA,NA,NA
Ramon Bilbao,Mirto,2011,FALSE,4.2,402,Rioja,Rioja,28.53,1.4553,Rioja Red,4,3
Matsu,El Viejo,2019,FALSE,4.2,400,Toro,Toro,27.89,1.4454,Toro Red,5,3
Artadi,Valdegines,2016,FALSE,4.2,398,Vino de Espana,Vino de Espana,48.96,1.6898,Tempranillo,4,2
Contino,Rioja Graciano,2011,FALSE,4.2,395,Rioja,Rioja,61.94,1.792,Rioja Red,4,3
Contino,Reserva,2016,FALSE,4.2,392,Rioja,Rioja,19.98,1.3006,Rioja Red,4,3
Conreria d'Scala Dei,Les Brugueres,2018,FALSE,4.2,390,Priorato,Priorato,16.76,1.2243,Priorat Red,4,3
Mustiguillo,Finca Terrerazo,2017,FALSE,4.2,390,El Terrerazo,El Terrerazo,24.45,1.3883,Red,4,3
Matarromera,Gran Reserva,2011,FALSE,4.2,389,Ribera del Duero,Ribera del Duero,64.5,1.8096,Ribera Del Duero Red,5,3
Sei Solo,Preludio,2016,FALSE,4.2,388,Ribera del Duero,Ribera del Duero,31.63,1.5001,Ribera Del Duero Red,5,3
Vinedos de Paganos,El Puntido,2005,FALSE,4.2,384,Rioja,Rioja,73.0,1.8633,Rioja Red,4,3
La Vicalanda,Reserva,2015,FALSE,4.2,420,Rioja,Rioja,17.5,1.243,Rioja Red,4,3
Enrique Mendoza,Santa Rosa,2017,FALSE,4.2,420,Alicante,Alicante,18.9,1.2765,Red,4,3
Clos Pons,Roc Nu,2011,FALSE,4.2,420,Costers del Segre,Costers del Segre,23.95,1.3793,Red,4,3
Sierra Cantabria,Coleccion Privada,2012,FALSE,4.2,420,Rioja,Rioja,28.3,1.4518,Rioja Red,4,3
Imperial,Rioja Reserva,2004,FALSE,4.2,417,Rioja,Rioja,45.0,1.6532,Rioja Red,4,3
Losada,Altos de Losada,2018,FALSE,4.2,415,Bierzo,Bierzo,17.9,1.2529,Mencia,3,3
Mar de Frades,Rias Baixas Albarino Finca Valinas,2015,FALSE,4.2,414,Rias Baixas,Rias Baixas,16.78,1.2248,Albarino,3,3
La Rioja Alta,Vina Alberdi Crianza,2018,FALSE,4.2,410,Rioja,Rioja,13.58,1.1329,Rioja Red,4,3
Bodegas La Horra,Corimbo I,2015,FALSE,4.2,412,Ribera del Duero,Ribera del Duero,37.9,1.5786,Ribera Del Duero Red,5,3
Vina Pedrosa,Gran Reserva,2011,FALSE,4.2,410,Ribera del Duero,Ribera del Duero,51.35,1.7105,Ribera Del Duero Red,5,3
Campillo,Gran Reserva Rioja,2012,FALSE,4.2,410,Rioja,Rioja,22.99,1.3615,Rioja Red,4,3
Ramon do Casar,Treixadura,2020,FALSE,4.2,407,Ribeiro,Ribeiro,11.95,1.0774,NA,NA,NA
Lustau,Candela Cream Dulce Sweet,,TRUE,4.2,405,Jerez-Xeres-Sherry,Jerez-Xeres-Sherry,7.1,0.8513,Sherry,4,3
Portal del Priorat,Clos del Portal Somni,2014,FALSE,4.2,404,Priorato,Priorato,77.36,1.8885,Priorat Red,4,3
Binigrau,Nounat,2020,FALSE,4.2,404,Mallorca,Mallorca,19.9,1.2989,NA,NA,NA
Ramon Bilbao,Mirto,2011,FALSE,4.2,402,Rioja,Rioja,28.53,1.4553,Rioja Red,4,3
Matsu,El Viejo,2019,FALSE,4.2,400,Toro,Toro,27.89,1.4454,Toro Red,5,3
Artadi,Valdegines,2016,FALSE,4.2,398,Vino de Espana,Vino de Espana,48.96,1.6898,Tempranillo,4,2
Contino,Rioja Graciano,2011,FALSE,4.2,395,Rioja,Rioja,61.94,1.792,Rioja Red,4,3
Contino,Reserva,2016,FALSE,4.2,392,Rioja,Rioja,19.98,1.3006,Rioja Red,4,3
Conreria d'Scala Dei,Les Brugueres,2018,FALSE,4.2,390,Priorato,Priorato,16.76,1.2243,Priorat Red,4,3
Mustiguillo,Finca Terrerazo,2017,FALSE,4.2,390,El Terrerazo,El Terrerazo,24.45,1.3883,Red,4,3
Matarromera,Gran Reserva,2011,FALSE,4.2,389,Ribera del Duero,Ribera del Duero,64.5,1.8096,Ribera Del Duero Red,5,3
Sei Solo,Preludio,2016,FALSE,4.2,388,Ribera del Duero,Ribera del Duero,31.63,1.5001,Ribera Del Duero Red,5,3
Vinedos de Paganos,El Puntido,2005,FALSE,4.2,384,Rioja,Rioja,73.0,1.8633,Rioja Red,4,3
La Vicalanda,Reserva,2015,FALSE,4.2,420,Rioja,Rioja,17.5,1.243,Rioja Red,4,3
Enrique Mendoza,Santa Rosa,2017,FALSE,4.2,420,Alicante,Alicante,18.9,1.2765,Red,4,3
Clos Pons,Roc Nu,2011,FALSE,4.2,420,Costers del Segre,Costers del Segre,23.95,1.3793,Red,4,3
Sierra Cantabria,Coleccion Privada,2012,FALSE,4.2,420,Rioja,Rioja,28.3,1.4518,Rioja Red,4,3
Imperial,Rioja Reserva,2004,FALSE,4.2,417,Rioja,Rioja,45.0,1.6532,Rioja Red,4,3
Losada,Altos de Losada,2018,FALSE,4.2,415,Bierzo,Bierzo,17.9,1.2529,Mencia,3,3
Mar de Frades,Rias Baixas Albarino Finca Valinas,2015,FALSE,4.2,414,Rias Baixas,Rias Baixas,16.78,1.2248,Albarino,3,3
La Rioja Alta,Vina Alberdi Crianza,2018,FALSE,4.2,410,Rioja,Rioja,13.58,1.1329,Rioja Red,4,3
Bodegas La Horra,Corimbo I,2015,FALSE,4.2,412,Ribera del Duero,Ribera del Duero,37.9,1.5786,Ribera Del Duero Red,5,3
Vina Pedrosa,Gran Reserva,2011,FALSE,4.2,410,Ribera del Duero,Ribera del Duero,51.35,1.7105,Ribera Del Duero Red,5,3
Campillo,Gran Reserva Rioja,2012,FALSE,4.2,410,Rioja,Rioja,22.99,1.3615,Rioja Red,4,3
Ramon do Casar,Treixadura,2020,FALSE,4.2,407,Ribeiro,Ribeiro,11.95,1.0774,NA,NA,NA
Lustau,Candela Cream Dulce Sweet,,TRUE,4.2,405,Jerez-Xeres-Sherry,Jerez-Xeres-Sherry,7.1,0.8513,Sherry,4,3
Portal del Priorat,Clos del Portal Somni,2014,FALSE,4.2,404,Priorato,Priorato,77.36,1.8885,Priorat Red,4,3
Binigrau,Nounat,2020,FALSE,4.2,404,Mallorca,Mallorca,19.9,1.2989,NA,NA,NA
Ramon Bilbao,Mirto,2011,FALSE,4.2,402,Rioja,Rioja,28.53,1.4553,Rioja Red,4,3
Matsu,El Viejo,2019,FALSE,4.2,400,Toro,Toro,27.89,1.4454,Toro Red,5,3
Artadi,Valdegines,2016,FALSE,4.2,398,Vino de Espana,Vino de Espana,48.96,1.6898,Tempranillo,4,2
Contino,Rioja Graciano,2011,FALSE,4.2,395,Rioja,Rioja,61.94,1.792,Rioja Red,4,3
Contino,Reserva,2016,FALSE,4.2,392,Rioja,Rioja,19.98,1.3006,Rioja Red,4,3
Conreria d'Scala Dei,Les Brugueres,2018,FALSE,4.2,390,Priorato,Priorato,16.76,1.2243,Priorat Red,4,3
Mustiguillo,Finca Terrerazo,2017,FALSE,4.2,390,El Terrerazo,El Terrerazo,24.45,1.3883,Red,4,3
Matarromera,Gran Reserva,2011,FALSE,4.2,389,Ribera del Duero,Ribera del Duero,64.5,1.8096,Ribera Del Duero Red,5,3
Sei Solo,Preludio,2016,FALSE,4.2,388,Ribera del Duero,Ribera del Duero,31.63,1.5001,Ribera Del Duero Red,5,3
Vinedos de Paganos,El Puntido,2005,FALSE,4.2,384,Rioja,Rioja,73.0,1.8633,Rioja Red,4,3
La Vicalanda,Reserva,2015,FALSE,4.2,420,Rioja,Rioja,17.5,1.243,Rioja Red,4,3
Enrique Mendoza,Santa Rosa,2017,FALSE,4.2,420,Alicante,Alicante,18.9,1.2765,Red,4,3
Clos Pons,Roc Nu,2011,FALSE,4.2,420,Costers del Segre,Costers del Segre,23.95,1.3793,Red,4,3
Sierra Cantabria,Coleccion Privada,2012,FALSE,4.2,420,Rioja,Rioja,28.3,1.4518,Rioja Red,4,3
Imperial,Rioja Reserva,2004,FALSE,4.2,417,Rioja,Rioja,45.0,1.6532,Rioja Red,4,3
Losada,Altos de Losada,2018,FALSE,4.2,415,Bierzo,Bierzo,17.9,1.2529,Mencia,3,3
Mar de Frades,Rias Baixas Albarino Finca Valinas,2015,FALSE,4.2,414,Rias Baixas,Rias Baixas,16.78,1.2248,Albarino,3,3
La Rioja Alta,Vina Alberdi Crianza,2018,FALSE,4.2,410,Rioja,Rioja,13.58,1.1329,Rioja Red,4,3
Bodegas La Horra,Corimbo I,2015,FALSE,4.2,412,Ribera del Duero,Ribera del Duero,37.9,1.5786,Ribera Del Duero Red,5,3
Vina Pedrosa,Gran Reserva,2011,FALSE,4.2,410,Ribera del Duero,Ribera del Duero,51.35,1.7105,Ribera Del Duero Red,5,3
Campillo,Gran Reserva Rioja,2012,FALSE,4.2,410,Rioja,Rioja,22.99,1.3615,Rioja Red,4,3
Ramon do Casar,Treixadura,2020,FALSE,4.2,407,Ribeiro,Ribeiro,11.95,1.0774,NA,NA,NA
Lustau,Candela Cream Dulce Sweet,,TRUE,4.2,405,Jerez-Xeres-Sherry,Jerez-Xeres-Sherry,7.1,0.8513,Sherry,4,3
Portal del Priorat,Clos del Portal Somni,2014,FALSE,4.2,404,Priorato,Priorato,77.36,1.8885,Priorat Red,4,3
Binigrau,Nounat,2020,FALSE,4.2,404,Mallorca,Mallorca,19.9,1.2989,NA,NA,NA
Ramon Bilbao,Mirto,2011,FALSE,4.2,402,Rioja,Rioja,28.53,1.4553,Rioja Red,4,3
Matsu,El Viejo,2019,FALSE,4.2,400,Toro,Toro,27.89,1.4454,Toro Red,5,3
Artadi,Valdegines,2016,FALSE,4.2,398,Vino de Espana,Vino de Espana,48.96,1.6898,Tempranillo,4,2
Contino,Rioja Graciano,2011,FALSE,4.2,395,Rioja,Rioja,61.94,1.792,Rioja Red,4,3
Contino,Reserva,2016,FALSE,4.2,392,Rioja,Rioja,19.98,1.3006,Rioja Red,4,3
Conreria d'Scala Dei,Les Brugueres,2018,FALSE,4.2,390,Priorato,Priorato,16.76,1.2243,Priorat Red,4,3
Mustiguillo,Finca Terrerazo,2017,FALSE,4.2,390,El Terrerazo,El Terrerazo,24.45,1.3883,Red,4,3
Matarromera,Gran Reserva,2011,FALSE,4.2,389,Ribera del Duero,Ribera del Duero,64.5,1.8096,Ribera Del Duero Red,5,3
Sei Solo,Preludio,2016,FALSE,4.2,388,Ribera del Duero,Ribera del Duero,31.63,1.5001,Ribera Del Duero Red,5,3
Vinedos de Paganos,El Puntido,2005,FALSE,4.2,384,Rioja,Rioja,73.0,1.8633,Rioja Red,4,3
La Vicalanda,Reserva,2015,FALSE,4.2,420,Rioja,Rioja,17.5,1.243,Rioja Red,4,3
Enrique Mendoza,Santa Rosa,2017,FALSE,4.2,420,Alicante,Alicante,18.9,1.2765,Red,4,3
Clos Pons,Roc Nu,2011,FALSE,4.2,420,Costers del Segre,Costers del Segre,23.95,1.3793,Red,4,3
Sierra Cantabria,Coleccion Privada,2012,FALSE,4.2,420,Rioja,Rioja,28.3,1.4518,Rioja Red,4,3
Imperial,Rioja Reserva,2004,FALSE,4.2,417,Rioja,Rioja,45.0,1.6532,Rioja Red,4,3
Losada,Altos de Losada,2018,FALSE,4.2,415,Bierzo,Bierzo,17.9,1.2529,Mencia,3,3
Mar de Frades,Rias Baixas Albarino Finca Valinas,2015,FALSE,4.2,414,Rias Baixas,Rias Baixas,16.78,1.2248,Albarino,3,3
La Rioja Alta,Vina Alberdi Crianza,2018,FALSE,4.2,410,Rioja,Rioja,13.58,1.1329,Rioja Red,4,3
Bodegas La Horra,Corimbo I,2015,FALSE,4.2,412,Ribera del Duero,Ribera del Duero,37.9,1.5786,Ribera Del Duero Red,5,3
Vina Pedrosa,Gran Reserva,2011,FALSE,4.2,410,Ribera del Duero,Ribera del Duero,51.35,1.7105,Ribera Del Duero Red,5,3
Campillo,Gran Reserva Rioja,2012,FALSE,4.2,410,Rioja,Rioja,22.99,1.3615,Rioja Red,4,3
Ramon do Casar,Treixadura,2020,FALSE,4.2,407,Ribeiro,Ribeiro,11.95,1.0774,NA,NA,NA
Lustau,Candela Cream Dulce Sweet,,TRUE,4.2,405,Jerez-Xeres-Sherry,Jerez-Xeres-Sherry,7.1,0.8513,Sherry,4,3
Portal del Priorat,Clos del Portal Somni,2014,FALSE,4.2,404,Priorato,Priorato,77.36,1.8885,Priorat Red,4,3
Binigrau,Nounat,2020,FALSE,4.2,404,Mallorca,Mallorca,19.9,1.2989,NA,NA,NA
Ramon Bilbao,Mirto,2011,FALSE,4.2,402,Rioja,Rioja,28.53,1.4553,Rioja Red,4,3
Matsu,El Viejo,2019,FALSE,4.2,400,Toro,Toro,27.89,1.4454,Toro Red,5,3
Artadi,Valdegines,2016,FALSE,4.2,398,Vino de Espana,Vino de Espana,48.96,1.6898,Tempranillo,4,2
Contino,Rioja Graciano,2011,FALSE,4.2,395,Rioja,Rioja,61.94,1.792,Rioja Red,4,3
Contino,Reserva,2016,FALSE,4.2,392,Rioja,Rioja,19.98,1.3006,Rioja Red,4,3
Conreria d'Scala Dei,Les Brugueres,2018,FALSE,4.2,390,Priorato,Priorato,16.76,1.2243,Priorat Red,4,3
Mustiguillo,Finca Terrerazo,2017,FALSE,4.2,390,El Terrerazo,El Terrerazo,24.45,1.3883,Red,4,3
Matarromera,Gran Reserva,2011,FALSE,4.2,389,Ribera del Duero,Ribera del Duero,64.5,1.8096,Ribera Del Duero Red,5,3
Sei Solo,Preludio,2016,FALSE,4.2,388,Ribera del Duero,Ribera del Duero,31.63,1.5001,Ribera Del Duero Red,5,3
Vinedos de Paganos,El Puntido,2005,FALSE,4.2,384,Rioja,Rioja,73.0,1.8633,Rioja Red,4,3
La Vicalanda,Reserva,2015,FALSE,4.2,420,Rioja,Rioja,17.5,1.243,Rioja Red,NA,NA
Enrique Mendoza,Santa Rosa,2017,FALSE,4.2,420,Alicante,Alicante,18.9,1.2765,Red,NA,NA
Clos Pons,Roc Nu,2011,FALSE,4.2,420,Costers del Segre,Costers del Segre,23.95,1.3793,Red,NA,NA
Sierra Cantabria,Coleccion Privada,2012,FALSE,4.2,420,Rioja,Rioja,28.3,1.4518,Rioja Red,NA,NA
Imperial,Rioja Reserva,2004,FALSE,4.2,417,Rioja,Rioja,45.0,1.6532,Rioja Red,NA,NA
Losada,Altos de Losada,2018,FALSE,4.2,415,Bierzo,Bierzo,17.9,1.2529,Mencia,NA,NA
Mar de Frades,Rias Baixas Albarino Finca Valinas,2015,FALSE,4.2,414,Rias Baixas,Rias Baixas,16.78,1.2248,Albarino,NA,NA
La Rioja Alta,Vina Alberdi Crianza,2018,FALSE,4.2,410,Rioja,Rioja,13.58,1.1329,Rioja Red,NA,NA
Bodegas La Horra,Corimbo I,2015,FALSE,4.2,412,Ribera del Duero,Ribera del Duero,37.9,1.5786,Ribera Del Duero Red,NA,NA
Vina Pedrosa,Gran Reserva,2011,FALSE,4.2,410,Ribera del Duero,Ribera del Duero,51.35,1.7105,Ribera Del Duero Red,NA,NA
Campillo,Gran Reserva Rioja,2012,FALSE,4.2,410,Rioja,Rioja,22.99,1.3615,Rioja Red,NA,NA
Ramon do Casar,Treixadura,2020,FALSE,4.2,407,Ribeiro,Ribeiro,11.95,1.0774,NA,NA,NA
Lustau,Candela Cream Dulce Sweet,,TRUE,4.2,405,Jerez-Xeres-Sherry,Jerez-Xeres-Sherry,7.1,0.8513,Sherry,NA,NA
Portal del Priorat,Clos del Portal Somni,2014,FALSE,4.2,404,Priorato,Priorato,77.36,1.8885,Priorat Red,NA,NA
Binigrau,Nounat,2020,FALSE,4.2,404,Mallorca,Mallorca,19.9,1.2989,NA,NA,NA
Ramon Bilbao,Mirto,2011,FALSE,4.2,402,Rioja,Rioja,28.53,1.4553,Rioja Red,NA,NA
Matsu,El Viejo,2019,FALSE,4.2,400,Toro,Toro,27.89,1.4454,Toro Red,NA,NA
Artadi,Valdegines,2016,FALSE,4.2,398,Vino de Espana,Vino de Espana,48.96,1.6898,Tempranillo,NA,NA
Contino,Rioja Graciano,2011,FALSE,4.2,395,Rioja,Rioja,61.94,1.792,Rioja Red,NA,NA
Contino,Reserva,2016,FALSE,4.2,392,Rioja,Rioja,19.98,1.3006,Rioja Red,NA,NA
Conreria d'Scala Dei,Les Brugueres,2018,FALSE,4.2,390,Priorato,Priorato,16.76,1.2243,Priorat Red,NA,NA
Mustiguillo,Finca Terrerazo,2017,FALSE,4.2,390,El Terrerazo,El Terrerazo,24.45,1.3883,Red,NA,NA
Matarromera,Gran Reserva,2011,FALSE,4.2,389,Ribera del Duero,Ribera del Duero,64.5,1.8096,Ribera Del Duero Red,NA,NA
Sei Solo,Preludio,2016,FALSE,4.2,388,Ribera del Duero,Ribera del Duero,31.63,1.5001,Ribera Del Duero Red,NA,NA
Vinedos de Paganos,El Puntido,2005,FALSE,4.2,384,Rioja,Rioja,73.0,1.8633,Rioja Red,NA,NA
La Vicalanda,Reserva,2015,FALSE,4.2,420,Rioja,Rioja,17.5,1.243,Rioja Red,4,3
Enrique Mendoza,Santa Rosa,2017,FALSE,4.2,420,Alicante,Alicante,18.9,1.2765,Red,4,3
Clos Pons,Roc Nu,2011,FALSE,4.2,420,Costers del Segre,Costers del Segre,23.95,1.3793,Red,4,3
Sierra Cantabria,Coleccion Privada,2012,FALSE,4.2,420,Rioja,Rioja,28.3,1.4518,Rioja Red,4,3
Imperial,Rioja Reserva,2004,FALSE,4.2,417,Rioja,Rioja,45.0,1.6532,Rioja Red,4,3
Losada,Altos de Losada,2018,FALSE,4.2,415,Bierzo,Bierzo,17.9,1.2529,Mencia,3,3
Mar de Frades,Rias Baixas Albarino Finca Valinas,2015,FALSE,4.2,414,Rias Baixas,Rias Baixas,16.78,1.2248,Albarino,3,3
La Rioja Alta,Vina Alberdi Crianza,2018,FALSE,4.2,410,Rioja,Rioja,13.58,1.1329,Rioja Red,4,3
Bodegas La Horra,Corimbo I,2015,FALSE,4.2,412,Ribera del Duero,Ribera del Duero,37.9,1.5786,Ribera Del Duero Red,5,3
Vina Pedrosa,Gran Reserva,2011,FALSE,4.2,410,Ribera del Duero,Ribera del Duero,51.35,1.7105,Ribera Del Duero Red,5,3
Campillo,Gran Reserva Rioja,2012,FALSE,4.2,410,Rioja,Rioja,22.99,1.3615,Rioja Red,4,3
Ramon do Casar,Treixadura,2020,FALSE,4.2,407,Ribeiro,Ribeiro,11.95,1.0774,NA,NA,NA
Lustau,Candela Cream Dulce Sweet,,TRUE,4.2,405,Jerez-Xeres-Sherry,Jerez-Xeres-Sherry,7.1,0.8513,Sherry,4,3
Portal del Priorat,Clos del Portal Somni,2014,FALSE,4.2,404,Priorato,Priorato,77.36,1.8885,Priorat Red,4,3
Binigrau,Nounat,2020,FALSE,4.2,404,Mallorca,Mallorca,19.9,1.2989,NA,NA,NA
Ramon Bilbao,Mirto,2011,FALSE,4.2,402,Rioja,Rioja,28.53,1.4553,Rioja Red,4,3
Matsu,El Viejo,2019,FALSE,4.2,400,Toro,Toro,27.89,1.4454,Toro Red,5,3
Artadi,Valdegines,2016,FALSE,4.2,398,Vino de Espana,Vino de Espana,48.96,1.6898,Tempranillo,4,2
Contino,Rioja Graciano,2011,FALSE,4.2,395,Rioja,Rioja,61.94,1.792,Rioja Red,4,3
Contino,Reserva,2016,FALSE,4.2,392,Rioja,Rioja,19.98,1.3006,Rioja Red,4,3
Conreria d'Scala Dei,Les Brugueres,2018,FALSE,4.2,390,Priorato,Priorato,16.76,1.2243,Priorat Red,4,3
Mustiguillo,Finca Terrerazo,2017,FALSE,4.2,390,El Terrerazo,El Terrerazo,24.45,1.3883,Red,4,3
Matarromera,Gran Reserva,2011,FALSE,4.2,389,Ribera del Duero,Ribera del Duero,64.5,1.8096,Ribera Del Duero Red,5,3
Sei Solo,Preludio,2016,FALSE,4.2,388,Ribera del Duero,Ribera del Duero,31.63,1.5001,Ribera Del Duero Red,5,3
Vinedos de Paganos,El Puntido,2005,FALSE,4.2,384,Rioja,Rioja,73.0,1.8633,Rioja Red,4,3
La Vicalanda,Reserva,2015,FALSE,4.2,420,Rioja,Rioja,17.5,1.243,Rioja Red,4,3
Enrique Mendoza,Santa Rosa,2017,FALSE,4.2,420,Alicante,Alicante,18.9,1.2765,Red,4,3
Clos Pons,Roc Nu,2011,FALSE,4.2,420,Costers del Segre,Costers del Segre,23.95,1.3793,Red,4,3
Sierra Cantabria,Coleccion Privada,2012,FALSE,4.2,420,Rioja,Rioja,28.3,1.4518,Rioja Red,4,3
Imperial,Rioja Reserva,2004,FALSE,4.2,417,Rioja,Rioja,45.0,1.6532,Rioja Red,4,3
Losada,Altos de Losada,2018,FALSE,4.2,415,Bierzo,Bierzo,17.9,1.2529,Mencia,3,3
Mar de Frades,Rias Baixas Albarino Finca Valinas,2015,FALSE,4.2,414,Rias Baixas,Rias Baixas,16.78,1.2248,Albarino,3,3
La Rioja Alta,Vina Alberdi Crianza,2018,FALSE,4.2,410,Rioja,Rioja,13.58,1.1329,Rioja Red,4,3
Bodegas La Horra,Corimbo I,2015,FALSE,4.2,412,Ribera del Duero,Ribera del Duero,37.9,1.5786,Ribera Del Duero Red,5,3
Vina Pedrosa,Gran Reserva,2011,FALSE,4.2,410,Ribera del Duero,Ribera del Duero,51.35,1.7105,Ribera Del Duero Red,5,3
Campillo,Gran Reserva Rioja,2012,FALSE,4.2,410,Rioja,Rioja,22.99,1.3615,Rioja Red,4,3
Ramon do Casar,Treixadura,2020,FALSE,4.2,407,Ribeiro,Ribeiro,11.95,1.0774,NA,NA,NA
Lustau,Candela Cream Dulce Sweet,,TRUE,4.2,405,Jerez-Xeres-Sherry,Jerez-Xeres-Sherry,7.1,0.8513,Sherry,4,3
Portal del Priorat,Clos del Portal Somni,2014,FALSE,4.2,404,Priorato,Priorato,77.36,1.8885,Priorat Red,4,3
Binigrau,Nounat,2020,FALSE,4.2,404,Mallorca,Mallorca,19.9,1.2989,NA,NA,NA
Ramon Bilbao,Mirto,2011,FALSE,4.2,402,Rioja,Rioja,28.53,1.4553,Rioja Red,4,3
Matsu,El Viejo,2019,FALSE,4.2,400,Toro,Toro,27.89,1.4454,Toro Red,5,3
Artadi,Valdegines,2016,FALSE,4.2,398,Vino de Espana,Vino de Espana,48.96,1.6898,Tempranillo,4,2
Contino,Rioja Graciano,2011,FALSE,4.2,395,Rioja,Rioja,61.94,1.792,Rioja Red,4,3
Contino,Reserva,2016,FALSE,4.2,392,Rioja,Rioja,19.98,1.3006,Rioja Red,4,3
Conreria d'Scala Dei,Les Brugueres,2018,FALSE,4.2,390,Priorato,Priorato,16.76,1.2243,Priorat Red,4,3
Mustiguillo,Finca Terrerazo,2017,FALSE,4.2,390,El Terrerazo,El Terrerazo,24.45,1.3883,Red,4,3
Matarromera,Gran Reserva,2011,FALSE,4.2,389,Ribera del Duero,Ribera del Duero,64.5,1.8096,Ribera Del Duero Red,5,3
Sei Solo,Preludio,2016,FALSE,4.2,388,Ribera del Duero,Ribera del Duero,31.63,1.5001,Ribera Del Duero Red,5,3
Vinedos de Paganos,El Puntido,2005,FALSE,4.2,384,Rioja,Rioja,73.0,1.8633,Rioja Red,4,3
La Vicalanda,Reserva,2015,FALSE,4.2,420,Rioja,Rioja,17.5,1.243,Rioja Red,4,3
Enrique Mendoza,Santa Rosa,2017,FALSE,4.2,420,Alicante,Alicante,18.9,1.2765,Red,4,3
Clos Pons,Roc Nu,2011,FALSE,4.2,420,Costers del Segre,Costers del Segre,23.95,1.3793,Red,4,3
Sierra Cantabria,Coleccion Privada,2012,FALSE,4.2,420,Rioja,Rioja,28.3,1.4518,Rioja Red,4,3
Imperial,Rioja Reserva,2004,FALSE,4.2,417,Rioja,Rioja,45.0,1.6532,Rioja Red,4,3
Losada,Altos de Losada,2018,FALSE,4.2,415,Bierzo,Bierzo,17.9,1.2529,Mencia,3,3
Mar de Frades,Rias Baixas Albarino Finca Valinas,2015,FALSE,4.2,414,Rias Baixas,Rias Baixas,16.78,1.2248,Albarino,3,3
La Rioja Alta,Vina Alberdi Crianza,2018,FALSE,4.2,410,Rioja,Rioja,13.58,1.1329,Rioja Red,4,3
Bodegas La Horra,Corimbo I,2015,FALSE,4.2,412,Ribera del Duero,Ribera del Duero,37.9,1.5786,Ribera Del Duero Red,5,3
Vina Pedrosa,Gran Reserva,2011,FALSE,4.2,410,Ribera del Duero,Ribera del Duero,51.35,1.7105,Ribera Del Duero Red,5,3
Campillo,Gran Reserva Rioja,2012,FALSE,4.2,410,Rioja,Rioja,22.99,1.3615,Rioja Red,4,3
Ramon do Casar,Treixadura,2020,FALSE,4.2,407,Ribeiro,Ribeiro,11.95,1.0774,NA,NA,NA
Lustau,Candela Cream Dulce Sweet,,TRUE,4.2,405,Jerez-Xeres-Sherry,Jerez-Xeres-Sherry,7.1,0.8513,Sherry,4,3
Portal del Priorat,Clos del Portal Somni,2014,FALSE,4.2,404,Priorato,Priorato,77.36,1.8885,Priorat Red,4,3
Binigrau,Nounat,2020,FALSE,4.2,404,Mallorca,Mallorca,19.9,1.2989,NA,NA,NA
Ramon Bilbao,Mirto,2011,FALSE,4.2,402,Rioja,Rioja,28.53,1.4553,Rioja Red,4,3
Matsu,El Viejo,2019,FALSE,4.2,400,Toro,Toro,27.89,1.4454,Toro Red,5,3
Artadi,Valdegines,2016,FALSE,4.2,398,Vino de Espana,Vino de Espana,48.96,1.6898,Tempranillo,4,2
Contino,Rioja Graciano,2011,FALSE,4.2,395,Rioja,Rioja,61.94,1.792,Rioja Red,4,3
Contino,Reserva,2016,FALSE,4.2,392,Rioja,Rioja,19.98,1.3006,Rioja Red,4,3
Conreria d'Scala Dei,Les Brugueres,2018,FALSE,4.2,390,Priorato,Priorato,16.76,1.2243,Priorat Red,4,3
Mustiguillo,Finca Terrerazo,2017,FALSE,4.2,390,El Terrerazo,El Terrerazo,24.45,1.3883,Red,4,3
Matarromera,Gran Reserva,2011,FALSE,4.2,389,Ribera del Duero,Ribera del Duero,64.5,1.8096,Ribera Del Duero Red,5,3
Sei Solo,Preludio,2016,FALSE,4.2,388,Ribera del Duero,Ribera del Duero,31.63,1.5001,Ribera Del Duero Red,5,3
Vinedos de Paganos,El Puntido,2005,FALSE,4.2,384,Rioja,Rioja,73.0,1.8633,Rioja Red,4,3
La Vicalanda,Reserva,2015,FALSE,4.2,420,Rioja,Rioja,17.5,1.243,Rioja Red,4,3
Enrique Mendoza,Santa Rosa,2017,FALSE,4.2,420,Alicante,Alicante,18.9,1.2765,Red,4,3
Clos Pons,Roc Nu,2011,FALSE,4.2,420,Costers del Segre,Costers del Segre,23.95,1.3793,Red,4,3
Sierra Cantabria,Coleccion Privada,2012,FALSE,4.2,420,Rioja,Rioja,28.3,1.4518,Rioja Red,4,3
Imperial,Rioja Reserva,2004,FALSE,4.2,417,Rioja,Rioja,45.0,1.6532,Rioja Red,4,3
Losada,Altos de Losada,2018,FALSE,4.2,415,Bierzo,Bierzo,17.9,1.2529,Mencia,3,3
Mar de Frades,Rias Baixas Albarino Finca Valinas,2015,FALSE,4.2,414,Rias Baixas,Rias Baixas,16.78,1.2248,Albarino,3,3
La Rioja Alta,Vina Alberdi Crianza,2018,FALSE,4.2,410,Rioja,Rioja,13.58,1.1329,Rioja Red,4,3
Bodegas La Horra,Corimbo I,2015,FALSE,4.2,412,Ribera del Duero,Ribera del Duero,37.9,1.5786,Ribera Del Duero Red,5,3
Vina Pedrosa,Gran Reserva,2011,FALSE,4.2,410,Ribera del Duero,Ribera del Duero,51.35,1.7105,Ribera Del Duero Red,5,3
Campillo,Gran Reserva Rioja,2012,FALSE,4.2,410,Rioja,Rioja,22.99,1.3615,Rioja Red,4,3
Ramon do Casar,Treixadura,2020,FALSE,4.2,407,Ribeiro,Ribeiro,11.95,1.0774,NA,NA,NA
Lustau,Candela Cream Dulce Sweet,,TRUE,4.2,405,Jerez-Xeres-Sherry,Jerez-Xeres-Sherry,7.1,0.8513,Sherry,4,3
Portal del Priorat,Clos del Portal Somni,2014,FALSE,4.2,404,Priorato,Priorato,77.36,1.8885,Priorat Red,4,3
Binigrau,Nounat,2020,FALSE,4.2,404,Mallorca,Mallorca,19.9,1.2989,NA,NA,NA
Ramon Bilbao,Mirto,2011,FALSE,4.2,402,Rioja,Rioja,28.53,1.4553,Rioja Red,4,3
Matsu,El Viejo,2019,FALSE,4.2,400,Toro,Toro,27.89,1.4454,Toro Red,5,3
Artadi,Valdegines,2016,FALSE,4.2,398,Vino de Espana,Vino de Espana,48.96,1.6898,Tempranillo,4,2
Contino,Rioja Graciano,2011,FALSE,4.2,395,Rioja,Rioja,61.94,1.792,Rioja Red,4,3
Contino,Reserva,2016,FALSE,4.2,392,Rioja,Rioja,19.98,1.3006,Rioja Red,4,3
Conreria d'Scala Dei,Les Brugueres,2018,FALSE,4.2,390,Priorato,Priorato,16.76,1.2243,Priorat Red,4,3
Mustiguillo,Finca Terrerazo,2017,FALSE,4.2,390,El Terrerazo,El Terrerazo,24.45,1.3883,Red,4,3
Matarromera,Gran Reserva,2011,FALSE,4.2,389,Ribera del Duero,Ribera del Duero,64.5,1.8096,Ribera Del Duero Red,5,3
Sei Solo,Preludio,2016,FALSE,4.2,388,Ribera del Duero,Ribera del Duero,31.63,1.5001,Ribera Del Duero Red,5,3
Vinedos de Paganos,El Puntido,2005,FALSE,4.2,384,Rioja,Rioja,73.0,1.8633,Rioja Red,4,3
La Vicalanda,Reserva,2015,FALSE,4.2,420,Rioja,Rioja,17.5,1.243,Rioja Red,4,3
Enrique Mendoza,Santa Rosa,2017,FALSE,4.2,420,Alicante,Alicante,18.9,1.2765,Red,4,3
Clos Pons,Roc Nu,2011,FALSE,4.2,420,Costers del Segre,Costers del Segre,23.95,1.3793,Red,4,3
Sierra Cantabria,Coleccion Privada,2012,FALSE,4.2,420,Rioja,Rioja,28.3,1.4518,Rioja Red,4,3
Imperial,Rioja Reserva,2004,FALSE,4.2,417,Rioja,Rioja,45.0,1.6532,Rioja Red,4,3
Losada,Altos de Losada,2018,FALSE,4.2,415,Bierzo,Bierzo,17.9,1.2529,Mencia,3,3
Mar de Frades,Rias Baixas Albarino Finca Valinas,2015,FALSE,4.2,414,Rias Baixas,Rias Baixas,16.78,1.2248,Albarino,3,3
La Rioja Alta,Vina Alberdi Crianza,2018,FALSE,4.2,410,Rioja,Rioja,13.58,1.1329,Rioja Red,4,3
Bodegas La Horra,Corimbo I,2015,FALSE,4.2,412,Ribera del Duero,Ribera del Duero,37.9,1.5786,Ribera Del Duero Red,5,3
Vina Pedrosa,Gran Reserva,2011,FALSE,4.2,410,Ribera del Duero,Ribera del Duero,51.35,1.7105,Ribera Del Duero Red,5,3
Campillo,Gran Reserva Rioja,2012,FALSE,4.2,410,Rioja,Rioja,22.99,1.3615,Rioja Red,4,3
Ramon do Casar,Treixadura,2020,FALSE,4.2,407,Ribeiro,Ribeiro,11.95,1.0774,NA,NA,NA
Lustau,Candela Cream Dulce Sweet,,TRUE,4.2,405,Jerez-Xeres-Sherry,Jerez-Xeres-Sherry,7.1,0.8513,Sherry,4,3
Portal del Priorat,Clos del Portal Somni,2014,FALSE,4.2,404,Priorato,Priorato,77.36,1.8885,Priorat Red,4,3
Binigrau,Nounat,2020,FALSE,4.2,404,Mallorca,Mallorca,19.9,1.2989,NA,NA,NA
Ramon Bilbao,Mirto,2011,FALSE,4.2,402,Rioja,Rioja,28.53,1.4553,Rioja Red,4,3
Matsu,El Viejo,2019,FALSE,4.2,400,Toro,Toro,27.89,1.4454,Toro Red,5,3
Artadi,Valdegines,2016,FALSE,4.2,398,Vino de Espana,Vino de Espana,48.96,1.6898,Tempranillo,4,2
Contino,Rioja Graciano,2011,FALSE,4.2,395,Rioja,Rioja,61.94,1.792,Rioja Red,4,3
Contino,Reserva,2016,FALSE,4.2,392,Rioja,Rioja,19.98,1.3006,Rioja Red,4,3
Conreria d'Scala Dei,Les Brugueres,2018,FALSE,4.2,390,Priorato,Priorato,16.76,1.2243,Priorat Red,4,3
Mustiguillo,Finca Terrerazo,2017,FALSE,4.2,390,El Terrerazo,El Terrerazo,24.45,1.3883,Red,4,3
Matarromera,Gran Reserva,2011,FALSE,4.2,389,Ribera del Duero,Ribera del Duero,64.5,1.8096,Ribera Del Duero Red,5,3
Sei Solo,Preludio,2016,FALSE,4.2,388,Ribera del Duero,Ribera del Duero,31.63,1.5001,Ribera Del Duero Red,5,3
Vinedos de Paganos,El Puntido,2005,FALSE,4.2,384,Rioja,Rioja,73.0,1.8633,Rioja Red,4,3
La Vicalanda,Reserva,2015,FALSE,4.2,420,Rioja,Rioja,17.5,1.243,Rioja Red,4,3
Enrique Mendoza,Santa Rosa,2017,FALSE,4.2,420,Alicante,Alicante,18.9,1.2765,Red,4,3
Clos Pons,Roc Nu,2011,FALSE,4.2,420,Costers del Segre,Costers del Segre,23.95,1.3793,Red,4,3
Sierra Cantabria,Coleccion Privada,2012,FALSE,4.2,420,Rioja,Rioja,28.3,1.4518,Rioja Red,4,3
Imperial,Rioja Reserva,2004,FALSE,4.2,417,Rioja,Rioja,45.0,1.6532,Rioja Red,4,3
Losada,Altos de Losada,2018,FALSE,4.2,415,Bierzo,Bierzo,17.9,1.2529,Mencia,3,3
Mar de Frades,Rias Baixas Albarino Finca Valinas,2015,FALSE,4.2,414,Rias Baixas,Rias Baixas,16.78,1.2248,Albarino,3,3
La Rioja Alta,Vina Alberdi Crianza,2018,FALSE,4.2,410,Rioja,Rioja,13.58,1.1329,Rioja Red,4,3
Bodegas La Horra,Corimbo I,2015,FALSE,4.2,412,Ribera del Duero,Ribera del Duero,37.9,1.5786,Ribera Del Duero Red,5,3
Vina Pedrosa,Gran Reserva,2011,FALSE,4.2,410,Ribera del Duero,Ribera del Duero,51.35,1.7105,Ribera Del Duero Red,5,3
Campillo,Gran Reserva Rioja,2012,FALSE,4.2,410,Rioja,Rioja,22.99,1.3615,Rioja Red,4,3
Ramon do Casar,Treixadura,2020,FALSE,4.2,407,Ribeiro,Ribeiro,11.95,1.0774,NA,NA,NA
Lustau,Candela Cream Dulce Sweet,,TRUE,4.2,405,Jerez-Xeres-Sherry,Jerez-Xeres-Sherry,7.1,0.8513,Sherry,4,3
Portal del Priorat,Clos del Portal Somni,2014,FALSE,4.2,404,Priorato,Priorato,77.36,1.8885,Priorat Red,4,3
Binigrau,Nounat,2020,FALSE,4.2,404,Mallorca,Mallorca,19.9,1.2989,NA,NA,NA
Ramon Bilbao,Mirto,2011,FALSE,4.2,402,Rioja,Rioja,28.53,1.4553,Rioja Red,4,3
Matsu,El Viejo,2019,FALSE,4.2,400,Toro,Toro,27.89,1.4454,Toro Red,5,3
Artadi,Valdegines,2016,FALSE,4.2,398,Vino de Espana,Vino de Espana,48.96,1.6898,Tempranillo,4,2
Contino,Rioja Graciano,2011,FALSE,4.2,395,Rioja,Rioja,61.94,1.792,Rioja Red,4,3
Contino,Reserva,2016,FALSE,4.2,392,Rioja,Rioja,19.98,1.3006,Rioja Red,4,3
Conreria d'Scala Dei,Les Brugueres,2018,FALSE,4.2,390,Priorato,Priorato,16.76,1.2243,Priorat Red,4,3
Mustiguillo,Finca Terrerazo,2017,FALSE,4.2,390,El Terrerazo,El Terrerazo,24.45,1.3883,Red,4,3
Matarromera,Gran Reserva,2011,FALSE,4.2,389,Ribera del Duero,Ribera del Duero,64.5,1.8096,Ribera Del Duero Red,5,3
Sei Solo,Preludio,2016,FALSE,4.2,388,Ribera del Duero,Ribera del Duero,31.63,1.5001,Ribera Del Duero Red,5,3
Vinedos de Paganos,El Puntido,2005,FALSE,4.2,384,Rioja,Rioja,73.0,1.8633,Rioja Red,4,3
La Vicalanda,Reserva,2015,FALSE,4.2,420,Rioja,Rioja,17.5,1.243,Rioja Red,4,3
Enrique Mendoza,Santa Rosa,2017,FALSE,4.2,420,Alicante,Alicante,18.9,1.2765,Red,4,3
Clos Pons,Roc Nu,2011,FALSE,4.2,420,Costers del Segre,Costers del Segre,23.95,1.3793,Red,4,3
Sierra Cantabria,Coleccion Privada,2012,FALSE,4.2,420,Rioja,Rioja,28.3,1.4518,Rioja Red,4,3
Imperial,Rioja Reserva,2004,FALSE,4.2,417,Rioja,Rioja,45.0,1.6532,Rioja Red,4,3
Losada,Altos de Losada,2018,FALSE,4.2,415,Bierzo,Bierzo,17.9,1.2529,Mencia,3,3
Mar de Frades,Rias Baixas Albarino Finca Valinas,2015,FALSE,4.2,414,Rias Baixas,Rias Baixas,16.78,1.2248,Albarino,3,3
La Rioja Alta,Vina Alberdi Crianza,2018,FALSE,4.2,410,Rioja,Rioja,13.58,1.1329,Rioja Red,4,3
Bodegas La Horra,Corimbo I,2015,FALSE,4.2,412,Ribera del Duero,Ribera del Duero,37.9,1.5786,Ribera Del Duero Red,5,3
Vina Pedrosa,Gran Reserva,2011,FALSE,4.2,410,Ribera del Duero,Ribera del Duero,51.35,1.7105,Ribera Del Duero Red,5,3
Campillo,Gran Reserva Rioja,2012,FALSE,4.2,410,Rioja,Rioja,22.99,1.3615,Rioja Red,4,3
Ramon do Casar,Treixadura,2020,FALSE,4.2,407,Ribeiro,Ribeiro,11.95,1.0774,NA,NA,NA
Lustau,Candela Cream Dulce Sweet,,TRUE,4.2,405,Jerez-Xeres-Sherry,Jerez-Xeres-Sherry,7.1,0.8513,Sherry,4,3
Portal del Priorat,Clos del Portal Somni,2014,FALSE,4.2,404,Priorato,Priorato,77.36,1.8885,Priorat Red,4,3
Binigrau,Nounat,2020,FALSE,4.2,404,Mallorca,Mallorca,19.9,1.2989,NA,NA,NA
Ramon Bilbao,Mirto,2011,FALSE,4.2,402,Rioja,Rioja,28.53,1.4553,Rioja Red,4,3
Matsu,El Viejo,2019,FALSE,4.2,400,Toro,Toro,27.89,1.4454,Toro Red,5,3
Artadi,Valdegines,2016,FALSE,4.2,398,Vino de Espana,Vino de Espana,48.96,1.6898,Tempranillo,4,2
Contino,Rioja Graciano,2011,FALSE,4.2,395,Rioja,Rioja,61.94,1.792,Rioja Red,4,3
Contino,Reserva,2016,FALSE,4.2,392,Rioja,Rioja,19.98,1.3006,Rioja Red,4,3
Conreria d'Scala Dei,Les Brugueres,2018,FALSE,4.2,390,Priorato,Priorato,16.76,1.2243,Priorat Red,4,3
Mustiguillo,Finca Terrerazo,2017,FALSE,4.2,390,El Terrerazo,El Terrerazo,24.45,1.3883,Red,4,3
Matarromera,Gran Reserva,2011,FALSE,4.2,389,Ribera del Duero,Ribera del Duero,64.5,1.8096,Ribera Del Duero Red,5,3
Sei Solo,Preludio,2016,FALSE,4.2,388,Ribera del Duero,Ribera del Duero,31.63,1.5001,Ribera Del Duero Red,5,3
Vinedos de Paganos,El Puntido,2005,FALSE,4.2,384,Rioja,Rioja,73.0,1.8633,Rioja Red,4,3
La Vicalanda,Reserva,2015,FALSE,4.2,420,Rioja,Rioja,17.5,1.243,Rioja Red,4,3
Enrique Mendoza,Santa Rosa,2017,FALSE,4.2,420,Alicante,Alicante,18.9,1.2765,Red,4,3
Clos Pons,Roc Nu,2011,FALSE,4.2,420,Costers del Segre,Costers del Segre,23.95,1.3793,Red,4,3
Sierra Cantabria,Coleccion Privada,2012,FALSE,4.2,420,Rioja,Rioja,28.3,1.4518,Rioja Red,4,3
Imperial,Rioja Reserva,2004,FALSE,4.2,417,Rioja,Rioja,45.0,1.6532,Rioja Red,4,3
Losada,Altos de Losada,2018,FALSE,4.2,415,Bierzo,Bierzo,17.9,1.2529,Mencia,3,3
Mar de Frades,Rias Baixas Albarino Finca Valinas,2015,FALSE,4.2,414,Rias Baixas,Rias Baixas,16.78,1.2248,Albarino,3,3
La Rioja Alta,Vina Alberdi Crianza,2018,FALSE,4.2,410,Rioja,Rioja,13.58,1.1329,Rioja Red,4,3
Bodegas La Horra,Corimbo I,2015,FALSE,4.2,412,Ribera del Duero,Ribera del Duero,37.9,1.5786,Ribera Del Duero Red,5,3
Vina Pedrosa,Gran Reserva,2011,FALSE,4.2,410,Ribera del Duero,Ribera del Duero,51.35,1.7105,Ribera Del Duero Red,5,3
Campillo,Gran Reserva Rioja,2012,FALSE,4.2,410,Rioja,Rioja,22.99,1.3615,Rioja Red,4,3
Ramon do Casar,Treixadura,2020,FALSE,4.2,407,Ribeiro,Ribeiro,11.95,1.0774,NA,NA,NA
Lustau,Candela Cream Dulce Sweet,,TRUE,4.2,405,Jerez-Xeres-Sherry,Jerez-Xeres-Sherry,7.1,0.8513,Sherry,4,3
Portal del Priorat,Clos del Portal Somni,2014,FALSE,4.2,404,Priorato,Priorato,77.36,1.8885,Priorat Red,4,3
Binigrau,Nounat,2020,FALSE,4.2,404,Mallorca,Mallorca,19.9,1.2989,NA,NA,NA
Ramon Bilbao,Mirto,2011,FALSE,4.2,402,Rioja,Rioja,28.53,1.4553,Rioja Red,4,3
Matsu,El Viejo,2019,FALSE,4.2,400,Toro,Toro,27.89,1.4454,Toro Red,5,3
Artadi,Valdegines,2016,FALSE,4.2,398,Vino de Espana,Vino de Espana,48.96,1.6898,Tempranillo,4,2
Contino,Rioja Graciano,2011,FALSE,4.2,395,Rioja,Rioja,61.94,1.792,Rioja Red,4,3
Contino,Reserva,2016,FALSE,4.2,392,Rioja,Rioja,19.98,1.3006,Rioja Red,4,3
Conreria d'Scala Dei,Les Brugueres,2018,FALSE,4.2,390,Priorato,Priorato,16.76,1.2243,Priorat Red,4,3
Mustiguillo,Finca Terrerazo,2017,FALSE,4.2,390,El Terrerazo,El Terrerazo,24.45,1.3883,Red,4,3
Matarromera,Gran Reserva,2011,FALSE,4.2,389,Ribera del Duero,Ribera del Duero,64.5,1.8096,Ribera Del Duero Red,5,3
Sei Solo,Preludio,2016,FALSE,4.2,388,Ribera del Duero,Ribera del Duero,31.63,1.5001,Ribera Del Duero Red,5,3
Vinedos de Paganos,El Puntido,2005,FALSE,4.2,384,Rioja,Rioja,73.0,1.8633,Rioja Red,4,3
La Vicalanda,Reserva,2015,FALSE,4.2,420,Rioja,Rioja,17.5,1.243,Rioja Red,4,3
Enrique Mendoza,Santa Rosa,2017,FALSE,4.2,420,Alicante,Alicante,18.9,1.2765,Red,4,3
Clos Pons,Roc Nu,2011,FALSE,4.2,420,Costers del Segre,Costers del Segre,23.95,1.3793,Red,4,3
Sierra Cantabria,Coleccion Privada,2012,FALSE,4.2,420,Rioja,Rioja,28.3,1.4518,Rioja Red,4,3
Imperial,Rioja Reserva,2004,FALSE,4.2,417,Rioja,Rioja,45.0,1.6532,Rioja Red,4,3
Losada,Altos de Losada,2018,FALSE,4.2,415,Bierzo,Bierzo,17.9,1.2529,Mencia,3,3
Mar de Frades,Rias Baixas Albarino Finca Valinas,2015,FALSE,4.2,414,Rias Baixas,Rias Baixas,16.78,1.2248,Albarino,3,3
La Rioja Alta,Vina Alberdi Crianza,2018,FALSE,4.2,410,Rioja,Rioja,13.58,1.1329,Rioja Red,4,3
Bodegas La Horra,Corimbo I,2015,FALSE,4.2,412,Ribera del Duero,Ribera del Duero,37.9,1.5786,Ribera Del Duero Red,5,3
Vina Pedrosa,Gran Reserva,2011,FALSE,4.2,410,Ribera del Duero,Ribera del Duero,51.35,1.7105,Ribera Del Duero Red,5,3
Campillo,Gran Reserva Rioja,2012,FALSE,4.2,410,Rioja,Rioja,22.99,1.3615,Rioja Red,4,3
Ramon do Casar,Treixadura,2020,FALSE,4.2,407,Ribeiro,Ribeiro,11.95,1.0774,NA,NA,NA
Lustau,Candela Cream Dulce Sweet,,TRUE,4.2,405,Jerez-Xeres-Sherry,Jerez-Xeres-Sherry,7.1,0.8513,Sherry,4,3
Portal del Priorat,Clos del Portal Somni,2014,FALSE,4.2,404,Priorato,Priorato,77.36,1.8885,Priorat Red,4,3
Binigrau,Nounat,2020,FALSE,4.2,404,Mallorca,Mallorca,19.9,1.2989,NA,NA,NA
Ramon Bilbao,Mirto,2011,FALSE,4.2,402,Rioja,Rioja,28.53,1.4553,Rioja Red,4,3
Matsu,El Viejo,2019,FALSE,4.2,400,Toro,Toro,27.89,1.4454,Toro Red,5,3
Artadi,Valdegines,2016,FALSE,4.2,398,Vino de Espana,Vino de Espana,48.96,1.6898,Tempranillo,4,2
Contino,Rioja Graciano,2011,FALSE,4.2,395,Rioja,Rioja,61.94,1.792,Rioja Red,4,3
Contino,Reserva,2016,FALSE,4.2,392,Rioja,Rioja,19.98,1.3006,Rioja Red,4,3
Conreria d'Scala Dei,Les Brugueres,2018,FALSE,4.2,390,Priorato,Priorato,16.76,1.2243,Priorat Red,4,3
Mustiguillo,Finca Terrerazo,2017,FALSE,4.2,390,El Terrerazo,El Terrerazo,24.45,1.3883,Red,4,3
Matarromera,Gran Reserva,2011,FALSE,4.2,389,Ribera del Duero,Ribera del Duero,64.5,1.8096,Ribera Del Duero Red,5,3
Sei Solo,Preludio,2016,FALSE,4.2,388,Ribera del Duero,Ribera del Duero,31.63,1.5001,Ribera Del Duero Red,5,3
Vinedos de Paganos,El Puntido,2005,FALSE,4.2,384,Rioja,Rioja,73.0,1.8633,Rioja Red,4,3
La Vicalanda,Reserva,2015,FALSE,4.2,420,Rioja,Rioja,17.5,1.243,Rioja Red,4,3
Enrique Mendoza,Santa Rosa,2017,FALSE,4.2,420,Alicante,Alicante,18.9,1.2765,Red,4,3
Clos Pons,Roc Nu,2011,FALSE,4.2,420,Costers del Segre,Costers del Segre,23.95,1.3793,Red,4,3
Sierra Cantabria,Coleccion Privada,2012,FALSE,4.2,420,Rioja,Rioja,28.3,1.4518,Rioja Red,4,3
Imperial,Rioja Reserva,2004,FALSE,4.2,417,Rioja,Rioja,45.0,1.6532,Rioja Red,4,3
Losada,Altos de Losada,2018,FALSE,4.2,415,Bierzo,Bierzo,17.9,1.2529,Mencia,3,3
Mar de Frades,Rias Baixas Albarino Finca Valinas,2015,FALSE,4.2,414,Rias Baixas,Rias Baixas,16.78,1.2248,Albarino,3,3
La Rioja Alta,Vina Alberdi Crianza,2018,FALSE,4.2,410,Rioja,Rioja,13.58,1.1329,Rioja Red,4,3
Bodegas La Horra,Corimbo I,2015,FALSE,4.2,412,Ribera del Duero,Ribera del Duero,37.9,1.5786,Ribera Del Duero Red,5,3
Vina Pedrosa,Gran Reserva,2011,FALSE,4.2,410,Ribera del Duero,Ribera del Duero,51.35,1.7105,Ribera Del Duero Red,5,3
Campillo,Gran Reserva Rioja,2012,FALSE,4.2,410,Rioja,Rioja,22.99,1.3615,Rioja Red,4,3
Ramon do Casar,Treixadura,2020,FALSE,4.2,407,Ribeiro,Ribeiro,11.95,1.0774,NA,NA,NA
Lustau,Candela Cream Dulce Sweet,,TRUE,4.2,405,Jerez-Xeres-Sherry,Jerez-Xeres-Sherry,7.1,0.8513,Sherry,4,3
Portal del Priorat,Clos del Portal Somni,2014,FALSE,4.2,404,Priorato,Priorato,77.36,1.8885,Priorat Red,4,3
Binigrau,Nounat,2020,FALSE,4.2,404,Mallorca,Mallorca,19.9,1.2989,NA,NA,NA
Ramon Bilbao,Mirto,2011,FALSE,4.2,402,Rioja,Rioja,28.53,1.4553,Rioja Red,4,3
Matsu,El Viejo,2019,FALSE,4.2,400,Toro,Toro,27.89,1.4454,Toro Red,5,3
Artadi,Valdegines,2016,FALSE,4.2,398,Vino de Espana,Vino de Espana,48.96,1.6898,Tempranillo,4,2
Contino,Rioja Graciano,2011,FALSE,4.2,395,Rioja,Rioja,61.94,1.792,Rioja Red,4,3
Contino,Reserva,2016,FALSE,4.2,392,Rioja,Rioja,19.98,1.3006,Rioja Red,4,3
Conreria d'Scala Dei,Les Brugueres,2018,FALSE,4.2,390,Priorato,Priorato,16.76,1.2243,Priorat Red,4,3
Mustiguillo,Finca Terrerazo,2017,FALSE,4.2,390,El Terrerazo,El Terrerazo,24.45,1.3883,Red,4,3
Matarromera,Gran Reserva,2011,FALSE,4.2,389,Ribera del Duero,Ribera del Duero,64.5,1.8096,Ribera Del Duero Red,5,3
Sei Solo,Preludio,2016,FALSE,4.2,388,Ribera del Duero,Ribera del Duero,31.63,1.5001,Ribera Del Duero Red,5,3
Vinedos de Paganos,El Puntido,2005,FALSE,4.2,384,Rioja,Rioja,73.0,1.8633,Rioja Red,4,3
La Vicalanda,Reserva,2015,FALSE,4.2,420,Rioja,Rioja,17.5,1.243,Rioja Red,4,3
Enrique Mendoza,Santa Rosa,2017,FALSE,4.2,420,Alicante,Alicante,18.9,1.2765,Red,4,3
Clos Pons,Roc Nu,2011,FALSE,4.2,420,Costers del Segre,Costers del Segre,23.95,1.3793,Red,4,3
Sierra Cantabria,Coleccion Privada,2012,FALSE,4.2,420,Rioja,Rioja,28.3,1.4518,Rioja Red,4,3
Imperial,Rioja Reserva,2004,FALSE,4.2,417,Rioja,Rioja,45.0,1.6532,Rioja Red,4,3
Losada,Altos de Losada,2018,FALSE,4.2,415,Bierzo,Bierzo,17.9,1.2529,Mencia,3,3
Mar de Frades,Rias Baixas Albarino Finca Valinas,2015,FALSE,4.2,414,Rias Baixas,Rias Baixas,16.78,1.2248,Albarino,3,3
La Rioja Alta,Vina Alberdi Crianza,2018,FALSE,4.2,410,Rioja,Rioja,13.58,1.1329,Rioja Red,4,3
Bodegas La Horra,Corimbo I,2015,FALSE,4.2,412,Ribera del Duero,Ribera del Duero,37.9,1.5786,Ribera Del Duero Red,5,3
Vina Pedrosa,Gran Reserva,2011,FALSE,4.2,410,Ribera del Duero,Ribera del Duero,51.35,1.7105,Ribera Del Duero Red,5,3
Campillo,Gran Reserva Rioja,2012,FALSE,4.2,410,Rioja,Rioja,22.99,1.3615,Rioja Red,4,3
Ramon do Casar,Treixadura,2020,FALSE,4.2,407,Ribeiro,Ribeiro,11.95,1.0774,NA,NA,NA
Lustau,Candela Cream Dulce Sweet,,TRUE,4.2,405,Jerez-Xeres-Sherry,Jerez-Xeres-Sherry,7.1,0.8513,Sherry,4,3
Portal del Priorat,Clos del Portal Somni,2014,FALSE,4.2,404,Priorato,Priorato,77.36,1.8885,Priorat Red,4,3
Binigrau,Nounat,2020,FALSE,4.2,404,Mallorca,Mallorca,19.9,1.2989,NA,NA,NA
Ramon Bilbao,Mirto,2011,FALSE,4.2,402,Rioja,Rioja,28.53,1.4553,Rioja Red,4,3
Matsu,El Viejo,2019,FALSE,4.2,400,Toro,Toro,27.89,1.4454,Toro Red,5,3
Artadi,Valdegines,2016,FALSE,4.2,398,Vino de Espana,Vino de Espana,48.96,1.6898,Tempranillo,4,2
Contino,Rioja Graciano,2011,FALSE,4.2,395,Rioja,Rioja,61.94,1.792,Rioja Red,4,3
Contino,Reserva,2016,FALSE,4.2,392,Rioja,Rioja,19.98,1.3006,Rioja Red,4,3
Conreria d'Scala Dei,Les Brugueres,2018,FALSE,4.2,390,Priorato,Priorato,16.76,1.2243,Priorat Red,4,3
Mustiguillo,Finca Terrerazo,2017,FALSE,4.2,390,El Terrerazo,El Terrerazo,24.45,1.3883,Red,4,3
Matarromera,Gran Reserva,2011,FALSE,4.2,389,Ribera del Duero,Ribera del Duero,64.5,1.8096,Ribera Del Duero Red,5,3
Sei Solo,Preludio,2016,FALSE,4.2,388,Ribera del Duero,Ribera del Duero,31.63,1.5001,Ribera Del Duero Red,5,3
Vinedos de Paganos,El Puntido,2005,FALSE,4.2,384,Rioja,Rioja,73.0,1.8633,Rioja Red,4,3
La Vicalanda,Reserva,2015,FALSE,4.2,420,Rioja,Rioja,17.5,1.243,Rioja Red,NA,NA
Enrique Mendoza,Santa Rosa,2017,FALSE,4.2,420,Alicante,Alicante,18.9,1.2765,Red,NA,NA
Clos Pons,Roc Nu,2011,FALSE,4.2,420,Costers del Segre,Costers del Segre,23.95,1.3793,Red,NA,NA
Sierra Cantabria,Coleccion Privada,2012,FALSE,4.2,420,Rioja,Rioja,28.3,1.4518,Rioja Red,NA,NA
Imperial,Rioja Reserva,2004,FALSE,4.2,417,Rioja,Rioja,45.0,1.6532,Rioja Red,NA,NA
Losada,Altos de Losada,2018,FALSE,4.2,415,Bierzo,Bierzo,17.9,1.2529,Mencia,NA,NA
Mar de Frades,Rias Baixas Albarino Finca Valinas,2015,FALSE,4.2,414,Rias Baixas,Rias Baixas,16.78,1.2248,Albarino,NA,NA
La Rioja Alta,Vina Alberdi Crianza,2018,FALSE,4.2,410,Rioja,Rioja,13.58,1.1329,Rioja Red,NA,NA
Bodegas La Horra,Corimbo I,2015,FALSE,4.2,412,Ribera del Duero,Ribera del Duero,37.9,1.5786,Ribera Del Duero Red,NA,NA
Vina Pedrosa,Gran Reserva,2011,FALSE,4.2,410,Ribera del Duero,Ribera del Duero,51.35,1.7105,Ribera Del Duero Red,NA,NA
Campillo,Gran Reserva Rioja,2012,FALSE,4.2,410,Rioja,Rioja,22.99,1.3615,Rioja Red,NA,NA
Ramon do Casar,Treixadura,2020,FALSE,4.2,407,Ribeiro,Ribeiro,11.95,1.0774,NA,NA,NA
Lustau,Candela Cream Dulce Sweet,,TRUE,4.2,405,Jerez-Xeres-Sherry,Jerez-Xeres-Sherry,7.1,0.8513,Sherry,NA,NA
Portal del Priorat,Clos del Portal Somni,2014,FALSE,4.2,404,Priorato,Priorato,77.36,1.8885,Priorat Red,NA,NA
Binigrau,Nounat,2020,FALSE,4.2,404,Mallorca,Mallorca,19.9,1.2989,NA,NA,NA
Ramon Bilbao,Mirto,2011,FALSE,4.2,402,Rioja,Rioja,28.53,1.4553,Rioja Red,NA,NA
Matsu,El Viejo,2019,FALSE,4.2,400,Toro,Toro,27.89,1.4454,Toro Red,NA,NA
Artadi,Valdegines,2016,FALSE,4.2,398,Vino de Espana,Vino de Espana,48.96,1.6898,Tempranillo,NA,NA
Contino,Rioja Graciano,2011,FALSE,4.2,395,Rioja,Rioja,61.94,1.792,Rioja Red,NA,NA
Contino,Reserva,2016,FALSE,4.2,392,Rioja,Rioja,19.98,1.3006,Rioja Red,NA,NA
Conreria d'Scala Dei,Les Brugueres,2018,FALSE,4.2,390,Priorato,Priorato,16.76,1.2243,Priorat Red,NA,NA
Mustiguillo,Finca Terrerazo,2017,FALSE,4.2,390,El Terrerazo,El Terrerazo,24.45,1.3883,Red,NA,NA
Matarromera,Gran Reserva,2011,FALSE,4.2,389,Ribera del Duero,Ribera del Duero,64.5,1.8096,Ribera Del Duero Red,NA,NA
Sei Solo,Preludio,2016,FALSE,4.2,388,Ribera del Duero,Ribera del Duero,31.63,1.5001,Ribera Del Duero Red,NA,NA
Vinedos de Paganos,El Puntido,2005,FALSE,4.2,384,Rioja,Rioja,73.0,1.8633,Rioja Red,NA,NA
La Vicalanda,Reserva,2015,FALSE,4.2,420,Rioja,Rioja,17.5,1.243,Rioja Red,4,3
Enrique Mendoza,Santa Rosa,2017,FALSE,4.2,420,Alicante,Alicante,18.9,1.2765,Red,4,3
Clos Pons,Roc Nu,2011,FALSE,4.2,420,Costers del Segre,Costers del Segre,23.95,1.3793,Red,4,3
Sierra Cantabria,Coleccion Privada,2012,FALSE,4.2,420,Rioja,Rioja,28.3,1.4518,Rioja Red,4,3
Imperial,Rioja Reserva,2004,FALSE,4.2,417,Rioja,Rioja,45.0,1.6532,Rioja Red,4,3
Losada,Altos de Losada,2018,FALSE,4.2,415,Bierzo,Bierzo,17.9,1.2529,Mencia,3,3
Mar de Frades,Rias Baixas Albarino Finca Valinas,2015,FALSE,4.2,414,Rias Baixas,Rias Baixas,16.78,1.2248,Albarino,3,3
La Rioja Alta,Vina Alberdi Crianza,2018,FALSE,4.2,410,Rioja,Rioja,13.58,1.1329,Rioja Red,4,3
Bodegas La Horra,Corimbo I,2015,FALSE,4.2,412,Ribera del Duero,Ribera del Duero,37.9,1.5786,Ribera Del Duero Red,5,3
Vina Pedrosa,Gran Reserva,2011,FALSE,4.2,410,Ribera del Duero,Ribera del Duero,51.35,1.7105,Ribera Del Duero Red,5,3
Campillo,Gran Reserva Rioja,2012,FALSE,4.2,410,Rioja,Rioja,22.99,1.3615,Rioja Red,4,3
Ramon do Casar,Treixadura,2020,FALSE,4.2,407,Ribeiro,Ribeiro,11.95,1.0774,NA,NA,NA
Lustau,Candela Cream Dulce Sweet,,TRUE,4.2,405,Jerez-Xeres-Sherry,Jerez-Xeres-Sherry,7.1,0.8513,Sherry,4,3
Portal del Priorat,Clos del Portal Somni,2014,FALSE,4.2,404,Priorato,Priorato,77.36,1.8885,Priorat Red,4,3
Binigrau,Nounat,2020,FALSE,4.2,404,Mallorca,Mallorca,19.9,1.2989,NA,NA,NA
Ramon Bilbao,Mirto,2011,FALSE,4.2,402,Rioja,Rioja,28.53,1.4553,Rioja Red,4,3
Matsu,El Viejo,2019,FALSE,4.2,400,Toro,Toro,27.89,1.4454,Toro Red,5,3
Artadi,Valdegines,2016,FALSE,4.2,398,Vino de Espana,Vino de Espana,48.96,1.6898,Tempranillo,4,2
Contino,Rioja Graciano,2011,FALSE,4.2,395,Rioja,Rioja,61.94,1.792,Rioja Red,4,3
Contino,Reserva,2016,FALSE,4.2,392,Rioja,Rioja,19.98,1.3006,Rioja Red,4,3
Conreria d'Scala Dei,Les Brugueres,2018,FALSE,4.2,390,Priorato,Priorato,16.76,1.2243,Priorat Red,4,3
Mustiguillo,Finca Terrerazo,2017,FALSE,4.2,390,El Terrerazo,El Terrerazo,24.45,1.3883,Red,4,3
Matarromera,Gran Reserva,2011,FALSE,4.2,389,Ribera del Duero,Ribera del Duero,64.5,1.8096,Ribera Del Duero Red,5,3
Sei Solo,Preludio,2016,FALSE,4.2,388,Ribera del Duero,Ribera del Duero,31.63,1.5001,Ribera Del Duero Red,5,3
Vinedos de Paganos,El Puntido,2005,FALSE,4.2,384,Rioja,Rioja,73.0,1.8633,Rioja Red,4,3
La Vicalanda,Reserva,2015,FALSE,4.2,420,Rioja,Rioja,17.5,1.243,Rioja Red,4,3
Enrique Mendoza,Santa Rosa,2017,FALSE,4.2,420,Alicante,Alicante,18.9,1.2765,Red,4,3
Clos Pons,Roc Nu,2011,FALSE,4.2,420,Costers del Segre,Costers del Segre,23.95,1.3793,Red,4,3
Sierra Cantabria,Coleccion Privada,2012,FALSE,4.2,420,Rioja,Rioja,28.3,1.4518,Rioja Red,4,3
Imperial,Rioja Reserva,2004,FALSE,4.2,417,Rioja,Rioja,45.0,1.6532,Rioja Red,4,3
Losada,Altos de Losada,2018,FALSE,4.2,415,Bierzo,Bierzo,17.9,1.2529,Mencia,3,3
Mar de Frades,Rias Baixas Albarino Finca Valinas,2015,FALSE,4.2,414,Rias Baixas,Rias Baixas,16.78,1.2248,Albarino,3,3
La Rioja Alta,Vina Alberdi Crianza,2018,FALSE,4.2,410,Rioja,Rioja,13.58,1.1329,Rioja Red,4,3
Bodegas La Horra,Corimbo I,2015,FALSE,4.2,412,Ribera del Duero,Ribera del Duero,37.9,1.5786,Ribera Del Duero Red,5,3
Vina Pedrosa,Gran Reserva,2011,FALSE,4.2,410,Ribera del Duero,Ribera del Duero,51.35,1.7105,Ribera Del Duero Red,5,3
Campillo,Gran Reserva Rioja,2012,FALSE,4.2,410,Rioja,Rioja,22.99,1.3615,Rioja Red,4,3
Ramon do Casar,Treixadura,2020,FALSE,4.2,407,Ribeiro,Ribeiro,11.95,1.0774,NA,NA,NA
Lustau,Candela Cream Dulce Sweet,,TRUE,4.2,405,Jerez-Xeres-Sherry,Jerez-Xeres-Sherry,7.1,0.8513,Sherry,4,3
Portal del Priorat,Clos del Portal Somni,2014,FALSE,4.2,404,Priorato,Priorato,77.36,1.8885,Priorat Red,4,3
Binigrau,Nounat,2020,FALSE,4.2,404,Mallorca,Mallorca,19.9,1.2989,NA,NA,NA
Ramon Bilbao,Mirto,2011,FALSE,4.2,402,Rioja,Rioja,28.53,1.4553,Rioja Red,4,3
Matsu,El Viejo,2019,FALSE,4.2,400,Toro,Toro,27.89,1.4454,Toro Red,5,3
Artadi,Valdegines,2016,FALSE,4.2,398,Vino de Espana,Vino de Espana,48.96,1.6898,Tempranillo,4,2
Contino,Rioja Graciano,2011,FALSE,4.2,395,Rioja,Rioja,61.94,1.792,Rioja Red,4,3
Contino,Reserva,2016,FALSE,4.2,392,Rioja,Rioja,19.98,1.3006,Rioja Red,4,3
Conreria d'Scala Dei,Les Brugueres,2018,FALSE,4.2,390,Priorato,Priorato,16.76,1.2243,Priorat Red,4,3
Mustiguillo,Finca Terrerazo,2017,FALSE,4.2,390,El Terrerazo,El Terrerazo,24.45,1.3883,Red,4,3
Matarromera,Gran Reserva,2011,FALSE,4.2,389,Ribera del Duero,Ribera del Duero,64.5,1.8096,Ribera Del Duero Red,5,3
Sei Solo,Preludio,2016,FALSE,4.2,388,Ribera del Duero,Ribera del Duero,31.63,1.5001,Ribera Del Duero Red,5,3
Vinedos de Paganos,El Puntido,2005,FALSE,4.2,384,Rioja,Rioja,73.0,1.8633,Rioja Red,4,3
La Vicalanda,Reserva,2015,FALSE,4.2,420,Rioja,Rioja,17.5,1.243,Rioja Red,4,3
Enrique Mendoza,Santa Rosa,2017,FALSE,4.2,420,Alicante,Alicante,18.9,1.2765,Red,4,3
Clos Pons,Roc Nu,2011,FALSE,4.2,420,Costers del Segre,Costers del Segre,23.95,1.3793,Red,4,3
Sierra Cantabria,Coleccion Privada,2012,FALSE,4.2,420,Rioja,Rioja,28.3,1.4518,Rioja Red,4,3
Imperial,Rioja Reserva,2004,FALSE,4.2,417,Rioja,Rioja,45.0,1.6532,Rioja Red,4,3
Losada,Altos de Losada,2018,FALSE,4.2,415,Bierzo,Bierzo,17.9,1.2529,Mencia,3,3
Mar de Frades,Rias Baixas Albarino Finca Valinas,2015,FALSE,4.2,414,Rias Baixas,Rias Baixas,16.78,1.2248,Albarino,3,3
La Rioja Alta,Vina Alberdi Crianza,2018,FALSE,4.2,410,Rioja,Rioja,13.58,1.1329,Rioja Red,4,3
Bodegas La Horra,Corimbo I,2015,FALSE,4.2,412,Ribera del Duero,Ribera del Duero,37.9,1.5786,Ribera Del Duero Red,5,3
Vina Pedrosa,Gran Reserva,2011,FALSE,4.2,410,Ribera del Duero,Ribera del Duero,51.35,1.7105,Ribera Del Duero Red,5,3
Campillo,Gran Reserva Rioja,2012,FALSE,4.2,410,Rioja,Rioja,22.99,1.3615,Rioja Red,4,3
Ramon do Casar,Treixadura,2020,FALSE,4.2,407,Ribeiro,Ribeiro,11.95,1.0774,NA,NA,NA
Lustau,Candela Cream Dulce Sweet,,TRUE,4.2,405,Jerez-Xeres-Sherry,Jerez-Xeres-Sherry,7.1,0.8513,Sherry,4,3
Portal del Priorat,Clos del Portal Somni,2014,FALSE,4.2,404,Priorato,Priorato,77.36,1.8885,Priorat Red,4,3
Binigrau,Nounat,2020,FALSE,4.2,404,Mallorca,Mallorca,19.9,1.2989,NA,NA,NA
Ramon Bilbao,Mirto,2011,FALSE,4.2,402,Rioja,Rioja,28.53,1.4553,Rioja Red,4,3
Matsu,El Viejo,2019,FALSE,4.2,400,Toro,Toro,27.89,1.4454,Toro Red,5,3
Artadi,Valdegines,2016,FALSE,4.2,398,Vino de Espana,Vino de Espana,48.96,1.6898,Tempranillo,4,2
Contino,Rioja Graciano,2011,FALSE,4.2,395,Rioja,Rioja,61.94,1.792,Rioja Red,4,3
Contino,Reserva,2016,FALSE,4.2,392,Rioja,Rioja,19.98,1.3006,Rioja Red,4,3
Conreria d'Scala Dei,Les Brugueres,2018,FALSE,4.2,390,Priorato,Priorato,16.76,1.2243,Priorat Red,4,3
Mustiguillo,Finca Terrerazo,2017,FALSE,4.2,390,El Terrerazo,El Terrerazo,24.45,1.3883,Red,4,3
Matarromera,Gran Reserva,2011,FALSE,4.2,389,Ribera del Duero,Ribera del Duero,64.5,1.8096,Ribera Del Duero Red,5,3
Sei Solo,Preludio,2016,FALSE,4.2,388,Ribera del Duero,Ribera del Duero,31.63,1.5001,Ribera Del Duero Red,5,3
Vinedos de Paganos,El Puntido,2005,FALSE,4.2,384,Rioja,Rioja,73.0,1.8633,Rioja Red,4,3
La Vicalanda,Reserva,2015,FALSE,4.2,420,Rioja,Rioja,17.5,1.243,Rioja Red,4,3
Enrique Mendoza,Santa Rosa,2017,FALSE,4.2,420,Alicante,Alicante,18.9,1.2765,Red,4,3
Clos Pons,Roc Nu,2011,FALSE,4.2,420,Costers del Segre,Costers del Segre,23.95,1.3793,Red,4,3
Sierra Cantabria,Coleccion Privada,2012,FALSE,4.2,420,Rioja,Rioja,28.3,1.4518,Rioja Red,4,3
Imperial,Rioja Reserva,2004,FALSE,4.2,417,Rioja,Rioja,45.0,1.6532,Rioja Red,4,3
Losada,Altos de Losada,2018,FALSE,4.2,415,Bierzo,Bierzo,17.9,1.2529,Mencia,3,3
Mar de Frades,Rias Baixas Albarino Finca Valinas,2015,FALSE,4.2,414,Rias Baixas,Rias Baixas,16.78,1.2248,Albarino,3,3
La Rioja Alta,Vina Alberdi Crianza,2018,FALSE,4.2,410,Rioja,Rioja,13.58,1.1329,Rioja Red,4,3
Bodegas La Horra,Corimbo I,2015,FALSE,4.2,412,Ribera del Duero,Ribera del Duero,37.9,1.5786,Ribera Del Duero Red,5,3
Vina Pedrosa,Gran Reserva,2011,FALSE,4.2,410,Ribera del Duero,Ribera del Duero,51.35,1.7105,Ribera Del Duero Red,5,3
Campillo,Gran Reserva Rioja,2012,FALSE,4.2,410,Rioja,Rioja,22.99,1.3615,Rioja Red,4,3
Ramon do Casar,Treixadura,2020,FALSE,4.2,407,Ribeiro,Ribeiro,11.95,1.0774,NA,NA,NA
Lustau,Candela Cream Dulce Sweet,,TRUE,4.2,405,Jerez-Xeres-Sherry,Jerez-Xeres-Sherry,7.1,0.8513,Sherry,4,3
Portal del Priorat,Clos del Portal Somni,2014,FALSE,4.2,404,Priorato,Priorato,77.36,1.8885,Priorat Red,4,3
Binigrau,Nounat,2020,FALSE,4.2,404,Mallorca,Mallorca,19.9,1.2989,NA,NA,NA
Ramon Bilbao,Mirto,2011,FALSE,4.2,402,Rioja,Rioja,28.53,1.4553,Rioja Red,4,3
Matsu,El Viejo,2019,FALSE,4.2,400,Toro,Toro,27.89,1.4454,Toro Red,5,3
Artadi,Valdegines,2016,FALSE,4.2,398,Vino de Espana,Vino de Espana,48.96,1.6898,Tempranillo,4,2
Contino,Rioja Graciano,2011,FALSE,4.2,395,Rioja,Rioja,61.94,1.792,Rioja Red,4,3
Contino,Reserva,2016,FALSE,4.2,392,Rioja,Rioja,19.98,1.3006,Rioja Red,4,3
Conreria d'Scala Dei,Les Brugueres,2018,FALSE,4.2,390,Priorato,Priorato,16.76,1.2243,Priorat Red,4,3
Mustiguillo,Finca Terrerazo,2017,FALSE,4.2,390,El Terrerazo,El Terrerazo,24.45,1.3883,Red,4,3
Matarromera,Gran Reserva,2011,FALSE,4.2,389,Ribera del Duero,Ribera del Duero,64.5,1.8096,Ribera Del Duero Red,5,3
Sei Solo,Preludio,2016,FALSE,4.2,388,Ribera del Duero,Ribera del Duero,31.63,1.5001,Ribera Del Duero Red,5,3
Vinedos de Paganos,El Puntido,2005,FALSE,4.2,384,Rioja,Rioja,73.0,1.8633,Rioja Red,4,3
La Vicalanda,Reserva,2015,FALSE,4.2,420,Rioja,Rioja,17.5,1.243,Rioja Red,4,3
Enrique Mendoza,Santa Rosa,2017,FALSE,4.2,420,Alicante,Alicante,18.9,1.2765,Red,4,3
Clos Pons,Roc Nu,2011,FALSE,4.2,420,Costers del Segre,Costers del Segre,23.95,1.3793,Red,4,3
Sierra Cantabria,Coleccion Privada,2012,FALSE,4.2,420,Rioja,Rioja,28.3,1.4518,Rioja Red,4,3
Imperial,Rioja Reserva,2004,FALSE,4.2,417,Rioja,Rioja,45.0,1.6532,Rioja Red,4,3
Losada,Altos de Losada,2018,FALSE,4.2,415,Bierzo,Bierzo,17.9,1.2529,Mencia,3,3
Mar de Frades,Rias Baixas Albarino Finca Valinas,2015,FALSE,4.2,414,Rias Baixas,Rias Baixas,16.78,1.2248,Albarino,3,3
La Rioja Alta,Vina Alberdi Crianza,2018,FALSE,4.2,410,Rioja,Rioja,13.58,1.1329,Rioja Red,4,3
Bodegas La Horra,Corimbo I,2015,FALSE,4.2,412,Ribera del Duero,Ribera del Duero,37.9,1.5786,Ribera Del Duero Red,5,3
Vina Pedrosa,Gran Reserva,2011,FALSE,4.2,410,Ribera del Duero,Ribera del Duero,51.35,1.7105,Ribera Del Duero Red,5,3
Campillo,Gran Reserva Rioja,2012,FALSE,4.2,410,Rioja,Rioja,22.99,1.3615,Rioja Red,4,3
Ramon do Casar,Treixadura,2020,FALSE,4.2,407,Ribeiro,Ribeiro,11.95,1.0774,NA,NA,NA
Lustau,Candela Cream Dulce Sweet,,TRUE,4.2,405,Jerez-Xeres-Sherry,Jerez-Xeres-Sherry,7.1,0.8513,Sherry,4,3
Portal del Priorat,Clos del Portal Somni,2014,FALSE,4.2,404,Priorato,Priorato,77.36,1.8885,Priorat Red,4,3
Binigrau,Nounat,2020,FALSE,4.2,404,Mallorca,Mallorca,19.9,1.2989,NA,NA,NA
Ramon Bilbao,Mirto,2011,FALSE,4.2,402,Rioja,Rioja,28.53,1.4553,Rioja Red,4,3
Matsu,El Viejo,2019,FALSE,4.2,400,Toro,Toro,27.89,1.4454,Toro Red,5,3
Artadi,Valdegines,2016,FALSE,4.2,398,Vino de Espana,Vino de Espana,48.96,1.6898,Tempranillo,4,2
Contino,Rioja Graciano,2011,FALSE,4.2,395,Rioja,Rioja,61.94,1.792,Rioja Red,4,3
Contino,Reserva,2016,FALSE,4.2,392,Rioja,Rioja,19.98,1.3006,Rioja Red,4,3
Conreria d'Scala Dei,Les Brugueres,2018,FALSE,4.2,390,Priorato,Priorato,16.76,1.2243,Priorat Red,4,3
Mustiguillo,Finca Terrerazo,2017,FALSE,4.2,390,El Terrerazo,El Terrerazo,24.45,1.3883,Red,4,3
Matarromera,Gran Reserva,2011,FALSE,4.2,389,Ribera del Duero,Ribera del Duero,64.5,1.8096,Ribera Del Duero Red,5,3
Sei Solo,Preludio,2016,FALSE,4.2,388,Ribera del Duero,Ribera del Duero,31.63,1.5001,Ribera Del Duero Red,5,3
Vinedos de Paganos,El Puntido,2005,FALSE,4.2,384,Rioja,Rioja,73.0,1.8633,Rioja Red,4,3
La Vicalanda,Reserva,2015,FALSE,4.2,420,Rioja,Rioja,17.5,1.243,Rioja Red,NA,NA
Enrique Mendoza,Santa Rosa,2017,FALSE,4.2,420,Alicante,Alicante,18.9,1.2765,Red,NA,NA
Clos Pons,Roc Nu,2011,FALSE,4.2,420,Costers del Segre,Costers del Segre,23.95,1.3793,Red,NA,NA
Sierra Cantabria,Coleccion Privada,2012,FALSE,4.2,420,Rioja,Rioja,28.3,1.4518,Rioja Red,NA,NA
Imperial,Rioja Reserva,2004,FALSE,4.2,417,Rioja,Rioja,45.0,1.6532,Rioja Red,NA,NA
Losada,Altos de Losada,2018,FALSE,4.2,415,Bierzo,Bierzo,17.9,1.2529,Mencia,NA,NA
Mar de Frades,Rias Baixas Albarino Finca Valinas,2015,FALSE,4.2,414,Rias Baixas,Rias Baixas,16.78,1.2248,Albarino,NA,NA
La Rioja Alta,Vina Alberdi Crianza,2018,FALSE,4.2,410,Rioja,Rioja,13.58,1.1329,Rioja Red,NA,NA
Bodegas La Horra,Corimbo I,2015,FALSE,4.2,412,Ribera del Duero,Ribera del Duero,37.9,1.5786,Ribera Del Duero Red,NA,NA
Vina Pedrosa,Gran Reserva,2011,FALSE,4.2,410,Ribera del Duero,Ribera del Duero,51.35,1.7105,Ribera Del Duero Red,NA,NA
Campillo,Gran Reserva Rioja,2012,FALSE,4.2,410,Rioja,Rioja,22.99,1.3615,Rioja Red,NA,NA
Ramon do Casar,Treixadura,2020,FALSE,4.2,407,Ribeiro,Ribeiro,11.95,1.0774,NA,NA,NA
Lustau,Candela Cream Dulce Sweet,,TRUE,4.2,405,Jerez-Xeres-Sherry,Jerez-Xeres-Sherry,7.1,0.8513,Sherry,NA,NA
Portal del Priorat,Clos del Portal Somni,2014,FALSE,4.2,404,Priorato,Priorato,77.36,1.8885,Priorat Red,NA,NA
Binigrau,Nounat,2020,FALSE,4.2,404,Mallorca,Mallorca,19.9,1.2989,NA,NA,NA
Ramon Bilbao,Mirto,2011,FALSE,4.2,402,Rioja,Rioja,28.53,1.4553,Rioja Red,NA,NA
Matsu,El Viejo,2019,FALSE,4.2,400,Toro,Toro,27.89,1.4454,Toro Red,NA,NA
Artadi,Valdegines,2016,FALSE,4.2,398,Vino de Espana,Vino de Espana,48.96,1.6898,Tempranillo,NA,NA
Contino,Rioja Graciano,2011,FALSE,4.2,395,Rioja,Rioja,61.94,1.792,Rioja Red,NA,NA
Contino,Reserva,2016,FALSE,4.2,392,Rioja,Rioja,19.98,1.3006,Rioja Red,NA,NA
Conreria d'Scala Dei,Les Brugueres,2018,FALSE,4.2,390,Priorato,Priorato,16.76,1.2243,Priorat Red,NA,NA
Mustiguillo,Finca Terrerazo,2017,FALSE,4.2,390,El Terrerazo,El Terrerazo,24.45,1.3883,Red,NA,NA
Matarromera,Gran Reserva,2011,FALSE,4.2,389,Ribera del Duero,Ribera del Duero,64.5,1.8096,Ribera Del Duero Red,NA,NA
Sei Solo,Preludio,2016,FALSE,4.2,388,Ribera del Duero,Ribera del Duero,31.63,1.5001,Ribera Del Duero Red,NA,NA
Vinedos de Paganos,El Puntido,2005,FALSE,4.2,384,Rioja,Rioja,73.0,1.8633,Rioja Red,NA,NA
La Vicalanda,Reserva,2015,FALSE,4.2,420,Rioja,Rioja,17.5,1.243,Rioja Red,4,3
Enrique Mendoza,Santa Rosa,2017,FALSE,4.2,420,Alicante,Alicante,18.9,1.2765,Red,4,3
Clos Pons,Roc Nu,2011,FALSE,4.2,420,Costers del Segre,Costers del Segre,23.95,1.3793,Red,4,3
Sierra Cantabria,Coleccion Privada,2012,FALSE,4.2,420,Rioja,Rioja,28.3,1.4518,Rioja Red,4,3
Imperial,Rioja Reserva,2004,FALSE,4.2,417,Rioja,Rioja,45.0,1.6532,Rioja Red,4,3
Losada,Altos de Losada,2018,FALSE,4.2,415,Bierzo,Bierzo,17.9,1.2529,Mencia,3,3
Mar de Frades,Rias Baixas Albarino Finca Valinas,2015,FALSE,4.2,414,Rias Baixas,Rias Baixas,16.78,1.2248,Albarino,3,3
La Rioja Alta,Vina Alberdi Crianza,2018,FALSE,4.2,410,Rioja,Rioja,13.58,1.1329,Rioja Red,4,3
Bodegas La Horra,Corimbo I,2015,FALSE,4.2,412,Ribera del Duero,Ribera del Duero,37.9,1.5786,Ribera Del Duero Red,5,3
Vina Pedrosa,Gran Reserva,2011,FALSE,4.2,410,Ribera del Duero,Ribera del Duero,51.35,1.7105,Ribera Del Duero Red,5,3
Campillo,Gran Reserva Rioja,2012,FALSE,4.2,410,Rioja,Rioja,22.99,1.3615,Rioja Red,4,3
Ramon do Casar,Treixadura,2020,FALSE,4.2,407,Ribeiro,Ribeiro,11.95,1.0774,NA,NA,NA
Lustau,Candela Cream Dulce Sweet,,TRUE,4.2,405,Jerez-Xeres-Sherry,Jerez-Xeres-Sherry,7.1,0.8513,Sherry,4,3
Portal del Priorat,Clos del Portal Somni,2014,FALSE,4.2,404,Priorato,Priorato,77.36,1.8885,Priorat Red,4,3
Binigrau,Nounat,2020,FALSE,4.2,404,Mallorca,Mallorca,19.9,1.2989,NA,NA,NA
Ramon Bilbao,Mirto,2011,FALSE,4.2,402,Rioja,Rioja,28.53,1.4553,Rioja Red,4,3
Matsu,El Viejo,2019,FALSE,4.2,400,Toro,Toro,27.89,1.4454,Toro Red,5,3
Artadi,Valdegines,2016,FALSE,4.2,398,Vino de Espana,Vino de Espana,48.96,1.6898,Tempranillo,4,2
Contino,Rioja Graciano,2011,FALSE,4.2,395,Rioja,Rioja,61.94,1.792,Rioja Red,4,3
Contino,Reserva,2016,FALSE,4.2,392,Rioja,Rioja,19.98,1.3006,Rioja Red,4,3
Conreria d'Scala Dei,Les Brugueres,2018,FALSE,4.2,390,Priorato,Priorato,16.76,1.2243,Priorat Red,4,3
Mustiguillo,Finca Terrerazo,2017,FALSE,4.2,390,El Terrerazo,El Terrerazo,24.45,1.3883,Red,4,3
Matarromera,Gran Reserva,2011,FALSE,4.2,389,Ribera del Duero,Ribera del Duero,64.5,1.8096,Ribera Del Duero Red,5,3
Sei Solo,Preludio,2016,FALSE,4.2,388,Ribera del Duero,Ribera del Duero,31.63,1.5001,Ribera Del Duero Red,5,3
Vinedos de Paganos,El Puntido,2005,FALSE,4.2,384,Rioja,Rioja,73.0,1.8633,Rioja Red,4,3
La Vicalanda,Reserva,2015,FALSE,4.2,420,Rioja,Rioja,17.5,1.243,Rioja Red,4,3
Enrique Mendoza,Santa Rosa,2017,FALSE,4.2,420,Alicante,Alicante,18.9,1.2765,Red,4,3
Clos Pons,Roc Nu,2011,FALSE,4.2,420,Costers del Segre,Costers del Segre,23.95,1.3793,Red,4,3
Sierra Cantabria,Coleccion Privada,2012,FALSE,4.2,420,Rioja,Rioja,28.3,1.4518,Rioja Red,4,3
Imperial,Rioja Reserva,2004,FALSE,4.2,417,Rioja,Rioja,45.0,1.6532,Rioja Red,4,3
Losada,Altos de Losada,2018,FALSE,4.2,415,Bierzo,Bierzo,17.9,1.2529,Mencia,3,3
Mar de Frades,Rias Baixas Albarino Finca Valinas,2015,FALSE,4.2,414,Rias Baixas,Rias Baixas,16.78,1.2248,Albarino,3,3
La Rioja Alta,Vina Alberdi Crianza,2018,FALSE,4.2,410,Rioja,Rioja,13.58,1.1329,Rioja Red,4,3
Bodegas La Horra,Corimbo I,2015,FALSE,4.2,412,Ribera del Duero,Ribera del Duero,37.9,1.5786,Ribera Del Duero Red,5,3
Vina Pedrosa,Gran Reserva,2011,FALSE,4.2,410,Ribera del Duero,Ribera del Duero,51.35,1.7105,Ribera Del Duero Red,5,3
Campillo,Gran Reserva Rioja,2012,FALSE,4.2,410,Rioja,Rioja,22.99,1.3615,Rioja Red,4,3
Ramon do Casar,Treixadura,2020,FALSE,4.2,407,Ribeiro,Ribeiro,11.95,1.0774,NA,NA,NA
Lustau,Candela Cream Dulce Sweet,,TRUE,4.2,405,Jerez-Xeres-Sherry,Jerez-Xeres-Sherry,7.1,0.8513,Sherry,4,3
Portal del Priorat,Clos del Portal Somni,2014,FALSE,4.2,404,Priorato,Priorato,77.36,1.8885,Priorat Red,4,3
Binigrau,Nounat,2020,FALSE,4.2,404,Mallorca,Mallorca,19.9,1.2989,NA,NA,NA
Ramon Bilbao,Mirto,2011,FALSE,4.2,402,Rioja,Rioja,28.53,1.4553,Rioja Red,4,3
Matsu,El Viejo,2019,FALSE,4.2,400,Toro,Toro,27.89,1.4454,Toro Red,5,3
Artadi,Valdegines,2016,FALSE,4.2,398,Vino de Espana,Vino de Espana,48.96,1.6898,Tempranillo,4,2
Contino,Rioja Graciano,2011,FALSE,4.2,395,Rioja,Rioja,61.94,1.792,Rioja Red,4,3
Contino,Reserva,2016,FALSE,4.2,392,Rioja,Rioja,19.98,1.3006,Rioja Red,4,3
Conreria d'Scala Dei,Les Brugueres,2018,FALSE,4.2,390,Priorato,Priorato,16.76,1.2243,Priorat Red,4,3
Mustiguillo,Finca Terrerazo,2017,FALSE,4.2,390,El Terrerazo,El Terrerazo,24.45,1.3883,Red,4,3
Matarromera,Gran Reserva,2011,FALSE,4.2,389,Ribera del Duero,Ribera del Duero,64.5,1.8096,Ribera Del Duero Red,5,3
Sei Solo,Preludio,2016,FALSE,4.2,388,Ribera del Duero,Ribera del Duero,31.63,1.5001,Ribera Del Duero Red,5,3
Vinedos de Paganos,El Puntido,2005,FALSE,4.2,384,Rioja,Rioja,73.0,1.8633,Rioja Red,4,3
La Vicalanda,Reserva,2015,FALSE,4.2,420,Rioja,Rioja,17.5,1.243,Rioja Red,4,3
Enrique Mendoza,Santa Rosa,2017,FALSE,4.2,420,Alicante,Alicante,18.9,1.2765,Red,4,3
Clos Pons,Roc Nu,2011,FALSE,4.2,420,Costers del Segre,Costers del Segre,23.95,1.3793,Red,4,3
Sierra Cantabria,Coleccion Privada,2012,FALSE,4.2,420,Rioja,Rioja,28.3,1.4518,Rioja Red,4,3
Imperial,Rioja Reserva,2004,FALSE,4.2,417,Rioja,Rioja,45.0,1.6532,Rioja Red,4,3
Losada,Altos de Losada,2018,FALSE,4.2,415,Bierzo,Bierzo,17.9,1.2529,Mencia,3,3
Mar de Frades,Rias Baixas Albarino Finca Valinas,2015,FALSE,4.2,414,Rias Baixas,Rias Baixas,16.78,1.2248,Albarino,3,3
La Rioja Alta,Vina Alberdi Crianza,2018,FALSE,4.2,410,Rioja,Rioja,13.58,1.1329,Rioja Red,4,3
Bodegas La Horra,Corimbo I,2015,FALSE,4.2,412,Ribera del Duero,Ribera del Duero,37.9,1.5786,Ribera Del Duero Red,5,3
Vina Pedrosa,Gran Reserva,2011,FALSE,4.2,410,Ribera del Duero,Ribera del Duero,51.35,1.7105,Ribera Del Duero Red,5,3
Campillo,Gran Reserva Rioja,2012,FALSE,4.2,410,Rioja,Rioja,22.99,1.3615,Rioja Red,4,3
Ramon do Casar,Treixadura,2020,FALSE,4.2,407,Ribeiro,Ribeiro,11.95,1.0774,NA,NA,NA
Lustau,Candela Cream Dulce Sweet,,TRUE,4.2,405,Jerez-Xeres-Sherry,Jerez-Xeres-Sherry,7.1,0.8513,Sherry,4,3
Portal del Priorat,Clos del Portal Somni,2014,FALSE,4.2,404,Priorato,Priorato,77.36,1.8885,Priorat Red,4,3
Binigrau,Nounat,2020,FALSE,4.2,404,Mallorca,Mallorca,19.9,1.2989,NA,NA,NA
Ramon Bilbao,Mirto,2011,FALSE,4.2,402,Rioja,Rioja,28.53,1.4553,Rioja Red,4,3
Matsu,El Viejo,2019,FALSE,4.2,400,Toro,Toro,27.89,1.4454,Toro Red,5,3
Artadi,Valdegines,2016,FALSE,4.2,398,Vino de Espana,Vino de Espana,48.96,1.6898,Tempranillo,4,2
Contino,Rioja Graciano,2011,FALSE,4.2,395,Rioja,Rioja,61.94,1.792,Rioja Red,4,3
Contino,Reserva,2016,FALSE,4.2,392,Rioja,Rioja,19.98,1.3006,Rioja Red,4,3
Conreria d'Scala Dei,Les Brugueres,2018,FALSE,4.2,390,Priorato,Priorato,16.76,1.2243,Priorat Red,4,3
Mustiguillo,Finca Terrerazo,2017,FALSE,4.2,390,El Terrerazo,El Terrerazo,24.45,1.3883,Red,4,3
Matarromera,Gran Reserva,2011,FALSE,4.2,389,Ribera del Duero,Ribera del Duero,64.5,1.8096,Ribera Del Duero Red,5,3
Sei Solo,Preludio,2016,FALSE,4.2,388,Ribera del Duero,Ribera del Duero,31.63,1.5001,Ribera Del Duero Red,5,3
Vinedos de Paganos,El Puntido,2005,FALSE,4.2,384,Rioja,Rioja,73.0,1.8633,Rioja Red,4,3
La Vicalanda,Reserva,2015,FALSE,4.2,420,Rioja,Rioja,17.5,1.243,Rioja Red,4,3
Enrique Mendoza,Santa Rosa,2017,FALSE,4.2,420,Alicante,Alicante,18.9,1.2765,Red,4,3
Clos Pons,Roc Nu,2011,FALSE,4.2,420,Costers del Segre,Costers del Segre,23.95,1.3793,Red,4,3
Sierra Cantabria,Coleccion Privada,2012,FALSE,4.2,420,Rioja,Rioja,28.3,1.4518,Rioja Red,4,3
Imperial,Rioja Reserva,2004,FALSE,4.2,417,Rioja,Rioja,45.0,1.6532,Rioja Red,4,3
Losada,Altos de Losada,2018,FALSE,4.2,415,Bierzo,Bierzo,17.9,1.2529,Mencia,3,3
Mar de Frades,Rias Baixas Albarino Finca Valinas,2015,FALSE,4.2,414,Rias Baixas,Rias Baixas,16.78,1.2248,Albarino,3,3
La Rioja Alta,Vina Alberdi Crianza,2018,FALSE,4.2,410,Rioja,Rioja,13.58,1.1329,Rioja Red,4,3
Bodegas La Horra,Corimbo I,2015,FALSE,4.2,412,Ribera del Duero,Ribera del Duero,37.9,1.5786,Ribera Del Duero Red,5,3
Vina Pedrosa,Gran Reserva,2011,FALSE,4.2,410,Ribera del Duero,Ribera del Duero,51.35,1.7105,Ribera Del Duero Red,5,3
Campillo,Gran Reserva Rioja,2012,FALSE,4.2,410,Rioja,Rioja,22.99,1.3615,Rioja Red,4,3
Ramon do Casar,Treixadura,2020,FALSE,4.2,407,Ribeiro,Ribeiro,11.95,1.0774,NA,NA,NA
Lustau,Candela Cream Dulce Sweet,,TRUE,4.2,405,Jerez-Xeres-Sherry,Jerez-Xeres-Sherry,7.1,0.8513,Sherry,4,3
Portal del Priorat,Clos del Portal Somni,2014,FALSE,4.2,404,Priorato,Priorato,77.36,1.8885,Priorat Red,4,3
Binigrau,Nounat,2020,FALSE,4.2,404,Mallorca,Mallorca,19.9,1.2989,NA,NA,NA
Ramon Bilbao,Mirto,2011,FALSE,4.2,402,Rioja,Rioja,28.53,1.4553,Rioja Red,4,3
Matsu,El Viejo,2019,FALSE,4.2,400,Toro,Toro,27.89,1.4454,Toro Red,5,3
Artadi,Valdegines,2016,FALSE,4.2,398,Vino de Espana,Vino de Espana,48.96,1.6898,Tempranillo,4,2
Contino,Rioja Graciano,2011,FALSE,4.2,395,Rioja,Rioja,61.94,1.792,Rioja Red,4,3
Contino,Reserva,2016,FALSE,4.2,392,Rioja,Rioja,19.98,1.3006,Rioja Red,4,3
Conreria d'Scala Dei,Les Brugueres,2018,FALSE,4.2,390,Priorato,Priorato,16.76,1.2243,Priorat Red,4,3
Mustiguillo,Finca Terrerazo,2017,FALSE,4.2,390,El Terrerazo,El Terrerazo,24.45,1.3883,Red,4,3
Matarromera,Gran Reserva,2011,FALSE,4.2,389,Ribera del Duero,Ribera del Duero,64.5,1.8096,Ribera Del Duero Red,5,3
Sei Solo,Preludio,2016,FALSE,4.2,388,Ribera del Duero,Ribera del Duero,31.63,1.5001,Ribera Del Duero Red,5,3
Vinedos de Paganos,El Puntido,2005,FALSE,4.2,384,Rioja,Rioja,73.0,1.8633,Rioja Red,4,3
La Vicalanda,Reserva,2015,FALSE,4.2,420,Rioja,Rioja,17.5,1.243,Rioja Red,4,3
Enrique Mendoza,Santa Rosa,2017,FALSE,4.2,420,Alicante,Alicante,18.9,1.2765,Red,4,3
Clos Pons,Roc Nu,2011,FALSE,4.2,420,Costers del Segre,Costers del Segre,23.95,1.3793,Red,4,3
Sierra Cantabria,Coleccion Privada,2012,FALSE,4.2,420,Rioja,Rioja,28.3,1.4518,Rioja Red,4,3
Imperial,Rioja Reserva,2004,FALSE,4.2,417,Rioja,Rioja,45.0,1.6532,Rioja Red,4,3
Losada,Altos de Losada,2018,FALSE,4.2,415,Bierzo,Bierzo,17.9,1.2529,Mencia,3,3
Mar de Frades,Rias Baixas Albarino Finca Valinas,2015,FALSE,4.2,414,Rias Baixas,Rias Baixas,16.78,1.2248,Albarino,3,3
La Rioja Alta,Vina Alberdi Crianza,2018,FALSE,4.2,410,Rioja,Rioja,13.58,1.1329,Rioja Red,4,3
Bodegas La Horra,Corimbo I,2015,FALSE,4.2,412,Ribera del Duero,Ribera del Duero,37.9,1.5786,Ribera Del Duero Red,5,3
Vina Pedrosa,Gran Reserva,2011,FALSE,4.2,410,Ribera del Duero,Ribera del Duero,51.35,1.7105,Ribera Del Duero Red,5,3
Campillo,Gran Reserva Rioja,2012,FALSE,4.2,410,Rioja,Rioja,22.99,1.3615,Rioja Red,4,3
Ramon do Casar,Treixadura,2020,FALSE,4.2,407,Ribeiro,Ribeiro,11.95,1.0774,NA,NA,NA
Lustau,Candela Cream Dulce Sweet,,TRUE,4.2,405,Jerez-Xeres-Sherry,Jerez-Xeres-Sherry,7.1,0.8513,Sherry,4,3
Portal del Priorat,Clos del Portal Somni,2014,FALSE,4.2,404,Priorato,Priorato,77.36,1.8885,Priorat Red,4,3
Binigrau,Nounat,2020,FALSE,4.2,404,Mallorca,Mallorca,19.9,1.2989,NA,NA,NA
Ramon Bilbao,Mirto,2011,FALSE,4.2,402,Rioja,Rioja,28.53,1.4553,Rioja Red,4,3
Matsu,El Viejo,2019,FALSE,4.2,400,Toro,Toro,27.89,1.4454,Toro Red,5,3
Artadi,Valdegines,2016,FALSE,4.2,398,Vino de Espana,Vino de Espana,48.96,1.6898,Tempranillo,4,2
Contino,Rioja Graciano,2011,FALSE,4.2,395,Rioja,Rioja,61.94,1.792,Rioja Red,4,3
Contino,Reserva,2016,FALSE,4.2,392,Rioja,Rioja,19.98,1.3006,Rioja Red,4,3
Conreria d'Scala Dei,Les Brugueres,2018,FALSE,4.2,390,Priorato,Priorato,16.76,1.2243,Priorat Red,4,3
Mustiguillo,Finca Terrerazo,2017,FALSE,4.2,390,El Terrerazo,El Terrerazo,24.45,1.3883,Red,4,3
Matarromera,Gran Reserva,2011,FALSE,4.2,389,Ribera del Duero,Ribera del Duero,64.5,1.8096,Ribera Del Duero Red,5,3
Sei Solo,Preludio,2016,FALSE,4.2,388,Ribera del Duero,Ribera del Duero,31.63,1.5001,Ribera Del Duero Red,5,3
Vinedos de Paganos,El Puntido,2005,FALSE,4.2,384,Rioja,Rioja,73.0,1.8633,Rioja Red,4,3
La Vicalanda,Reserva,2015,FALSE,4.2,420,Rioja,Rioja,17.5,1.243,Rioja Red,4,3
Enrique Mendoza,Santa Rosa,2017,FALSE,4.2,420,Alicante,Alicante,18.9,1.2765,Red,4,3
Clos Pons,Roc Nu,2011,FALSE,4.2,420,Costers del Segre,Costers del Segre,23.95,1.3793,Red,4,3
Sierra Cantabria,Coleccion Privada,2012,FALSE,4.2,420,Rioja,Rioja,28.3,1.4518,Rioja Red,4,3
Imperial,Rioja Reserva,2004,FALSE,4.2,417,Rioja,Rioja,45.0,1.6532,Rioja Red,4,3
Losada,Altos de Losada,2018,FALSE,4.2,415,Bierzo,Bierzo,17.9,1.2529,Mencia,3,3
Mar de Frades,Rias Baixas Albarino Finca Valinas,2015,FALSE,4.2,414,Rias Baixas,Rias Baixas,16.78,1.2248,Albarino,3,3
La Rioja Alta,Vina Alberdi Crianza,2018,FALSE,4.2,410,Rioja,Rioja,13.58,1.1329,Rioja Red,4,3
Bodegas La Horra,Corimbo I,2015,FALSE,4.2,412,Ribera del Duero,Ribera del Duero,37.9,1.5786,Ribera Del Duero Red,5,3
Vina Pedrosa,Gran Reserva,2011,FALSE,4.2,410,Ribera del Duero,Ribera del Duero,51.35,1.7105,Ribera Del Duero Red,5,3
Campillo,Gran Reserva Rioja,2012,FALSE,4.2,410,Rioja,Rioja,22.99,1.3615,Rioja Red,4,3
Ramon do Casar,Treixadura,2020,FALSE,4.2,407,Ribeiro,Ribeiro,11.95,1.0774,NA,NA,NA
Lustau,Candela Cream Dulce Sweet,,TRUE,4.2,405,Jerez-Xeres-Sherry,Jerez-Xeres-Sherry,7.1,0.8513,Sherry,4,3
Portal del Priorat,Clos del Portal Somni,2014,FALSE,4.2,404,Priorato,Priorato,77.36,1.8885,Priorat Red,4,3
Binigrau,Nounat,2020,FALSE,4.2,404,Mallorca,Mallorca,19.9,1.2989,NA,NA,NA
Ramon Bilbao,Mirto,2011,FALSE,4.2,402,Rioja,Rioja,28.53,1.4553,Rioja Red,4,3
Matsu,El Viejo,2019,FALSE,4.2,400,Toro,Toro,27.89,1.4454,Toro Red,5,3
Artadi,Valdegines,2016,FALSE,4.2,398,Vino de Espana,Vino de Espana,48.96,1.6898,Tempranillo,4,2
Contino,Rioja Graciano,2011,FALSE,4.2,395,Rioja,Rioja,61.94,1.792,Rioja Red,4,3
Contino,Reserva,2016,FALSE,4.2,392,Rioja,Rioja,19.98,1.3006,Rioja Red,4,3
Conreria d'Scala Dei,Les Brugueres,2018,FALSE,4.2,390,Priorato,Priorato,16.76,1.2243,Priorat Red,4,3
Mustiguillo,Finca Terrerazo,2017,FALSE,4.2,390,El Terrerazo,El Terrerazo,24.45,1.3883,Red,4,3
Matarromera,Gran Reserva,2011,FALSE,4.2,389,Ribera del Duero,Ribera del Duero,64.5,1.8096,Ribera Del Duero Red,5,3
Sei Solo,Preludio,2016,FALSE,4.2,388,Ribera del Duero,Ribera del Duero,31.63,1.5001,Ribera Del Duero Red,5,3
Vinedos de Paganos,El Puntido,2005,FALSE,4.2,384,Rioja,Rioja,73.0,1.8633,Rioja Red,4,3
La Vicalanda,Reserva,2015,FALSE,4.2,420,Rioja,Rioja,17.5,1.243,Rioja Red,4,3
Enrique Mendoza,Santa Rosa,2017,FALSE,4.2,420,Alicante,Alicante,18.9,1.2765,Red,4,3
Clos Pons,Roc Nu,2011,FALSE,4.2,420,Costers del Segre,Costers del Segre,23.95,1.3793,Red,4,3
Sierra Cantabria,Coleccion Privada,2012,FALSE,4.2,420,Rioja,Rioja,28.3,1.4518,Rioja Red,4,3
Imperial,Rioja Reserva,2004,FALSE,4.2,417,Rioja,Rioja,45.0,1.6532,Rioja Red,4,3
Losada,Altos de Losada,2018,FALSE,4.2,415,Bierzo,Bierzo,17.9,1.2529,Mencia,3,3
Mar de Frades,Rias Baixas Albarino Finca Valinas,2015,FALSE,4.2,414,Rias Baixas,Rias Baixas,16.78,1.2248,Albarino,3,3
La Rioja Alta,Vina Alberdi Crianza,2018,FALSE,4.2,410,Rioja,Rioja,13.58,1.1329,Rioja Red,4,3
Bodegas La Horra,Corimbo I,2015,FALSE,4.2,412,Ribera del Duero,Ribera del Duero,37.9,1.5786,Ribera Del Duero Red,5,3
Vina Pedrosa,Gran Reserva,2011,FALSE,4.2,410,Ribera del Duero,Ribera del Duero,51.35,1.7105,Ribera Del Duero Red,5,3
Campillo,Gran Reserva Rioja,2012,FALSE,4.2,410,Rioja,Rioja,22.99,1.3615,Rioja Red,4,3
Ramon do Casar,Treixadura,2020,FALSE,4.2,407,Ribeiro,Ribeiro,11.95,1.0774,NA,NA,NA
Lustau,Candela Cream Dulce Sweet,,TRUE,4.2,405,Jerez-Xeres-Sherry,Jerez-Xeres-Sherry,7.1,0.8513,Sherry,4,3
Portal del Priorat,Clos del Portal Somni,2014,FALSE,4.2,404,Priorato,Priorato,77.36,1.8885,Priorat Red,4,3
Binigrau,Nounat,2020,FALSE,4.2,404,Mallorca,Mallorca,19.9,1.2989,NA,NA,NA
Ramon Bilbao,Mirto,2011,FALSE,4.2,402,Rioja,Rioja,28.53,1.4553,Rioja Red,4,3
Matsu,El Viejo,2019,FALSE,4.2,400,Toro,Toro,27.89,1.4454,Toro Red,5,3
Artadi,Valdegines,2016,FALSE,4.2,398,Vino de Espana,Vino de Espana,48.96,1.6898,Tempranillo,4,2
Contino,Rioja Graciano,2011,FALSE,4.2,395,Rioja,Rioja,61.94,1.792,Rioja Red,4,3
Contino,Reserva,2016,FALSE,4.2,392,Rioja,Rioja,19.98,1.3006,Rioja Red,4,3
Conreria d'Scala Dei,Les Brugueres,2018,FALSE,4.2,390,Priorato,Priorato,16.76,1.2243,Priorat Red,4,3
Mustiguillo,Finca Terrerazo,2017,FALSE,4.2,390,El Terrerazo,El Terrerazo,24.45,1.3883,Red,4,3
Matarromera,Gran Reserva,2011,FALSE,4.2,389,Ribera del Duero,Ribera del Duero,64.5,1.8096,Ribera Del Duero Red,5,3
Sei Solo,Preludio,2016,FALSE,4.2,388,Ribera del Duero,Ribera del Duero,31.63,1.5001,Ribera Del Duero Red,5,3
Vinedos de Paganos,El Puntido,2005,FALSE,4.2,384,Rioja,Rioja,73.0,1.8633,Rioja Red,4,3
La Vicalanda,Reserva,2015,FALSE,4.2,420,Rioja,Rioja,17.5,1.243,Rioja Red,4,3
Enrique Mendoza,Santa Rosa,2017,FALSE,4.2,420,Alicante,Alicante,18.9,1.2765,Red,4,3
Clos Pons,Roc Nu,2011,FALSE,4.2,420,Costers del Segre,Costers del Segre,23.95,1.3793,Red,4,3
Sierra Cantabria,Coleccion Privada,2012,FALSE,4.2,420,Rioja,Rioja,28.3,1.4518,Rioja Red,4,3
Imperial,Rioja Reserva,2004,FALSE,4.2,417,Rioja,Rioja,45.0,1.6532,Rioja Red,4,3
Losada,Altos de Losada,2018,FALSE,4.2,415,Bierzo,Bierzo,17.9,1.2529,Mencia,3,3
Mar de Frades,Rias Baixas Albarino Finca Valinas,2015,FALSE,4.2,414,Rias Baixas,Rias Baixas,16.78,1.2248,Albarino,3,3
La Rioja Alta,Vina Alberdi Crianza,2018,FALSE,4.2,410,Rioja,Rioja,13.58,1.1329,Rioja Red,4,3
Bodegas La Horra,Corimbo I,2015,FALSE,4.2,412,Ribera del Duero,Ribera del Duero,37.9,1.5786,Ribera Del Duero Red,5,3
Vina Pedrosa,Gran Reserva,2011,FALSE,4.2,410,Ribera del Duero,Ribera del Duero,51.35,1.7105,Ribera Del Duero Red,5,3
Campillo,Gran Reserva Rioja,2012,FALSE,4.2,410,Rioja,Rioja,22.99,1.3615,Rioja Red,4,3
Ramon do Casar,Treixadura,2020,FALSE,4.2,407,Ribeiro,Ribeiro,11.95,1.0774,NA,NA,NA
Lustau,Candela Cream Dulce Sweet,,TRUE,4.2,405,Jerez-Xeres-Sherry,Jerez-Xeres-Sherry,7.1,0.8513,Sherry,4,3
Portal del Priorat,Clos del Portal Somni,2014,FALSE,4.2,404,Priorato,Priorato,77.36,1.8885,Priorat Red,4,3
Binigrau,Nounat,2020,FALSE,4.2,404,Mallorca,Mallorca,19.9,1.2989,NA,NA,NA
Ramon Bilbao,Mirto,2011,FALSE,4.2,402,Rioja,Rioja,28.53,1.4553,Rioja Red,4,3
Matsu,El Viejo,2019,FALSE,4.2,400,Toro,Toro,27.89,1.4454,Toro Red,5,3
Artadi,Valdegines,2016,FALSE,4.2,398,Vino de Espana,Vino de Espana,48.96,1.6898,Tempranillo,4,2
Contino,Rioja Graciano,2011,FALSE,4.2,395,Rioja,Rioja,61.94,1.792,Rioja Red,4,3
Contino,Reserva,2016,FALSE,4.2,392,Rioja,Rioja,19.98,1.3006,Rioja Red,4,3
Conreria d'Scala Dei,Les Brugueres,2018,FALSE,4.2,390,Priorato,Priorato,16.76,1.2243,Priorat Red,4,3
Mustiguillo,Finca Terrerazo,2017,FALSE,4.2,390,El Terrerazo,El Terrerazo,24.45,1.3883,Red,4,3
Matarromera,Gran Reserva,2011,FALSE,4.2,389,Ribera del Duero,Ribera del Duero,64.5,1.8096,Ribera Del Duero Red,5,3
Sei Solo,Preludio,2016,FALSE,4.2,388,Ribera del Duero,Ribera del Duero,31.63,1.5001,Ribera Del Duero Red,5,3
Vinedos de Paganos,El Puntido,2005,FALSE,4.2,384,Rioja,Rioja,73.0,1.8633,Rioja Red,4,3
La Vicalanda,Reserva,2015,FALSE,4.2,420,Rioja,Rioja,17.5,1.243,Rioja Red,4,3
Enrique Mendoza,Santa Rosa,2017,FALSE,4.2,420,Alicante,Alicante,18.9,1.2765,Red,4,3
Clos Pons,Roc Nu,2011,FALSE,4.2,420,Costers del Segre,Costers del Segre,23.95,1.3793,Red,4,3
Sierra Cantabria,Coleccion Privada,2012,FALSE,4.2,420,Rioja,Rioja,28.3,1.4518,Rioja Red,4,3
Imperial,Rioja Reserva,2004,FALSE,4.2,417,Rioja,Rioja,45.0,1.6532,Rioja Red,4,3
Losada,Altos de Losada,2018,FALSE,4.2,415,Bierzo,Bierzo,17.9,1.2529,Mencia,3,3
Mar de Frades,Rias Baixas Albarino Finca Valinas,2015,FALSE,4.2,414,Rias Baixas,Rias Baixas,16.78,1.2248,Albarino,3,3
La Rioja Alta,Vina Alberdi Crianza,2018,FALSE,4.2,410,Rioja,Rioja,13.58,1.1329,Rioja Red,4,3
Bodegas La Horra,Corimbo I,2015,FALSE,4.2,412,Ribera del Duero,Ribera del Duero,37.9,1.5786,Ribera Del Duero Red,5,3
Vina Pedrosa,Gran Reserva,2011,FALSE,4.2,410,Ribera del Duero,Ribera del Duero,51.35,1.7105,Ribera Del Duero Red,5,3
Campillo,Gran Reserva Rioja,2012,FALSE,4.2,410,Rioja,Rioja,22.99,1.3615,Rioja Red,4,3
Ramon do Casar,Treixadura,2020,FALSE,4.2,407,Ribeiro,Ribeiro,11.95,1.0774,NA,NA,NA
Lustau,Candela Cream Dulce Sweet,,TRUE,4.2,405,Jerez-Xeres-Sherry,Jerez-Xeres-Sherry,7.1,0.8513,Sherry,4,3
Portal del Priorat,Clos del Portal Somni,2014,FALSE,4.2,404,Priorato,Priorato,77.36,1.8885,Priorat Red,4,3
Binigrau,Nounat,2020,FALSE,4.2,404,Mallorca,Mallorca,19.9,1.2989,NA,NA,NA
Ramon Bilbao,Mirto,2011,FALSE,4.2,402,Rioja,Rioja,28.53,1.4553,Rioja Red,4,3
Matsu,El Viejo,2019,FALSE,4.2,400,Toro,Toro,27.89,1.4454,Toro Red,5,3
Artadi,Valdegines,2016,FALSE,4.2,398,Vino de Espana,Vino de Espana,48.96,1.6898,Tempranillo,4,2
Contino,Rioja Graciano,2011,FALSE,4.2,395,Rioja,Rioja,61.94,1.792,Rioja Red,4,3
Contino,Reserva,2016,FALSE,4.2,392,Rioja,Rioja,19.98,1.3006,Rioja Red,4,3
Conreria d'Scala Dei,Les Brugueres,2018,FALSE,4.2,390,Priorato,Priorato,16.76,1.2243,Priorat Red,4,3
Mustiguillo,Finca Terrerazo,2017,FALSE,4.2,390,El Terrerazo,El Terrerazo,24.45,1.3883,Red,4,3
Matarromera,Gran Reserva,2011,FALSE,4.2,389,Ribera del Duero,Ribera del Duero,64.5,1.8096,Ribera Del Duero Red,5,3
Sei Solo,Preludio,2016,FALSE,4.2,388,Ribera del Duero,Ribera del Duero,31.63,1.5001,Ribera Del Duero Red,5,3
Vinedos de Paganos,El Puntido,2005,FALSE,4.2,384,Rioja,Rioja,73.0,1.8633,Rioja Red,4,3
La Vicalanda,Reserva,2015,FALSE,4.2,420,Rioja,Rioja,17.5,1.243,Rioja Red,4,3
Enrique Mendoza,Santa Rosa,2017,FALSE,4.2,420,Alicante,Alicante,18.9,1.2765,Red,4,3
Clos Pons,Roc Nu,2011,FALSE,4.2,420,Costers del Segre,Costers del Segre,23.95,1.3793,Red,4,3
Sierra Cantabria,Coleccion Privada,2012,FALSE,4.2,420,Rioja,Rioja,28.3,1.4518,Rioja Red,4,3
Imperial,Rioja Reserva,2004,FALSE,4.2,417,Rioja,Rioja,45.0,1.6532,Rioja Red,4,3
Losada,Altos de Losada,2018,FALSE,4.2,415,Bierzo,Bierzo,17.9,1.2529,Mencia,3,3
Mar de Frades,Rias Baixas Albarino Finca Valinas,2015,FALSE,4.2,414,Rias Baixas,Rias Baixas,16.78,1.2248,Albarino,3,3
La Rioja Alta,Vina Alberdi Crianza,2018,FALSE,4.2,410,Rioja,Rioja,13.58,1.1329,Rioja Red,4,3
Bodegas La Horra,Corimbo I,2015,FALSE,4.2,412,Ribera del Duero,Ribera del Duero,37.9,1.5786,Ribera Del Duero Red,5,3
Vina Pedrosa,Gran Reserva,2011,FALSE,4.2,410,Ribera del Duero,Ribera del Duero,51.35,1.7105,Ribera Del Duero Red,5,3
Campillo,Gran Reserva Rioja,2012,FALSE,4.2,410,Rioja,Rioja,22.99,1.3615,Rioja Red,4,3
Ramon do Casar,Treixadura,2020,FALSE,4.2,407,Ribeiro,Ribeiro,11.95,1.0774,NA,NA,NA
Lustau,Candela Cream Dulce Sweet,,TRUE,4.2,405,Jerez-Xeres-Sherry,Jerez-Xeres-Sherry,7.1,0.8513,Sherry,4,3
Portal del Priorat,Clos del Portal Somni,2014,FALSE,4.2,404,Priorato,Priorato,77.36,1.8885,Priorat Red,4,3
Binigrau,Nounat,2020,FALSE,4.2,404,Mallorca,Mallorca,19.9,1.2989,NA,NA,NA
Ramon Bilbao,Mirto,2011,FALSE,4.2,402,Rioja,Rioja,28.53,1.4553,Rioja Red,4,3
Matsu,El Viejo,2019,FALSE,4.2,400,Toro,Toro,27.89,1.4454,Toro Red,5,3
Artadi,Valdegines,2016,FALSE,4.2,398,Vino de Espana,Vino de Espana,48.96,1.6898,Tempranillo,4,2
Contino,Rioja Graciano,2011,FALSE,4.2,395,Rioja,Rioja,61.94,1.792,Rioja Red,4,3
Contino,Reserva,2016,FALSE,4.2,392,Rioja,Rioja,19.98,1.3006,Rioja Red,4,3
Conreria d'Scala Dei,Les Brugueres,2018,FALSE,4.2,390,Priorato,Priorato,16.76,1.2243,Priorat Red,4,3
Mustiguillo,Finca Terrerazo,2017,FALSE,4.2,390,El Terrerazo,El Terrerazo,24.45,1.3883,Red,4,3
Matarromera,Gran Reserva,2011,FALSE,4.2,389,Ribera del Duero,Ribera del Duero,64.5,1.8096,Ribera Del Duero Red,5,3
Sei Solo,Preludio,2016,FALSE,4.2,388,Ribera del Duero,Ribera del Duero,31.63,1.5001,Ribera Del Duero Red,5,3
Vinedos de Paganos,El Puntido,2005,FALSE,4.2,384,Rioja,Rioja,73.0,1.8633,Rioja Red,4,3
La Vicalanda,Reserva,2015,FALSE,4.2,420,Rioja,Rioja,17.5,1.243,Rioja Red,NA,NA
Enrique Mendoza,Santa Rosa,2017,FALSE,4.2,420,Alicante,Alicante,18.9,1.2765,Red,NA,NA
Clos Pons,Roc Nu,2011,FALSE,4.2,420,Costers del Segre,Costers del Segre,23.95,1.3793,Red,NA,NA
Sierra Cantabria,Coleccion Privada,2012,FALSE,4.2,420,Rioja,Rioja,28.3,1.4518,Rioja Red,NA,NA
Imperial,Rioja Reserva,2004,FALSE,4.2,417,Rioja,Rioja,45.0,1.6532,Rioja Red,NA,NA
Losada,Altos de Losada,2018,FALSE,4.2,415,Bierzo,Bierzo,17.9,1.2529,Mencia,NA,NA
Mar de Frades,Rias Baixas Albarino Finca Valinas,2015,FALSE,4.2,414,Rias Baixas,Rias Baixas,16.78,1.2248,Albarino,NA,NA
La Rioja Alta,Vina Alberdi Crianza,2018,FALSE,4.2,410,Rioja,Rioja,13.58,1.1329,Rioja Red,NA,NA
Bodegas La Horra,Corimbo I,2015,FALSE,4.2,412,Ribera del Duero,Ribera del Duero,37.9,1.5786,Ribera Del Duero Red,NA,NA
Vina Pedrosa,Gran Reserva,2011,FALSE,4.2,410,Ribera del Duero,Ribera del Duero,51.35,1.7105,Ribera Del Duero Red,NA,NA
Campillo,Gran Reserva Rioja,2012,FALSE,4.2,410,Rioja,Rioja,22.99,1.3615,Rioja Red,NA,NA
Ramon do Casar,Treixadura,2020,FALSE,4.2,407,Ribeiro,Ribeiro,11.95,1.0774,NA,NA,NA
Lustau,Candela Cream Dulce Sweet,,TRUE,4.2,405,Jerez-Xeres-Sherry,Jerez-Xeres-Sherry,7.1,0.8513,Sherry,NA,NA
Portal del Priorat,Clos del Portal Somni,2014,FALSE,4.2,404,Priorato,Priorato,77.36,1.8885,Priorat Red,NA,NA
Binigrau,Nounat,2020,FALSE,4.2,404,Mallorca,Mallorca,19.9,1.2989,NA,NA,NA
Ramon Bilbao,Mirto,2011,FALSE,4.2,402,Rioja,Rioja,28.53,1.4553,Rioja Red,NA,NA
Matsu,El Viejo,2019,FALSE,4.2,400,Toro,Toro,27.89,1.4454,Toro Red,NA,NA
Artadi,Valdegines,2016,FALSE,4.2,398,Vino de Espana,Vino de Espana,48.96,1.6898,Tempranillo,NA,NA
Contino,Rioja Graciano,2011,FALSE,4.2,395,Rioja,Rioja,61.94,1.792,Rioja Red,NA,NA
Contino,Reserva,2016,FALSE,4.2,392,Rioja,Rioja,19.98,1.3006,Rioja Red,NA,NA
Conreria d'Scala Dei,Les Brugueres,2018,FALSE,4.2,390,Priorato,Priorato,16.76,1.2243,Priorat Red,NA,NA
Mustiguillo,Finca Terrerazo,2017,FALSE,4.2,390,El Terrerazo,El Terrerazo,24.45,1.3883,Red,NA,NA
Matarromera,Gran Reserva,2011,FALSE,4.2,389,Ribera del Duero,Ribera del Duero,64.5,1.8096,Ribera Del Duero Red,NA,NA
Sei Solo,Preludio,2016,FALSE,4.2,388,Ribera del Duero,Ribera del Duero,31.63,1.5001,Ribera Del Duero Red,NA,NA
Vinedos de Paganos,El Puntido,2005,FALSE,4.2,384,Rioja,Rioja,73.0,1.8633,Rioja Red,NA,NA
La Vicalanda,Reserva,2015,FALSE,4.2,420,Rioja,Rioja,17.5,1.243,Rioja Red,4,3
Enrique Mendoza,Santa Rosa,2017,FALSE,4.2,420,Alicante,Alicante,18.9,1.2765,Red,4,3
Clos Pons,Roc Nu,2011,FALSE,4.2,420,Costers del Segre,Costers del Segre,23.95,1.3793,Red,4,3
Sierra Cantabria,Coleccion Privada,2012,FALSE,4.2,420,Rioja,Rioja,28.3,1.4518,Rioja Red,4,3
Imperial,Rioja Reserva,2004,FALSE,4.2,417,Rioja,Rioja,45.0,1.6532,Rioja Red,4,3
Losada,Altos de Losada,2018,FALSE,4.2,415,Bierzo,Bierzo,17.9,1.2529,Mencia,3,3
Mar de Frades,Rias Baixas Albarino Finca Valinas,2015,FALSE,4.2,414,Rias Baixas,Rias Baixas,16.78,1.2248,Albarino,3,3
La Rioja Alta,Vina Alberdi Crianza,2018,FALSE,4.2,410,Rioja,Rioja,13.58,1.1329,Rioja Red,4,3
Bodegas La Horra,Corimbo I,2015,FALSE,4.2,412,Ribera del Duero,Ribera del Duero,37.9,1.5786,Ribera Del Duero Red,5,3
Vina Pedrosa,Gran Reserva,2011,FALSE,4.2,410,Ribera del Duero,Ribera del Duero,51.35,1.7105,Ribera Del Duero Red,5,3
Campillo,Gran Reserva Rioja,2012,FALSE,4.2,410,Rioja,Rioja,22.99,1.3615,Rioja Red,4,3
Ramon do Casar,Treixadura,2020,FALSE,4.2,407,Ribeiro,Ribeiro,11.95,1.0774,NA,NA,NA
Lustau,Candela Cream Dulce Sweet,,TRUE,4.2,405,Jerez-Xeres-Sherry,Jerez-Xeres-Sherry,7.1,0.8513,Sherry,4,3
Portal del Priorat,Clos del Portal Somni,2014,FALSE,4.2,404,Priorato,Priorato,77.36,1.8885,Priorat Red,4,3
Binigrau,Nounat,2020,FALSE,4.2,404,Mallorca,Mallorca,19.9,1.2989,NA,NA,NA
Ramon Bilbao,Mirto,2011,FALSE,4.2,402,Rioja,Rioja,28.53,1.4553,Rioja Red,4,3
Matsu,El Viejo,2019,FALSE,4.2,400,Toro,Toro,27.89,1.4454,Toro Red,5,3
Artadi,Valdegines,2016,FALSE,4.2,398,Vino de Espana,Vino de Espana,48.96,1.6898,Tempranillo,4,2
Contino,Rioja Graciano,2011,FALSE,4.2,395,Rioja,Rioja,61.94,1.792,Rioja Red,4,3
Contino,Reserva,2016,FALSE,4.2,392,Rioja,Rioja,19.98,1.3006,Rioja Red,4,3
Conreria d'Scala Dei,Les Brugueres,2018,FALSE,4.2,390,Priorato,Priorato,16.76,1.2243,Priorat Red,4,3
Mustiguillo,Finca Terrerazo,2017,FALSE,4.2,390,El Terrerazo,El Terrerazo,24.45,1.3883,Red,4,3
Matarromera,Gran Reserva,2011,FALSE,4.2,389,Ribera del Duero,Ribera del Duero,64.5,1.8096,Ribera Del Duero Red,5,3
Sei Solo,Preludio,2016,FALSE,4.2,388,Ribera del Duero,Ribera del Duero,31.63,1.5001,Ribera Del Duero Red,5,3
Vinedos de Paganos,El Puntido,2005,FALSE,4.2,384,Rioja,Rioja,73.0,1.8633,Rioja Red,4,3
La Vicalanda,Reserva,2015,FALSE,4.2,420,Rioja,Rioja,17.5,1.243,Rioja Red,4,3
Enrique Mendoza,Santa Rosa,2017,FALSE,4.2,420,Alicante,Alicante,18.9,1.2765,Red,4,3
Clos Pons,Roc Nu,2011,FALSE,4.2,420,Costers del Segre,Costers del Segre,23.95,1.3793,Red,4,3
Sierra Cantabria,Coleccion Privada,2012,FALSE,4.2,420,Rioja,Rioja,28.3,1.4518,Rioja Red,4,3
Imperial,Rioja Reserva,2004,FALSE,4.2,417,Rioja,Rioja,45.0,1.6532,Rioja Red,4,3
Losada,Altos de Losada,2018,FALSE,4.2,415,Bierzo,Bierzo,17.9,1.2529,Mencia,3,3
Mar de Frades,Rias Baixas Albarino Finca Valinas,2015,FALSE,4.2,414,Rias Baixas,Rias Baixas,16.78,1.2248,Albarino,3,3
La Rioja Alta,Vina Alberdi Crianza,2018,FALSE,4.2,410,Rioja,Rioja,13.58,1.1329,Rioja Red,4,3
Bodegas La Horra,Corimbo I,2015,FALSE,4.2,412,Ribera del Duero,Ribera del Duero,37.9,1.5786,Ribera Del Duero Red,5,3
Vina Pedrosa,Gran Reserva,2011,FALSE,4.2,410,Ribera del Duero,Ribera del Duero,51.35,1.7105,Ribera Del Duero Red,5,3
Campillo,Gran Reserva Rioja,2012,FALSE,4.2,410,Rioja,Rioja,22.99,1.3615,Rioja Red,4,3
Ramon do Casar,Treixadura,2020,FALSE,4.2,407,Ribeiro,Ribeiro,11.95,1.0774,NA,NA,NA
Lustau,Candela Cream Dulce Sweet,,TRUE,4.2,405,Jerez-Xeres-Sherry,Jerez-Xeres-Sherry,7.1,0.8513,Sherry,4,3
Portal del Priorat,Clos del Portal Somni,2014,FALSE,4.2,404,Priorato,Priorato,77.36,1.8885,Priorat Red,4,3
Binigrau,Nounat,2020,FALSE,4.2,404,Mallorca,Mallorca,19.9,1.2989,NA,NA,NA
Ramon Bilbao,Mirto,2011,FALSE,4.2,402,Rioja,Rioja,28.53,1.4553,Rioja Red,4,3
Matsu,El Viejo,2019,FALSE,4.2,400,Toro,Toro,27.89,1.4454,Toro Red,5,3
Artadi,Valdegines,2016,FALSE,4.2,398,Vino de Espana,Vino de Espana,48.96,1.6898,Tempranillo,4,2
Contino,Rioja Graciano,2011,FALSE,4.2,395,Rioja,Rioja,61.94,1.792,Rioja Red,4,3
Contino,Reserva,2016,FALSE,4.2,392,Rioja,Rioja,19.98,1.3006,Rioja Red,4,3
Conreria d'Scala Dei,Les Brugueres,2018,FALSE,4.2,390,Priorato,Priorato,16.76,1.2243,Priorat Red,4,3
Mustiguillo,Finca Terrerazo,2017,FALSE,4.2,390,El Terrerazo,El Terrerazo,24.45,1.3883,Red,4,3
Matarromera,Gran Reserva,2011,FALSE,4.2,389,Ribera del Duero,Ribera del Duero,64.5,1.8096,Ribera Del Duero Red,5,3
Sei Solo,Preludio,2016,FALSE,4.2,388,Ribera del Duero,Ribera del Duero,31.63,1.5001,Ribera Del Duero Red,5,3
Vinedos de Paganos,El Puntido,2005,FALSE,4.2,384,Rioja,Rioja,73.0,1.8633,Rioja Red,4,3
La Vicalanda,Reserva,2015,FALSE,4.2,420,Rioja,Rioja,17.5,1.243,Rioja Red,NA,NA
Enrique Mendoza,Santa Rosa,2017,FALSE,4.2,420,Alicante,Alicante,18.9,1.2765,Red,NA,NA
Clos Pons,Roc Nu,2011,FALSE,4.2,420,Costers del Segre,Costers del Segre,23.95,1.3793,Red,NA,NA
Sierra Cantabria,Coleccion Privada,2012,FALSE,4.2,420,Rioja,Rioja,28.3,1.4518,Rioja Red,NA,NA
Imperial,Rioja Reserva,2004,FALSE,4.2,417,Rioja,Rioja,45.0,1.6532,Rioja Red,NA,NA
Losada,Altos de Losada,2018,FALSE,4.2,415,Bierzo,Bierzo,17.9,1.2529,Mencia,NA,NA
Mar de Frades,Rias Baixas Albarino Finca Valinas,2015,FALSE,4.2,414,Rias Baixas,Rias Baixas,16.78,1.2248,Albarino,NA,NA
La Rioja Alta,Vina Alberdi Crianza,2018,FALSE,4.2,410,Rioja,Rioja,13.58,1.1329,Rioja Red,NA,NA
Bodegas La Horra,Corimbo I,2015,FALSE,4.2,412,Ribera del Duero,Ribera del Duero,37.9,1.5786,Ribera Del Duero Red,NA,NA
Vina Pedrosa,Gran Reserva,2011,FALSE,4.2,410,Ribera del Duero,Ribera del Duero,51.35,1.7105,Ribera Del Duero Red,NA,NA
Campillo,Gran Reserva Rioja,2012,FALSE,4.2,410,Rioja,Rioja,22.99,1.3615,Rioja Red,NA,NA
Ramon do Casar,Treixadura,2020,FALSE,4.2,407,Ribeiro,Ribeiro,11.95,1.0774,NA,NA,NA
Lustau,Candela Cream Dulce Sweet,,TRUE,4.2,405,Jerez-Xeres-Sherry,Jerez-Xeres-Sherry,7.1,0.8513,Sherry,NA,NA
Portal del Priorat,Clos del Portal Somni,2014,FALSE,4.2,404,Priorato,Priorato,77.36,1.8885,Priorat Red,NA,NA
Binigrau,Nounat,2020,FALSE,4.2,404,Mallorca,Mallorca,19.9,1.2989,NA,NA,NA
Ramon Bilbao,Mirto,2011,FALSE,4.2,402,Rioja,Rioja,28.53,1.4553,Rioja Red,NA,NA
Matsu,El Viejo,2019,FALSE,4.2,400,Toro,Toro,27.89,1.4454,Toro Red,NA,NA
Artadi,Valdegines,2016,FALSE,4.2,398,Vino de Espana,Vino de Espana,48.96,1.6898,Tempranillo,NA,NA
Contino,Rioja Graciano,2011,FALSE,4.2,395,Rioja,Rioja,61.94,1.792,Rioja Red,NA,NA
Contino,Reserva,2016,FALSE,4.2,392,Rioja,Rioja,19.98,1.3006,Rioja Red,NA,NA
Conreria d'Scala Dei,Les Brugueres,2018,FALSE,4.2,390,Priorato,Priorato,16.76,1.2243,Priorat Red,NA,NA
Mustiguillo,Finca Terrerazo,2017,FALSE,4.2,390,El Terrerazo,El Terrerazo,24.45,1.3883,Red,NA,NA
Matarromera,Gran Reserva,2011,FALSE,4.2,389,Ribera del Duero,Ribera del Duero,64.5,1.8096,Ribera Del Duero Red,NA,NA
Sei Solo,Preludio,2016,FALSE,4.2,388,Ribera del Duero,Ribera del Duero,31.63,1.5001,Ribera Del Duero Red,NA,NA
Vinedos de Paganos,El Puntido,2005,FALSE,4.2,384,Rioja,Rioja,73.0,1.8633,Rioja Red,NA,NA
La Vicalanda,Reserva,2015,FALSE,4.2,420,Rioja,Rioja,17.5,1.243,Rioja Red,4,3
Enrique Mendoza,Santa Rosa,2017,FALSE,4.2,420,Alicante,Alicante,18.9,1.2765,Red,4,3
Clos Pons,Roc Nu,2011,FALSE,4.2,420,Costers del Segre,Costers del Segre,23.95,1.3793,Red,4,3
Sierra Cantabria,Coleccion Privada,2012,FALSE,4.2,420,Rioja,Rioja,28.3,1.4518,Rioja Red,4,3
Imperial,Rioja Reserva,2004,FALSE,4.2,417,Rioja,Rioja,45.0,1.6532,Rioja Red,4,3
Losada,Altos de Losada,2018,FALSE,4.2,415,Bierzo,Bierzo,17.9,1.2529,Mencia,3,3
Mar de Frades,Rias Baixas Albarino Finca Valinas,2015,FALSE,4.2,414,Rias Baixas,Rias Baixas,16.78,1.2248,Albarino,3,3
La Rioja Alta,Vina Alberdi Crianza,2018,FALSE,4.2,410,Rioja,Rioja,13.58,1.1329,Rioja Red,4,3
Bodegas La Horra,Corimbo I,2015,FALSE,4.2,412,Ribera del Duero,Ribera del Duero,37.9,1.5786,Ribera Del Duero Red,5,3
Vina Pedrosa,Gran Reserva,2011,FALSE,4.2,410,Ribera del Duero,Ribera del Duero,51.35,1.7105,Ribera Del Duero Red,5,3
Campillo,Gran Reserva Rioja,2012,FALSE,4.2,410,Rioja,Rioja,22.99,1.3615,Rioja Red,4,3
Ramon do Casar,Treixadura,2020,FALSE,4.2,407,Ribeiro,Ribeiro,11.95,1.0774,NA,NA,NA
Lustau,Candela Cream Dulce Sweet,,TRUE,4.2,405,Jerez-Xeres-Sherry,Jerez-Xeres-Sherry,7.1,0.8513,Sherry,4,3
Portal del Priorat,Clos del Portal Somni,2014,FALSE,4.2,404,Priorato,Priorato,77.36,1.8885,Priorat Red,4,3
Binigrau,Nounat,2020,FALSE,4.2,404,Mallorca,Mallorca,19.9,1.2989,NA,NA,NA
Ramon Bilbao,Mirto,2011,FALSE,4.2,402,Rioja,Rioja,28.53,1.4553,Rioja Red,4,3
Matsu,El Viejo,2019,FALSE,4.2,400,Toro,Toro,27.89,1.4454,Toro Red,5,3
Artadi,Valdegines,2016,FALSE,4.2,398,Vino de Espana,Vino de Espana,48.96,1.6898,Tempranillo,4,2
Contino,Rioja Graciano,2011,FALSE,4.2,395,Rioja,Rioja,61.94,1.792,Rioja Red,4,3
Contino,Reserva,2016,FALSE,4.2,392,Rioja,Rioja,19.98,1.3006,Rioja Red,4,3
Conreria d'Scala Dei,Les Brugueres,2018,FALSE,4.2,390,Priorato,Priorato,16.76,1.2243,Priorat Red,4,3
Mustiguillo,Finca Terrerazo,2017,FALSE,4.2,390,El Terrerazo,El Terrerazo,24.45,1.3883,Red,4,3
Matarromera,Gran Reserva,2011,FALSE,4.2,389,Ribera del Duero,Ribera del Duero,64.5,1.8096,Ribera Del Duero Red,5,3
Sei Solo,Preludio,2016,FALSE,4.2,388,Ribera del Duero,Ribera del Duero,31.63,1.5001,Ribera Del Duero Red,5,3
Vinedos de Paganos,El Puntido,2005,FALSE,4.2,384,Rioja,Rioja,73.0,1.8633,Rioja Red,4,3
La Vicalanda,Reserva,2015,FALSE,4.2,420,Rioja,Rioja,17.5,1.243,Rioja Red,4,3
Enrique Mendoza,Santa Rosa,2017,FALSE,4.2,420,Alicante,Alicante,18.9,1.2765,Red,4,3
Clos Pons,Roc Nu,2011,FALSE,4.2,420,Costers del Segre,Costers del Segre,23.95,1.3793,Red,4,3
Sierra Cantabria,Coleccion Privada,2012,FALSE,4.2,420,Rioja,Rioja,28.3,1.4518,Rioja Red,4,3
Imperial,Rioja Reserva,2004,FALSE,4.2,417,Rioja,Rioja,45.0,1.6532,Rioja Red,4,3
Losada,Altos de Losada,2018,FALSE,4.2,415,Bierzo,Bierzo,17.9,1.2529,Mencia,3,3
Mar de Frades,Rias Baixas Albarino Finca Valinas,2015,FALSE,4.2,414,Rias Baixas,Rias Baixas,16.78,1.2248,Albarino,3,3
La Rioja Alta,Vina Alberdi Crianza,2018,FALSE,4.2,410,Rioja,Rioja,13.58,1.1329,Rioja Red,4,3
Bodegas La Horra,Corimbo I,2015,FALSE,4.2,412,Ribera del Duero,Ribera del Duero,37.9,1.5786,Ribera Del Duero Red,5,3
Vina Pedrosa,Gran Reserva,2011,FALSE,4.2,410,Ribera del Duero,Ribera del Duero,51.35,1.7105,Ribera Del Duero Red,5,3
Campillo,Gran Reserva Rioja,2012,FALSE,4.2,410,Rioja,Rioja,22.99,1.3615,Rioja Red,4,3
Ramon do Casar,Treixadura,2020,FALSE,4.2,407,Ribeiro,Ribeiro,11.95,1.0774,NA,NA,NA
Lustau,Candela Cream Dulce Sweet,,TRUE,4.2,405,Jerez-Xeres-Sherry,Jerez-Xeres-Sherry,7.1,0.8513,Sherry,4,3
Portal del Priorat,Clos del Portal Somni,2014,FALSE,4.2,404,Priorato,Priorato,77.36,1.8885,Priorat Red,4,3
Binigrau,Nounat,2020,FALSE,4.2,404,Mallorca,Mallorca,19.9,1.2989,NA,NA,NA
Ramon Bilbao,Mirto,2011,FALSE,4.2,402,Rioja,Rioja,28.53,1.4553,Rioja Red,4,3
Matsu,El Viejo,2019,FALSE,4.2,400,Toro,Toro,27.89,1.4454,Toro Red,5,3
Artadi,Valdegines,2016,FALSE,4.2,398,Vino de Espana,Vino de Espana,48.96,1.6898,Tempranillo,4,2
Contino,Rioja Graciano,2011,FALSE,4.2,395,Rioja,Rioja,61.94,1.792,Rioja Red,4,3
Contino,Reserva,2016,FALSE,4.2,392,Rioja,Rioja,19.98,1.3006,Rioja Red,4,3
Conreria d'Scala Dei,Les Brugueres,2018,FALSE,4.2,390,Priorato,Priorato,16.76,1.2243,Priorat Red,4,3
Mustiguillo,Finca Terrerazo,2017,FALSE,4.2,390,El Terrerazo,El Terrerazo,24.45,1.3883,Red,4,3
Matarromera,Gran Reserva,2011,FALSE,4.2,389,Ribera del Duero,Ribera del Duero,64.5,1.8096,Ribera Del Duero Red,5,3
Sei Solo,Preludio,2016,FALSE,4.2,388,Ribera del Duero,Ribera del Duero,31.63,1.5001,Ribera Del Duero Red,5,3
Vinedos de Paganos,El Puntido,2005,FALSE,4.2,384,Rioja,Rioja,73.0,1.8633,Rioja Red,4,3
La Vicalanda,Reserva,2015,FALSE,4.2,420,Rioja,Rioja,17.5,1.243,Rioja Red,4,3
Enrique Mendoza,Santa Rosa,2017,FALSE,4.2,420,Alicante,Alicante,18.9,1.2765,Red,4,3
Clos Pons,Roc Nu,2011,FALSE,4.2,420,Costers del Segre,Costers del Segre,23.95,1.3793,Red,4,3
Sierra Cantabria,Coleccion Privada,2012,FALSE,4.2,420,Rioja,Rioja,28.3,1.4518,Rioja Red,4,3
Imperial,Rioja Reserva,2004,FALSE,4.2,417,Rioja,Rioja,45.0,1.6532,Rioja Red,4,3
Losada,Altos de Losada,2018,FALSE,4.2,415,Bierzo,Bierzo,17.9,1.2529,Mencia,3,3
Mar de Frades,Rias Baixas Albarino Finca Valinas,2015,FALSE,4.2,414,Rias Baixas,Rias Baixas,16.78,1.2248,Albarino,3,3
La Rioja Alta,Vina Alberdi Crianza,2018,FALSE,4.2,410,Rioja,Rioja,13.58,1.1329,Rioja Red,4,3
Bodegas La Horra,Corimbo I,2015,FALSE,4.2,412,Ribera del Duero,Ribera del Duero,37.9,1.5786,Ribera Del Duero Red,5,3
Vina Pedrosa,Gran Reserva,2011,FALSE,4.2,410,Ribera del Duero,Ribera del Duero,51.35,1.7105,Ribera Del Duero Red,5,3
Campillo,Gran Reserva Rioja,2012,FALSE,4.2,410,Rioja,Rioja,22.99,1.3615,Rioja Red,4,3
Ramon do Casar,Treixadura,2020,FALSE,4.2,407,Ribeiro,Ribeiro,11.95,1.0774,NA,NA,NA
Lustau,Candela Cream Dulce Sweet,,TRUE,4.2,405,Jerez-Xeres-Sherry,Jerez-Xeres-Sherry,7.1,0.8513,Sherry,4,3
Portal del Priorat,Clos del Portal Somni,2014,FALSE,4.2,404,Priorato,Priorato,77.36,1.8885,Priorat Red,4,3
Binigrau,Nounat,2020,FALSE,4.2,404,Mallorca,Mallorca,19.9,1.2989,NA,NA,NA
Ramon Bilbao,Mirto,2011,FALSE,4.2,402,Rioja,Rioja,28.53,1.4553,Rioja Red,4,3
Matsu,El Viejo,2019,FALSE,4.2,400,Toro,Toro,27.89,1.4454,Toro Red,5,3
Artadi,Valdegines,2016,FALSE,4.2,398,Vino de Espana,Vino de Espana,48.96,1.6898,Tempranillo,4,2
Contino,Rioja Graciano,2011,FALSE,4.2,395,Rioja,Rioja,61.94,1.792,Rioja Red,4,3
Contino,Reserva,2016,FALSE,4.2,392,Rioja,Rioja,19.98,1.3006,Rioja Red,4,3
Conreria d'Scala Dei,Les Brugueres,2018,FALSE,4.2,390,Priorato,Priorato,16.76,1.2243,Priorat Red,4,3
Mustiguillo,Finca Terrerazo,2017,FALSE,4.2,390,El Terrerazo,El Terrerazo,24.45,1.3883,Red,4,3
Matarromera,Gran Reserva,2011,FALSE,4.2,389,Ribera del Duero,Ribera del Duero,64.5,1.8096,Ribera Del Duero Red,5,3
Sei Solo,Preludio,2016,FALSE,4.2,388,Ribera del Duero,Ribera del Duero,31.63,1.5001,Ribera Del Duero Red,5,3
Vinedos de Paganos,El Puntido,2005,FALSE,4.2,384,Rioja,Rioja,73.0,1.8633,Rioja Red,4,3
La Vicalanda,Reserva,2015,FALSE,4.2,420,Rioja,Rioja,17.5,1.243,Rioja Red,4,3
Enrique Mendoza,Santa Rosa,2017,FALSE,4.2,420,Alicante,Alicante,18.9,1.2765,Red,4,3
Clos Pons,Roc Nu,2011,FALSE,4.2,420,Costers del Segre,Costers del Segre,23.95,1.3793,Red,4,3
Sierra Cantabria,Coleccion Privada,2012,FALSE,4.2,420,Rioja,Rioja,28.3,1.4518,Rioja Red,4,3
Imperial,Rioja Reserva,2004,FALSE,4.2,417,Rioja,Rioja,45.0,1.6532,Rioja Red,4,3
Losada,Altos de Losada,2018,FALSE,4.2,415,Bierzo,Bierzo,17.9,1.2529,Mencia,3,3
Mar de Frades,Rias Baixas Albarino Finca Valinas,2015,FALSE,4.2,414,Rias Baixas,Rias Baixas,16.78,1.2248,Albarino,3,3
La Rioja Alta,Vina Alberdi Crianza,2018,FALSE,4.2,410,Rioja,Rioja,13.58,1.1329,Rioja Red,4,3
Bodegas La Horra,Corimbo I,2015,FALSE,4.2,412,Ribera del Duero,Ribera del Duero,37.9,1.5786,Ribera Del Duero Red,5,3
Vina Pedrosa,Gran Reserva,2011,FALSE,4.2,410,Ribera del Duero,Ribera del Duero,51.35,1.7105,Ribera Del Duero Red,5,3
Campillo,Gran Reserva Rioja,2012,FALSE,4.2,410,Rioja,Rioja,22.99,1.3615,Rioja Red,4,3
Ramon do Casar,Treixadura,2020,FALSE,4.2,407,Ribeiro,Ribeiro,11.95,1.0774,NA,NA,NA
Lustau,Candela Cream Dulce Sweet,,TRUE,4.2,405,Jerez-Xeres-Sherry,Jerez-Xeres-Sherry,7.1,0.8513,Sherry,4,3
Portal del Priorat,Clos del Portal Somni,2014,FALSE,4.2,404,Priorato,Priorato,77.36,1.8885,Priorat Red,4,3
Binigrau,Nounat,2020,FALSE,4.2,404,Mallorca,Mallorca,19.9,1.2989,NA,NA,NA
Ramon Bilbao,Mirto,2011,FALSE,4.2,402,Rioja,Rioja,28.53,1.4553,Rioja Red,4,3
Matsu,El Viejo,2019,FALSE,4.2,400,Toro,Toro,27.89,1.4454,Toro Red,5,3
Artadi,Valdegines,2016,FALSE,4.2,398,Vino de Espana,Vino de Espana,48.96,1.6898,Tempranillo,4,2
Contino,Rioja Graciano,2011,FALSE,4.2,395,Rioja,Rioja,61.94,1.792,Rioja Red,4,3
Contino,Reserva,2016,FALSE,4.2,392,Rioja,Rioja,19.98,1.3006,Rioja Red,4,3
Conreria d'Scala Dei,Les Brugueres,2018,FALSE,4.2,390,Priorato,Priorato,16.76,1.2243,Priorat Red,4,3
Mustiguillo,Finca Terrerazo,2017,FALSE,4.2,390,El Terrerazo,El Terrerazo,24.45,1.3883,Red,4,3
Matarromera,Gran Reserva,2011,FALSE,4.2,389,Ribera del Duero,Ribera del Duero,64.5,1.8096,Ribera Del Duero Red,5,3
Sei Solo,Preludio,2016,FALSE,4.2,388,Ribera del Duero,Ribera del Duero,31.63,1.5001,Ribera Del Duero Red,5,3
Vinedos de Paganos,El Puntido,2005,FALSE,4.2,384,Rioja,Rioja,73.0,1.8633,Rioja Red,4,3
La Vicalanda,Reserva,2015,FALSE,4.2,420,Rioja,Rioja,17.5,1.243,Rioja Red,4,3
Enrique Mendoza,Santa Rosa,2017,FALSE,4.2,420,Alicante,Alicante,18.9,1.2765,Red,4,3
Clos Pons,Roc Nu,2011,FALSE,4.2,420,Costers del Segre,Costers del Segre,23.95,1.3793,Red,4,3
Sierra Cantabria,Coleccion Privada,2012,FALSE,4.2,420,Rioja,Rioja,28.3,1.4518,Rioja Red,4,3
Imperial,Rioja Reserva,2004,FALSE,4.2,417,Rioja,Rioja,45.0,1.6532,Rioja Red,4,3
Losada,Altos de Losada,2018,FALSE,4.2,415,Bierzo,Bierzo,17.9,1.2529,Mencia,3,3
Mar de Frades,Rias Baixas Albarino Finca Valinas,2015,FALSE,4.2,414,Rias Baixas,Rias Baixas,16.78,1.2248,Albarino,3,3
La Rioja Alta,Vina Alberdi Crianza,2018,FALSE,4.2,410,Rioja,Rioja,13.58,1.1329,Rioja Red,4,3
Bodegas La Horra,Corimbo I,2015,FALSE,4.2,412,Ribera del Duero,Ribera del Duero,37.9,1.5786,Ribera Del Duero Red,5,3
Vina Pedrosa,Gran Reserva,2011,FALSE,4.2,410,Ribera del Duero,Ribera del Duero,51.35,1.7105,Ribera Del Duero Red,5,3
Campillo,Gran Reserva Rioja,2012,FALSE,4.2,410,Rioja,Rioja,22.99,1.3615,Rioja Red,4,3
Ramon do Casar,Treixadura,2020,FALSE,4.2,407,Ribeiro,Ribeiro,11.95,1.0774,NA,NA,NA
Lustau,Candela Cream Dulce Sweet,,TRUE,4.2,405,Jerez-Xeres-Sherry,Jerez-Xeres-Sherry,7.1,0.8513,Sherry,4,3
Portal del Priorat,Clos del Portal Somni,2014,FALSE,4.2,404,Priorato,Priorato,77.36,1.8885,Priorat Red,4,3
Binigrau,Nounat,2020,FALSE,4.2,404,Mallorca,Mallorca,19.9,1.2989,NA,NA,NA
Ramon Bilbao,Mirto,2011,FALSE,4.2,402,Rioja,Rioja,28.53,1.4553,Rioja Red,4,3
Matsu,El Viejo,2019,FALSE,4.2,400,Toro,Toro,27.89,1.4454,Toro Red,5,3
Artadi,Valdegines,2016,FALSE,4.2,398,Vino de Espana,Vino de Espana,48.96,1.6898,Tempranillo,4,2
Contino,Rioja Graciano,2011,FALSE,4.2,395,Rioja,Rioja,61.94,1.792,Rioja Red,4,3
Contino,Reserva,2016,FALSE,4.2,392,Rioja,Rioja,19.98,1.3006,Rioja Red,4,3
Conreria d'Scala Dei,Les Brugueres,2018,FALSE,4.2,390,Priorato,Priorato,16.76,1.2243,Priorat Red,4,3
Mustiguillo,Finca Terrerazo,2017,FALSE,4.2,390,El Terrerazo,El Terrerazo,24.45,1.3883,Red,4,3
Matarromera,Gran Reserva,2011,FALSE,4.2,389,Ribera del Duero,Ribera del Duero,64.5,1.8096,Ribera Del Duero Red,5,3
Sei Solo,Preludio,2016,FALSE,4.2,388,Ribera del Duero,Ribera del Duero,31.63,1.5001,Ribera Del Duero Red,5,3
Vinedos de Paganos,El Puntido,2005,FALSE,4.2,384,Rioja,Rioja,73.0,1.8633,Rioja Red,4,3
La Vicalanda,Reserva,2015,FALSE,4.2,420,Rioja,Rioja,17.5,1.243,Rioja Red,4,3
Enrique Mendoza,Santa Rosa,2017,FALSE,4.2,420,Alicante,Alicante,18.9,1.2765,Red,4,3
Clos Pons,Roc Nu,2011,FALSE,4.2,420,Costers del Segre,Costers del Segre,23.95,1.3793,Red,4,3
Sierra Cantabria,Coleccion Privada,2012,FALSE,4.2,420,Rioja,Rioja,28.3,1.4518,Rioja Red,4,3
Imperial,Rioja Reserva,2004,FALSE,4.2,417,Rioja,Rioja,45.0,1.6532,Rioja Red,4,3
Losada,Altos de Losada,2018,FALSE,4.2,415,Bierzo,Bierzo,17.9,1.2529,Mencia,3,3
Mar de Frades,Rias Baixas Albarino Finca Valinas,2015,FALSE,4.2,414,Rias Baixas,Rias Baixas,16.78,1.2248,Albarino,3,3
La Rioja Alta,Vina Alberdi Crianza,2018,FALSE,4.2,410,Rioja,Rioja,13.58,1.1329,Rioja Red,4,3
Bodegas La Horra,Corimbo I,2015,FALSE,4.2,412,Ribera del Duero,Ribera del Duero,37.9,1.5786,Ribera Del Duero Red,5,3
Vina Pedrosa,Gran Reserva,2011,FALSE,4.2,410,Ribera del Duero,Ribera del Duero,51.35,1.7105,Ribera Del Duero Red,5,3
Campillo,Gran Reserva Rioja,2012,FALSE,4.2,410,Rioja,Rioja,22.99,1.3615,Rioja Red,4,3
Ramon do Casar,Treixadura,2020,FALSE,4.2,407,Ribeiro,Ribeiro,11.95,1.0774,NA,NA,NA
Lustau,Candela Cream Dulce Sweet,,TRUE,4.2,405,Jerez-Xeres-Sherry,Jerez-Xeres-Sherry,7.1,0.8513,Sherry,4,3
Portal del Priorat,Clos del Portal Somni,2014,FALSE,4.2,404,Priorato,Priorato,77.36,1.8885,Priorat Red,4,3
Binigrau,Nounat,2020,FALSE,4.2,404,Mallorca,Mallorca,19.9,1.2989,NA,NA,NA
Ramon Bilbao,Mirto,2011,FALSE,4.2,402,Rioja,Rioja,28.53,1.4553,Rioja Red,4,3
Matsu,El Viejo,2019,FALSE,4.2,400,Toro,Toro,27.89,1.4454,Toro Red,5,3
Artadi,Valdegines,2016,FALSE,4.2,398,Vino de Espana,Vino de Espana,48.96,1.6898,Tempranillo,4,2
Contino,Rioja Graciano,2011,FALSE,4.2,395,Rioja,Rioja,61.94,1.792,Rioja Red,4,3
Contino,Reserva,2016,FALSE,4.2,392,Rioja,Rioja,19.98,1.3006,Rioja Red,4,3
Conreria d'Scala Dei,Les Brugueres,2018,FALSE,4.2,390,Priorato,Priorato,16.76,1.2243,Priorat Red,4,3
Mustiguillo,Finca Terrerazo,2017,FALSE,4.2,390,El Terrerazo,El Terrerazo,24.45,1.3883,Red,4,3
Matarromera,Gran Reserva,2011,FALSE,4.2,389,Ribera del Duero,Ribera del Duero,64.5,1.8096,Ribera Del Duero Red,5,3
Sei Solo,Preludio,2016,FALSE,4.2,388,Ribera del Duero,Ribera del Duero,31.63,1.5001,Ribera Del Duero Red,5,3
Vinedos de Paganos,El Puntido,2005,FALSE,4.2,384,Rioja,Rioja,73.0,1.8633,Rioja Red,4,3
La Vicalanda,Reserva,2015,FALSE,4.2,420,Rioja,Rioja,17.5,1.243,Rioja Red,4,3
Enrique Mendoza,Santa Rosa,2017,FALSE,4.2,420,Alicante,Alicante,18.9,1.2765,Red,4,3
Clos Pons,Roc Nu,2011,FALSE,4.2,420,Costers del Segre,Costers del Segre,23.95,1.3793,Red,4,3
Sierra Cantabria,Coleccion Privada,2012,FALSE,4.2,420,Rioja,Rioja,28.3,1.4518,Rioja Red,4,3
Imperial,Rioja Reserva,2004,FALSE,4.2,417,Rioja,Rioja,45.0,1.6532,Rioja Red,4,3
Losada,Altos de Losada,2018,FALSE,4.2,415,Bierzo,Bierzo,17.9,1.2529,Mencia,3,3
Mar de Frades,Rias Baixas Albarino Finca Valinas,2015,FALSE,4.2,414,Rias Baixas,Rias Baixas,16.78,1.2248,Albarino,3,3
La Rioja Alta,Vina Alberdi Crianza,2018,FALSE,4.2,410,Rioja,Rioja,13.58,1.1329,Rioja Red,4,3
Bodegas La Horra,Corimbo I,2015,FALSE,4.2,412,Ribera del Duero,Ribera del Duero,37.9,1.5786,Ribera Del Duero Red,5,3
Vina Pedrosa,Gran Reserva,2011,FALSE,4.2,410,Ribera del Duero,Ribera del Duero,51.35,1.7105,Ribera Del Duero Red,5,3
Campillo,Gran Reserva Rioja,2012,FALSE,4.2,410,Rioja,Rioja,22.99,1.3615,Rioja Red,4,3
Ramon do Casar,Treixadura,2020,FALSE,4.2,407,Ribeiro,Ribeiro,11.95,1.0774,NA,NA,NA
Lustau,Candela Cream Dulce Sweet,,TRUE,4.2,405,Jerez-Xeres-Sherry,Jerez-Xeres-Sherry,7.1,0.8513,Sherry,4,3
Portal del Priorat,Clos del Portal Somni,2014,FALSE,4.2,404,Priorato,Priorato,77.36,1.8885,Priorat Red,4,3
Binigrau,Nounat,2020,FALSE,4.2,404,Mallorca,Mallorca,19.9,1.2989,NA,NA,NA
Ramon Bilbao,Mirto,2011,FALSE,4.2,402,Rioja,Rioja,28.53,1.4553,Rioja Red,4,3
Matsu,El Viejo,2019,FALSE,4.2,400,Toro,Toro,27.89,1.4454,Toro Red,5,3
Artadi,Valdegines,2016,FALSE,4.2,398,Vino de Espana,Vino de Espana,48.96,1.6898,Tempranillo,4,2
Contino,Rioja Graciano,2011,FALSE,4.2,395,Rioja,Rioja,61.94,1.792,Rioja Red,4,3
Contino,Reserva,2016,FALSE,4.2,392,Rioja,Rioja,19.98,1.3006,Rioja Red,4,3
Conreria d'Scala Dei,Les Brugueres,2018,FALSE,4.2,390,Priorato,Priorato,16.76,1.2243,Priorat Red,4,3
Mustiguillo,Finca Terrerazo,2017,FALSE,4.2,390,El Terrerazo,El Terrerazo,24.45,1.3883,Red,4,3
Matarromera,Gran Reserva,2011,FALSE,4.2,389,Ribera del Duero,Ribera del Duero,64.5,1.8096,Ribera Del Duero Red,5,3
Sei Solo,Preludio,2016,FALSE,4.2,388,Ribera del Duero,Ribera del Duero,31.63,1.5001,Ribera Del Duero Red,5,3
Vinedos de Paganos,El Puntido,2005,FALSE,4.2,384,Rioja,Rioja,73.0,1.8633,Rioja Red,4,3
La Vicalanda,Reserva,2015,FALSE,4.2,420,Rioja,Rioja,17.5,1.243,Rioja Red,NA,NA
Enrique Mendoza,Santa Rosa,2017,FALSE,4.2,420,Alicante,Alicante,18.9,1.2765,Red,NA,NA
Clos Pons,Roc Nu,2011,FALSE,4.2,420,Costers del Segre,Costers del Segre,23.95,1.3793,Red,NA,NA
Sierra Cantabria,Coleccion Privada,2012,FALSE,4.2,420,Rioja,Rioja,28.3,1.4518,Rioja Red,NA,NA
Imperial,Rioja Reserva,2004,FALSE,4.2,417,Rioja,Rioja,45.0,1.6532,Rioja Red,NA,NA
Losada,Altos de Losada,2018,FALSE,4.2,415,Bierzo,Bierzo,17.9,1.2529,Mencia,NA,NA
Mar de Frades,Rias Baixas Albarino Finca Valinas,2015,FALSE,4.2,414,Rias Baixas,Rias Baixas,16.78,1.2248,Albarino,NA,NA
La Rioja Alta,Vina Alberdi Crianza,2018,FALSE,4.2,410,Rioja,Rioja,13.58,1.1329,Rioja Red,NA,NA
Bodegas La Horra,Corimbo I,2015,FALSE,4.2,412,Ribera del Duero,Ribera del Duero,37.9,1.5786,Ribera Del Duero Red,NA,NA
Vina Pedrosa,Gran Reserva,2011,FALSE,4.2,410,Ribera del Duero,Ribera del Duero,51.35,1.7105,Ribera Del Duero Red,NA,NA
Campillo,Gran Reserva Rioja,2012,FALSE,4.2,410,Rioja,Rioja,22.99,1.3615,Rioja Red,NA,NA
Ramon do Casar,Treixadura,2020,FALSE,4.2,407,Ribeiro,Ribeiro,11.95,1.0774,NA,NA,NA
Lustau,Candela Cream Dulce Sweet,,TRUE,4.2,405,Jerez-Xeres-Sherry,Jerez-Xeres-Sherry,7.1,0.8513,Sherry,NA,NA
Portal del Priorat,Clos del Portal Somni,2014,FALSE,4.2,404,Priorato,Priorato,77.36,1.8885,Priorat Red,NA,NA
Binigrau,Nounat,2020,FALSE,4.2,404,Mallorca,Mallorca,19.9,1.2989,NA,NA,NA
Ramon Bilbao,Mirto,2011,FALSE,4.2,402,Rioja,Rioja,28.53,1.4553,Rioja Red,NA,NA
Matsu,El Viejo,2019,FALSE,4.2,400,Toro,Toro,27.89,1.4454,Toro Red,NA,NA
Artadi,Valdegines,2016,FALSE,4.2,398,Vino de Espana,Vino de Espana,48.96,1.6898,Tempranillo,NA,NA
Contino,Rioja Graciano,2011,FALSE,4.2,395,Rioja,Rioja,61.94,1.792,Rioja Red,NA,NA
Contino,Reserva,2016,FALSE,4.2,392,Rioja,Rioja,19.98,1.3006,Rioja Red,NA,NA
Conreria d'Scala Dei,Les Brugueres,2018,FALSE,4.2,390,Priorato,Priorato,16.76,1.2243,Priorat Red,NA,NA
Mustiguillo,Finca Terrerazo,2017,FALSE,4.2,390,El Terrerazo,El Terrerazo,24.45,1.3883,Red,NA,NA
Matarromera,Gran Reserva,2011,FALSE,4.2,389,Ribera del Duero,Ribera del Duero,64.5,1.8096,Ribera Del Duero Red,NA,NA
Sei Solo,Preludio,2016,FALSE,4.2,388,Ribera del Duero,Ribera del Duero,31.63,1.5001,Ribera Del Duero Red,NA,NA
Vinedos de Paganos,El Puntido,2005,FALSE,4.2,384,Rioja,Rioja,73.0,1.8633,Rioja Red,NA,NA
La Vicalanda,Reserva,2015,FALSE,4.2,420,Rioja,Rioja,17.5,1.243,Rioja Red,4,3
Enrique Mendoza,Santa Rosa,2017,FALSE,4.2,420,Alicante,Alicante,18.9,1.2765,Red,4,3
Clos Pons,Roc Nu,2011,FALSE,4.2,420,Costers del Segre,Costers del Segre,23.95,1.3793,Red,4,3
Sierra Cantabria,Coleccion Privada,2012,FALSE,4.2,420,Rioja,Rioja,28.3,1.4518,Rioja Red,4,3
Imperial,Rioja Reserva,2004,FALSE,4.2,417,Rioja,Rioja,45.0,1.6532,Rioja Red,4,3
Losada,Altos de Losada,2018,FALSE,4.2,415,Bierzo,Bierzo,17.9,1.2529,Mencia,3,3
Mar de Frades,Rias Baixas Albarino Finca Valinas,2015,FALSE,4.2,414,Rias Baixas,Rias Baixas,16.78,1.2248,Albarino,3,3
La Rioja Alta,Vina Alberdi Crianza,2018,FALSE,4.2,410,Rioja,Rioja,13.58,1.1329,Rioja Red,4,3
Bodegas La Horra,Corimbo I,2015,FALSE,4.2,412,Ribera del Duero,Ribera del Duero,37.9,1.5786,Ribera Del Duero Red,5,3
Vina Pedrosa,Gran Reserva,2011,FALSE,4.2,410,Ribera del Duero,Ribera del Duero,51.35,1.7105,Ribera Del Duero Red,5,3
Campillo,Gran Reserva Rioja,2012,FALSE,4.2,410,Rioja,Rioja,22.99,1.3615,Rioja Red,4,3
Ramon do Casar,Treixadura,2020,FALSE,4.2,407,Ribeiro,Ribeiro,11.95,1.0774,NA,NA,NA
Lustau,Candela Cream Dulce Sweet,,TRUE,4.2,405,Jerez-Xeres-Sherry,Jerez-Xeres-Sherry,7.1,0.8513,Sherry,4,3
Portal del Priorat,Clos del Portal Somni,2014,FALSE,4.2,404,Priorato,Priorato,77.36,1.8885,Priorat Red,4,3
Binigrau,Nounat,2020,FALSE,4.2,404,Mallorca,Mallorca,19.9,1.2989,NA,NA,NA
Ramon Bilbao,Mirto,2011,FALSE,4.2,402,Rioja,Rioja,28.53,1.4553,Rioja Red,4,3
Matsu,El Viejo,2019,FALSE,4.2,400,Toro,Toro,27.89,1.4454,Toro Red,5,3
Artadi,Valdegines,2016,FALSE,4.2,398,Vino de Espana,Vino de Espana,48.96,1.6898,Tempranillo,4,2
Contino,Rioja Graciano,2011,FALSE,4.2,395,Rioja,Rioja,61.94,1.792,Rioja Red,4,3
Contino,Reserva,2016,FALSE,4.2,392,Rioja,Rioja,19.98,1.3006,Rioja Red,4,3
Conreria d'Scala Dei,Les Brugueres,2018,FALSE,4.2,390,Priorato,Priorato,16.76,1.2243,Priorat Red,4,3
Mustiguillo,Finca Terrerazo,2017,FALSE,4.2,390,El Terrerazo,El Terrerazo,24.45,1.3883,Red,4,3
Matarromera,Gran Reserva,2011,FALSE,4.2,389,Ribera del Duero,Ribera del Duero,64.5,1.8096,Ribera Del Duero Red,5,3
Sei Solo,Preludio,2016,FALSE,4.2,388,Ribera del Duero,Ribera del Duero,31.63,1.5001,Ribera Del Duero Red,5,3
Vinedos de Paganos,El Puntido,2005,FALSE,4.2,384,Rioja,Rioja,73.0,1.8633,Rioja Red,4,3
La Vicalanda,Reserva,2015,FALSE,4.2,420,Rioja,Rioja,17.5,1.243,Rioja Red,4,3
Enrique Mendoza,Santa Rosa,2017,FALSE,4.2,420,Alicante,Alicante,18.9,1.2765,Red,4,3
Clos Pons,Roc Nu,2011,FALSE,4.2,420,Costers del Segre,Costers del Segre,23.95,1.3793,Red,4,3
Sierra Cantabria,Coleccion Privada,2012,FALSE,4.2,420,Rioja,Rioja,28.3,1.4518,Rioja Red,4,3
Imperial,Rioja Reserva,2004,FALSE,4.2,417,Rioja,Rioja,45.0,1.6532,Rioja Red,4,3
Losada,Altos de Losada,2018,FALSE,4.2,415,Bierzo,Bierzo,17.9,1.2529,Mencia,3,3
Mar de Frades,Rias Baixas Albarino Finca Valinas,2015,FALSE,4.2,414,Rias Baixas,Rias Baixas,16.78,1.2248,Albarino,3,3
La Rioja Alta,Vina Alberdi Crianza,2018,FALSE,4.2,410,Rioja,Rioja,13.58,1.1329,Rioja Red,4,3
Bodegas La Horra,Corimbo I,2015,FALSE,4.2,412,Ribera del Duero,Ribera del Duero,37.9,1.5786,Ribera Del Duero Red,5,3
Vina Pedrosa,Gran Reserva,2011,FALSE,4.2,410,Ribera del Duero,Ribera del Duero,51.35,1.7105,Ribera Del Duero Red,5,3
Campillo,Gran Reserva Rioja,2012,FALSE,4.2,410,Rioja,Rioja,22.99,1.3615,Rioja Red,4,3
Ramon do Casar,Treixadura,2020,FALSE,4.2,407,Ribeiro,Ribeiro,11.95,1.0774,NA,NA,NA
Lustau,Candela Cream Dulce Sweet,,TRUE,4.2,405,Jerez-Xeres-Sherry,Jerez-Xeres-Sherry,7.1,0.8513,Sherry,4,3
Portal del Priorat,Clos del Portal Somni,2014,FALSE,4.2,404,Priorato,Priorato,77.36,1.8885,Priorat Red,4,3
Binigrau,Nounat,2020,FALSE,4.2,404,Mallorca,Mallorca,19.9,1.2989,NA,NA,NA
Ramon Bilbao,Mirto,2011,FALSE,4.2,402,Rioja,Rioja,28.53,1.4553,Rioja Red,4,3
Matsu,El Viejo,2019,FALSE,4.2,400,Toro,Toro,27.89,1.4454,Toro Red,5,3
Artadi,Valdegines,2016,FALSE,4.2,398,Vino de Espana,Vino de Espana,48.96,1.6898,Tempranillo,4,2
Contino,Rioja Graciano,2011,FALSE,4.2,395,Rioja,Rioja,61.94,1.792,Rioja Red,4,3
Contino,Reserva,2016,FALSE,4.2,392,Rioja,Rioja,19.98,1.3006,Rioja Red,4,3
Conreria d'Scala Dei,Les Brugueres,2018,FALSE,4.2,390,Priorato,Priorato,16.76,1.2243,Priorat Red,4,3
Mustiguillo,Finca Terrerazo,2017,FALSE,4.2,390,El Terrerazo,El Terrerazo,24.45,1.3883,Red,4,3
Matarromera,Gran Reserva,2011,FALSE,4.2,389,Ribera del Duero,Ribera del Duero,64.5,1.8096,Ribera Del Duero Red,5,3
Sei Solo,Preludio,2016,FALSE,4.2,388,Ribera del Duero,Ribera del Duero,31.63,1.5001,Ribera Del Duero Red,5,3
Vinedos de Paganos,El Puntido,2005,FALSE,4.2,384,Rioja,Rioja,73.0,1.8633,Rioja Red,4,3
La Vicalanda,Reserva,2015,FALSE,4.2,420,Rioja,Rioja,17.5,1.243,Rioja Red,4,3
Enrique Mendoza,Santa Rosa,2017,FALSE,4.2,420,Alicante,Alicante,18.9,1.2765,Red,4,3
Clos Pons,Roc Nu,2011,FALSE,4.2,420,Costers del Segre,Costers del Segre,23.95,1.3793,Red,4,3
Sierra Cantabria,Coleccion Privada,2012,FALSE,4.2,420,Rioja,Rioja,28.3,1.4518,Rioja Red,4,3
Imperial,Rioja Reserva,2004,FALSE,4.2,417,Rioja,Rioja,45.0,1.6532,Rioja Red,4,3
Losada,Altos de Losada,2018,FALSE,4.2,415,Bierzo,Bierzo,17.9,1.2529,Mencia,3,3
Mar de Frades,Rias Baixas Albarino Finca Valinas,2015,FALSE,4.2,414,Rias Baixas,Rias Baixas,16.78,1.2248,Albarino,3,3
La Rioja Alta,Vina Alberdi Crianza,2018,FALSE,4.2,410,Rioja,Rioja,13.58,1.1329,Rioja Red,4,3
Bodegas La Horra,Corimbo I,2015,FALSE,4.2,412,Ribera del Duero,Ribera del Duero,37.9,1.5786,Ribera Del Duero Red,5,3
Vina Pedrosa,Gran Reserva,2011,FALSE,4.2,410,Ribera del Duero,Ribera del Duero,51.35,1.7105,Ribera Del Duero Red,5,3
Campillo,Gran Reserva Rioja,2012,FALSE,4.2,410,Rioja,Rioja,22.99,1.3615,Rioja Red,4,3
Ramon do Casar,Treixadura,2020,FALSE,4.2,407,Ribeiro,Ribeiro,11.95,1.0774,NA,NA,NA
Lustau,Candela Cream Dulce Sweet,,TRUE,4.2,405,Jerez-Xeres-Sherry,Jerez-Xeres-Sherry,7.1,0.8513,Sherry,4,3
Portal del Priorat,Clos del Portal Somni,2014,FALSE,4.2,404,Priorato,Priorato,77.36,1.8885,Priorat Red,4,3
Binigrau,Nounat,2020,FALSE,4.2,404,Mallorca,Mallorca,19.9,1.2989,NA,NA,NA
Ramon Bilbao,Mirto,2011,FALSE,4.2,402,Rioja,Rioja,28.53,1.4553,Rioja Red,4,3
Matsu,El Viejo,2019,FALSE,4.2,400,Toro,Toro,27.89,1.4454,Toro Red,5,3
Artadi,Valdegines,2016,FALSE,4.2,398,Vino de Espana,Vino de Espana,48.96,1.6898,Tempranillo,4,2
Contino,Rioja Graciano,2011,FALSE,4.2,395,Rioja,Rioja,61.94,1.792,Rioja Red,4,3
Contino,Reserva,2016,FALSE,4.2,392,Rioja,Rioja,19.98,1.3006,Rioja Red,4,3
Conreria d'Scala Dei,Les Brugueres,2018,FALSE,4.2,390,Priorato,Priorato,16.76,1.2243,Priorat Red,4,3
Mustiguillo,Finca Terrerazo,2017,FALSE,4.2,390,El Terrerazo,El Terrerazo,24.45,1.3883,Red,4,3
Matarromera,Gran Reserva,2011,FALSE,4.2,389,Ribera del Duero,Ribera del Duero,64.5,1.8096,Ribera Del Duero Red,5,3
Sei Solo,Preludio,2016,FALSE,4.2,388,Ribera del Duero,Ribera del Duero,31.63,1.5001,Ribera Del Duero Red,5,3
Vinedos de Paganos,El Puntido,2005,FALSE,4.2,384,Rioja,Rioja,73.0,1.8633,Rioja Red,4,3
La Vicalanda,Reserva,2015,FALSE,4.2,420,Rioja,Rioja,17.5,1.243,Rioja Red,4,3
Enrique Mendoza,Santa Rosa,2017,FALSE,4.2,420,Alicante,Alicante,18.9,1.2765,Red,4,3
Clos Pons,Roc Nu,2011,FALSE,4.2,420,Costers del Segre,Costers del Segre,23.95,1.3793,Red,4,3
Sierra Cantabria,Coleccion Privada,2012,FALSE,4.2,420,Rioja,Rioja,28.3,1.4518,Rioja Red,4,3
Imperial,Rioja Reserva,2004,FALSE,4.2,417,Rioja,Rioja,45.0,1.6532,Rioja Red,4,3
Losada,Altos de Losada,2018,FALSE,4.2,415,Bierzo,Bierzo,17.9,1.2529,Mencia,3,3
Mar de Frades,Rias Baixas Albarino Finca Valinas,2015,FALSE,4.2,414,Rias Baixas,Rias Baixas,16.78,1.2248,Albarino,3,3
La Rioja Alta,Vina Alberdi Crianza,2018,FALSE,4.2,410,Rioja,Rioja,13.58,1.1329,Rioja Red,4,3
Bodegas La Horra,Corimbo I,2015,FALSE,4.2,412,Ribera del Duero,Ribera del Duero,37.9,1.5786,Ribera Del Duero Red,5,3
Vina Pedrosa,Gran Reserva,2011,FALSE,4.2,410,Ribera del Duero,Ribera del Duero,51.35,1.7105,Ribera Del Duero Red,5,3
Campillo,Gran Reserva Rioja,2012,FALSE,4.2,410,Rioja,Rioja,22.99,1.3615,Rioja Red,4,3
Ramon do Casar,Treixadura,2020,FALSE,4.2,407,Ribeiro,Ribeiro,11.95,1.0774,NA,NA,NA
Lustau,Candela Cream Dulce Sweet,,TRUE,4.2,405,Jerez-Xeres-Sherry,Jerez-Xeres-Sherry,7.1,0.8513,Sherry,4,3
Portal del Priorat,Clos del Portal Somni,2014,FALSE,4.2,404,Priorato,Priorato,77.36,1.8885,Priorat Red,4,3
Binigrau,Nounat,2020,FALSE,4.2,404,Mallorca,Mallorca,19.9,1.2989,NA,NA,NA
Ramon Bilbao,Mirto,2011,FALSE,4.2,402,Rioja,Rioja,28.53,1.4553,Rioja Red,4,3
Matsu,El Viejo,2019,FALSE,4.2,400,Toro,Toro,27.89,1.4454,Toro Red,5,3
Artadi,Valdegines,2016,FALSE,4.2,398,Vino de Espana,Vino de Espana,48.96,1.6898,Tempranillo,4,2
Contino,Rioja Graciano,2011,FALSE,4.2,395,Rioja,Rioja,61.94,1.792,Rioja Red,4,3
Contino,Reserva,2016,FALSE,4.2,392,Rioja,Rioja,19.98,1.3006,Rioja Red,4,3
Conreria d'Scala Dei,Les Brugueres,2018,FALSE,4.2,390,Priorato,Priorato,16.76,1.2243,Priorat Red,4,3
Mustiguillo,Finca Terrerazo,2017,FALSE,4.2,390,El Terrerazo,El Terrerazo,24.45,1.3883,Red,4,3
Matarromera,Gran Reserva,2011,FALSE,4.2,389,Ribera del Duero,Ribera del Duero,64.5,1.8096,Ribera Del Duero Red,5,3
Sei Solo,Preludio,2016,FALSE,4.2,388,Ribera del Duero,Ribera del Duero,31.63,1.5001,Ribera Del Duero Red,5,3
Vinedos de Paganos,El Puntido,2005,FALSE,4.2,384,Rioja,Rioja,73.0,1.8633,Rioja Red,4,3
La Vicalanda,Reserva,2015,FALSE,4.2,420,Rioja,Rioja,17.5,1.243,Rioja Red,4,3
Enrique Mendoza,Santa Rosa,2017,FALSE,4.2,420,Alicante,Alicante,18.9,1.2765,Red,4,3
Clos Pons,Roc Nu,2011,FALSE,4.2,420,Costers del Segre,Costers del Segre,23.95,1.3793,Red,4,3
Sierra Cantabria,Coleccion Privada,2012,FALSE,4.2,420,Rioja,Rioja,28.3,1.4518,Rioja Red,4,3
Imperial,Rioja Reserva,2004,FALSE,4.2,417,Rioja,Rioja,45.0,1.6532,Rioja Red,4,3
Losada,Altos de Losada,2018,FALSE,4.2,415,Bierzo,Bierzo,17.9,1.2529,Mencia,3,3
Mar de Frades,Rias Baixas Albarino Finca Valinas,2015,FALSE,4.2,414,Rias Baixas,Rias Baixas,16.78,1.2248,Albarino,3,3
La Rioja Alta,Vina Alberdi Crianza,2018,FALSE,4.2,410,Rioja,Rioja,13.58,1.1329,Rioja Red,4,3
Bodegas La Horra,Corimbo I,2015,FALSE,4.2,412,Ribera del Duero,Ribera del Duero,37.9,1.5786,Ribera Del Duero Red,5,3
Vina Pedrosa,Gran Reserva,2011,FALSE,4.2,410,Ribera del Duero,Ribera del Duero,51.35,1.7105,Ribera Del Duero Red,5,3
Campillo,Gran Reserva Rioja,2012,FALSE,4.2,410,Rioja,Rioja,22.99,1.3615,Rioja Red,4,3
Ramon do Casar,Treixadura,2020,FALSE,4.2,407,Ribeiro,Ribeiro,11.95,1.0774,NA,NA,NA
Lustau,Candela Cream Dulce Sweet,,TRUE,4.2,405,Jerez-Xeres-Sherry,Jerez-Xeres-Sherry,7.1,0.8513,Sherry,4,3
Portal del Priorat,Clos del Portal Somni,2014,FALSE,4.2,404,Priorato,Priorato,77.36,1.8885,Priorat Red,4,3
Binigrau,Nounat,2020,FALSE,4.2,404,Mallorca,Mallorca,19.9,1.2989,NA,NA,NA
Ramon Bilbao,Mirto,2011,FALSE,4.2,402,Rioja,Rioja,28.53,1.4553,Rioja Red,4,3
Matsu,El Viejo,2019,FALSE,4.2,400,Toro,Toro,27.89,1.4454,Toro Red,5,3
Artadi,Valdegines,2016,FALSE,4.2,398,Vino de Espana,Vino de Espana,48.96,1.6898,Tempranillo,4,2
Contino,Rioja Graciano,2011,FALSE,4.2,395,Rioja,Rioja,61.94,1.792,Rioja Red,4,3
Contino,Reserva,2016,FALSE,4.2,392,Rioja,Rioja,19.98,1.3006,Rioja Red,4,3
Conreria d'Scala Dei,Les Brugueres,2018,FALSE,4.2,390,Priorato,Priorato,16.76,1.2243,Priorat Red,4,3
Mustiguillo,Finca Terrerazo,2017,FALSE,4.2,390,El Terrerazo,El Terrerazo,24.45,1.3883,Red,4,3
Matarromera,Gran Reserva,2011,FALSE,4.2,389,Ribera del Duero,Ribera del Duero,64.5,1.8096,Ribera Del Duero Red,5,3
Sei Solo,Preludio,2016,FALSE,4.2,388,Ribera del Duero,Ribera del Duero,31.63,1.5001,Ribera Del Duero Red,5,3
Vinedos de Paganos,El Puntido,2005,FALSE,4.2,384,Rioja,Rioja,73.0,1.8633,Rioja Red,4,3
La Vicalanda,Reserva,2015,FALSE,4.2,420,Rioja,Rioja,17.5,1.243,Rioja Red,4,3
Enrique Mendoza,Santa Rosa,2017,FALSE,4.2,420,Alicante,Alicante,18.9,1.2765,Red,4,3
Clos Pons,Roc Nu,2011,FALSE,4.2,420,Costers del Segre,Costers del Segre,23.95,1.3793,Red,4,3
Sierra Cantabria,Coleccion Privada,2012,FALSE,4.2,420,Rioja,Rioja,28.3,1.4518,Rioja Red,4,3
Imperial,Rioja Reserva,2004,FALSE,4.2,417,Rioja,Rioja,45.0,1.6532,Rioja Red,4,3
Losada,Altos de Losada,2018,FALSE,4.2,415,Bierzo,Bierzo,17.9,1.2529,Mencia,3,3
Mar de Frades,Rias Baixas Albarino Finca Valinas,2015,FALSE,4.2,414,Rias Baixas,Rias Baixas,16.78,1.2248,Albarino,3,3
La Rioja Alta,Vina Alberdi Crianza,2018,FALSE,4.2,410,Rioja,Rioja,13.58,1.1329,Rioja Red,4,3
Bodegas La Horra,Corimbo I,2015,FALSE,4.2,412,Ribera del Duero,Ribera del Duero,37.9,1.5786,Ribera Del Duero Red,5,3
Vina Pedrosa,Gran Reserva,2011,FALSE,4.2,410,Ribera del Duero,Ribera del Duero,51.35,1.7105,Ribera Del Duero Red,5,3
Campillo,Gran Reserva Rioja,2012,FALSE,4.2,410,Rioja,Rioja,22.99,1.3615,Rioja Red,4,3
Ramon do Casar,Treixadura,2020,FALSE,4.2,407,Ribeiro,Ribeiro,11.95,1.0774,NA,NA,NA
Lustau,Candela Cream Dulce Sweet,,TRUE,4.2,405,Jerez-Xeres-Sherry,Jerez-Xeres-Sherry,7.1,0.8513,Sherry,4,3
Portal del Priorat,Clos del Portal Somni,2014,FALSE,4.2,404,Priorato,Priorato,77.36,1.8885,Priorat Red,4,3
Binigrau,Nounat,2020,FALSE,4.2,404,Mallorca,Mallorca,19.9,1.2989,NA,NA,NA
Ramon Bilbao,Mirto,2011,FALSE,4.2,402,Rioja,Rioja,28.53,1.4553,Rioja Red,4,3
Matsu,El Viejo,2019,FALSE,4.2,400,Toro,Toro,27.89,1.4454,Toro Red,5,3
Artadi,Valdegines,2016,FALSE,4.2,398,Vino de Espana,Vino de Espana,48.96,1.6898,Tempranillo,4,2
Contino,Rioja Graciano,2011,FALSE,4.2,395,Rioja,Rioja,61.94,1.792,Rioja Red,4,3
Contino,Reserva,2016,FALSE,4.2,392,Rioja,Rioja,19.98,1.3006,Rioja Red,4,3
Conreria d'Scala Dei,Les Brugueres,2018,FALSE,4.2,390,Priorato,Priorato,16.76,1.2243,Priorat Red,4,3
Mustiguillo,Finca Terrerazo,2017,FALSE,4.2,390,El Terrerazo,El Terrerazo,24.45,1.3883,Red,4,3
Matarromera,Gran Reserva,2011,FALSE,4.2,389,Ribera del Duero,Ribera del Duero,64.5,1.8096,Ribera Del Duero Red,5,3
Sei Solo,Preludio,2016,FALSE,4.2,388,Ribera del Duero,Ribera del Duero,31.63,1.5001,Ribera Del Duero Red,5,3
Vinedos de Paganos,El Puntido,2005,FALSE,4.2,384,Rioja,Rioja,73.0,1.8633,Rioja Red,4,3
La Vicalanda,Reserva,2015,FALSE,4.2,420,Rioja,Rioja,17.5,1.243,Rioja Red,4,3
Enrique Mendoza,Santa Rosa,2017,FALSE,4.2,420,Alicante,Alicante,18.9,1.2765,Red,4,3
Clos Pons,Roc Nu,2011,FALSE,4.2,420,Costers del Segre,Costers del Segre,23.95,1.3793,Red,4,3
Sierra Cantabria,Coleccion Privada,2012,FALSE,4.2,420,Rioja,Rioja,28.3,1.4518,Rioja Red,4,3
Imperial,Rioja Reserva,2004,FALSE,4.2,417,Rioja,Rioja,45.0,1.6532,Rioja Red,4,3
Losada,Altos de Losada,2018,FALSE,4.2,415,Bierzo,Bierzo,17.9,1.2529,Mencia,3,3
Mar de Frades,Rias Baixas Albarino Finca Valinas,2015,FALSE,4.2,414,Rias Baixas,Rias Baixas,16.78,1.2248,Albarino,3,3
La Rioja Alta,Vina Alberdi Crianza,2018,FALSE,4.2,410,Rioja,Rioja,13.58,1.1329,Rioja Red,4,3
Bodegas La Horra,Corimbo I,2015,FALSE,4.2,412,Ribera del Duero,Ribera del Duero,37.9,1.5786,Ribera Del Duero Red,5,3
Vina Pedrosa,Gran Reserva,2011,FALSE,4.2,410,Ribera del Duero,Ribera del Duero,51.35,1.7105,Ribera Del Duero Red,5,3
Campillo,Gran Reserva Rioja,2012,FALSE,4.2,410,Rioja,Rioja,22.99,1.3615,Rioja Red,4,3
Ramon do Casar,Treixadura,2020,FALSE,4.2,407,Ribeiro,Ribeiro,11.95,1.0774,NA,NA,NA
Lustau,Candela Cream Dulce Sweet,,TRUE,4.2,405,Jerez-Xeres-Sherry,Jerez-Xeres-Sherry,7.1,0.8513,Sherry,4,3
Portal del Priorat,Clos del Portal Somni,2014,FALSE,4.2,404,Priorato,Priorato,77.36,1.8885,Priorat Red,4,3
Binigrau,Nounat,2020,FALSE,4.2,404,Mallorca,Mallorca,19.9,1.2989,NA,NA,NA
Ramon Bilbao,Mirto,2011,FALSE,4.2,402,Rioja,Rioja,28.53,1.4553,Rioja Red,4,3
Matsu,El Viejo,2019,FALSE,4.2,400,Toro,Toro,27.89,1.4454,Toro Red,5,3
Artadi,Valdegines,2016,FALSE,4.2,398,Vino de Espana,Vino de Espana,48.96,1.6898,Tempranillo,4,2
Contino,Rioja Graciano,2011,FALSE,4.2,395,Rioja,Rioja,61.94,1.792,Rioja Red,4,3
Contino,Reserva,2016,FALSE,4.2,392,Rioja,Rioja,19.98,1.3006,Rioja Red,4,3
Conreria d'Scala Dei,Les Brugueres,2018,FALSE,4.2,390,Priorato,Priorato,16.76,1.2243,Priorat Red,4,3
Mustiguillo,Finca Terrerazo,2017,FALSE,4.2,390,El Terrerazo,El Terrerazo,24.45,1.3883,Red,4,3
Matarromera,Gran Reserva,2011,FALSE,4.2,389,Ribera del Duero,Ribera del Duero,64.5,1.8096,Ribera Del Duero Red,5,3
Sei Solo,Preludio,2016,FALSE,4.2,388,Ribera del Duero,Ribera del Duero,31.63,1.5001,Ribera Del Duero Red,5,3
Vinedos de Paganos,El Puntido,2005,FALSE,4.2,384,Rioja,Rioja,73.0,1.8633,Rioja Red,4,3
La Vicalanda,Reserva,2015,FALSE,4.2,420,Rioja,Rioja,17.5,1.243,Rioja Red,4,3
Enrique Mendoza,Santa Rosa,2017,FALSE,4.2,420,Alicante,Alicante,18.9,1.2765,Red,4,3
Clos Pons,Roc Nu,2011,FALSE,4.2,420,Costers del Segre,Costers del Segre,23.95,1.3793,Red,4,3
Sierra Cantabria,Coleccion Privada,2012,FALSE,4.2,420,Rioja,Rioja,28.3,1.4518,Rioja Red,4,3
Imperial,Rioja Reserva,2004,FALSE,4.2,417,Rioja,Rioja,45.0,1.6532,Rioja Red,4,3
Losada,Altos de Losada,2018,FALSE,4.2,415,Bierzo,Bierzo,17.9,1.2529,Mencia,3,3
Mar de Frades,Rias Baixas Albarino Finca Valinas,2015,FALSE,4.2,414,Rias Baixas,Rias Baixas,16.78,1.2248,Albarino,3,3
La Rioja Alta,Vina Alberdi Crianza,2018,FALSE,4.2,410,Rioja,Rioja,13.58,1.1329,Rioja Red,4,3
Bodegas La Horra,Corimbo I,2015,FALSE,4.2,412,Ribera del Duero,Ribera del Duero,37.9,1.5786,Ribera Del Duero Red,5,3
Vina Pedrosa,Gran Reserva,2011,FALSE,4.2,410,Ribera del Duero,Ribera del Duero,51.35,1.7105,Ribera Del Duero Red,5,3
Campillo,Gran Reserva Rioja,2012,FALSE,4.2,410,Rioja,Rioja,22.99,1.3615,Rioja Red,4,3
Ramon do Casar,Treixadura,2020,FALSE,4.2,407,Ribeiro,Ribeiro,11.95,1.0774,NA,NA,NA
Lustau,Candela Cream Dulce Sweet,,TRUE,4.2,405,Jerez-Xeres-Sherry,Jerez-Xeres-Sherry,7.1,0.8513,Sherry,4,3
Portal del Priorat,Clos del Portal Somni,2014,FALSE,4.2,404,Priorato,Priorato,77.36,1.8885,Priorat Red,4,3
Binigrau,Nounat,2020,FALSE,4.2,404,Mallorca,Mallorca,19.9,1.2989,NA,NA,NA
Ramon Bilbao,Mirto,2011,FALSE,4.2,402,Rioja,Rioja,28.53,1.4553,Rioja Red,4,3
Matsu,El Viejo,2019,FALSE,4.2,400,Toro,Toro,27.89,1.4454,Toro Red,5,3
Artadi,Valdegines,2016,FALSE,4.2,398,Vino de Espana,Vino de Espana,48.96,1.6898,Tempranillo,4,2
Contino,Rioja Graciano,2011,FALSE,4.2,395,Rioja,Rioja,61.94,1.792,Rioja Red,4,3
Contino,Reserva,2016,FALSE,4.2,392,Rioja,Rioja,19.98,1.3006,Rioja Red,4,3
Conreria d'Scala Dei,Les Brugueres,2018,FALSE,4.2,390,Priorato,Priorato,16.76,1.2243,Priorat Red,4,3
Mustiguillo,Finca Terrerazo,2017,FALSE,4.2,390,El Terrerazo,El Terrerazo,24.45,1.3883,Red,4,3
Matarromera,Gran Reserva,2011,FALSE,4.2,389,Ribera del Duero,Ribera del Duero,64.5,1.8096,Ribera Del Duero Red,5,3
Sei Solo,Preludio,2016,FALSE,4.2,388,Ribera del Duero,Ribera del Duero,31.63,1.5001,Ribera Del Duero Red,5,3
Vinedos de Paganos,El Puntido,2005,FALSE,4.2,384,Rioja,Rioja,73.0,1.8633,Rioja Red,4,3
La Vicalanda,Reserva,2015,FALSE,4.2,420,Rioja,Rioja,17.5,1.243,Rioja Red,4,3
Enrique Mendoza,Santa Rosa,2017,FALSE,4.2,420,Alicante,Alicante,18.9,1.2765,Red,4,3
Clos Pons,Roc Nu,2011,FALSE,4.2,420,Costers del Segre,Costers del Segre,23.95,1.3793,Red,4,3
Sierra Cantabria,Coleccion Privada,2012,FALSE,4.2,420,Rioja,Rioja,28.3,1.4518,Rioja Red,4,3
Imperial,Rioja Reserva,2004,FALSE,4.2,417,Rioja,Rioja,45.0,1.6532,Rioja Red,4,3
Losada,Altos de Losada,2018,FALSE,4.2,415,Bierzo,Bierzo,17.9,1.2529,Mencia,3,3
Mar de Frades,Rias Baixas Albarino Finca Valinas,2015,FALSE,4.2,414,Rias Baixas,Rias Baixas,16.78,1.2248,Albarino,3,3
La Rioja Alta,Vina Alberdi Crianza,2018,FALSE,4.2,410,Rioja,Rioja,13.58,1.1329,Rioja Red,4,3
Bodegas La Horra,Corimbo I,2015,FALSE,4.2,412,Ribera del Duero,Ribera del Duero,37.9,1.5786,Ribera Del Duero Red,5,3
Vina Pedrosa,Gran Reserva,2011,FALSE,4.2,410,Ribera del Duero,Ribera del Duero,51.35,1.7105,Ribera Del Duero Red,5,3
Campillo,Gran Reserva Rioja,2012,FALSE,4.2,410,Rioja,Rioja,22.99,1.3615,Rioja Red,4,3
Ramon do Casar,Treixadura,2020,FALSE,4.2,407,Ribeiro,Ribeiro,11.95,1.0774,NA,NA,NA
Lustau,Candela Cream Dulce Sweet,,TRUE,4.2,405,Jerez-Xeres-Sherry,Jerez-Xeres-Sherry,7.1,0.8513,Sherry,4,3
Portal del Priorat,Clos del Portal Somni,2014,FALSE,4.2,404,Priorato,Priorato,77.36,1.8885,Priorat Red,4,3
Binigrau,Nounat,2020,FALSE,4.2,404,Mallorca,Mallorca,19.9,1.2989,NA,NA,NA
Ramon Bilbao,Mirto,2011,FALSE,4.2,402,Rioja,Rioja,28.53,1.4553,Rioja Red,4,3
Matsu,El Viejo,2019,FALSE,4.2,400,Toro,Toro,27.89,1.4454,Toro Red,5,3
Artadi,Valdegines,2016,FALSE,4.2,398,Vino de Espana,Vino de Espana,48.96,1.6898,Tempranillo,4,2
Contino,Rioja Graciano,2011,FALSE,4.2,395,Rioja,Rioja,61.94,1.792,Rioja Red,4,3
Contino,Reserva,2016,FALSE,4.2,392,Rioja,Rioja,19.98,1.3006,Rioja Red,4,3
Conreria d'Scala Dei,Les Brugueres,2018,FALSE,4.2,390,Priorato,Priorato,16.76,1.2243,Priorat Red,4,3
Mustiguillo,Finca Terrerazo,2017,FALSE,4.2,390,El Terrerazo,El Terrerazo,24.45,1.3883,Red,4,3
Matarromera,Gran Reserva,2011,FALSE,4.2,389,Ribera del Duero,Ribera del Duero,64.5,1.8096,Ribera Del Duero Red,5,3
Sei Solo,Preludio,2016,FALSE,4.2,388,Ribera del Duero,Ribera del Duero,31.63,1.5001,Ribera Del Duero Red,5,3
Vinedos de Paganos,El Puntido,2005,FALSE,4.2,384,Rioja,Rioja,73.0,1.8633,Rioja Red,4,3
La Vicalanda,Reserva,2015,FALSE,4.2,420,Rioja,Rioja,17.5,1.243,Rioja Red,4,3
Enrique Mendoza,Santa Rosa,2017,FALSE,4.2,420,Alicante,Alicante,18.9,1.2765,Red,4,3
Clos Pons,Roc Nu,2011,FALSE,4.2,420,Costers del Segre,Costers del Segre,23.95,1.3793,Red,4,3
Sierra Cantabria,Coleccion Privada,2012,FALSE,4.2,420,Rioja,Rioja,28.3,1.4518,Rioja Red,4,3
Imperial,Rioja Reserva,2004,FALSE,4.2,417,Rioja,Rioja,45.0,1.6532,Rioja Red,4,3
Losada,Altos de Losada,2018,FALSE,4.2,415,Bierzo,Bierzo,17.9,1.2529,Mencia,3,3
Mar de Frades,Rias Baixas Albarino Finca Valinas,2015,FALSE,4.2,414,Rias Baixas,Rias Baixas,16.78,1.2248,Albarino,3,3
La Rioja Alta,Vina Alberdi Crianza,2018,FALSE,4.2,410,Rioja,Rioja,13.58,1.1329,Rioja Red,4,3
Bodegas La Horra,Corimbo I,2015,FALSE,4.2,412,Ribera del Duero,Ribera del Duero,37.9,1.5786,Ribera Del Duero Red,5,3
Vina Pedrosa,Gran Reserva,2011,FALSE,4.2,410,Ribera del Duero,Ribera del Duero,51.35,1.7105,Ribera Del Duero Red,5,3
Campillo,Gran Reserva Rioja,2012,FALSE,4.2,410,Rioja,Rioja,22.99,1.3615,Rioja Red,4,3
Ramon do Casar,Treixadura,2020,FALSE,4.2,407,Ribeiro,Ribeiro,11.95,1.0774,NA,NA,NA
Lustau,Candela Cream Dulce Sweet,,TRUE,4.2,405,Jerez-Xeres-Sherry,Jerez-Xeres-Sherry,7.1,0.8513,Sherry,4,3
Portal del Priorat,Clos del Portal Somni,2014,FALSE,4.2,404,Priorato,Priorato,77.36,1.8885,Priorat Red,4,3
Binigrau,Nounat,2020,FALSE,4.2,404,Mallorca,Mallorca,19.9,1.2989,NA,NA,NA
Ramon Bilbao,Mirto,2011,FALSE,4.2,402,Rioja,Rioja,28.53,1.4553,Rioja Red,4,3
Matsu,El Viejo,2019,FALSE,4.2,400,Toro,Toro,27.89,1.4454,Toro Red,5,3
Artadi,Valdegines,2016,FALSE,4.2,398,Vino de Espana,Vino de Espana,48.96,1.6898,Tempranillo,4,2
Contino,Rioja Graciano,2011,FALSE,4.2,395,Rioja,Rioja,61.94,1.792,Rioja Red,4,3
Contino,Reserva,2016,FALSE,4.2,392,Rioja,Rioja,19.98,1.3006,Rioja Red,4,3
Conreria d'Scala Dei,Les Brugueres,2018,FALSE,4.2,390,Priorato,Priorato,16.76,1.2243,Priorat Red,4,3
Mustiguillo,Finca Terrerazo,2017,FALSE,4.2,390,El Terrerazo,El Terrerazo,24.45,1.3883,Red,4,3
Matarromera,Gran Reserva,2011,FALSE,4.2,389,Ribera del Duero,Ribera del Duero,64.5,1.8096,Ribera Del Duero Red,5,3
Sei Solo,Preludio,2016,FALSE,4.2,388,Ribera del Duero,Ribera del Duero,31.63,1.5001,Ribera Del Duero Red,5,3
Vinedos de Paganos,El Puntido,2005,FALSE,4.2,384,Rioja,Rioja,73.0,1.8633,Rioja Red,4,3
La Vicalanda,Reserva,2015,FALSE,4.2,420,Rioja,Rioja,17.5,1.243,Rioja Red,4,3
Enrique Mendoza,Santa Rosa,2017,FALSE,4.2,420,Alicante,Alicante,18.9,1.2765,Red,4,3
Clos Pons,Roc Nu,2011,FALSE,4.2,420,Costers del Segre,Costers del Segre,23.95,1.3793,Red,4,3
Sierra Cantabria,Coleccion Privada,2012,FALSE,4.2,420,Rioja,Rioja,28.3,1.4518,Rioja Red,4,3
Imperial,Rioja Reserva,2004,FALSE,4.2,417,Rioja,Rioja,45.0,1.6532,Rioja Red,4,3
Losada,Altos de Losada,2018,FALSE,4.2,415,Bierzo,Bierzo,17.9,1.2529,Mencia,3,3
Mar de Frades,Rias Baixas Albarino Finca Valinas,2015,FALSE,4.2,414,Rias Baixas,Rias Baixas,16.78,1.2248,Albarino,3,3
La Rioja Alta,Vina Alberdi Crianza,2018,FALSE,4.2,410,Rioja,Rioja,13.58,1.1329,Rioja Red,4,3
Bodegas La Horra,Corimbo I,2015,FALSE,4.2,412,Ribera del Duero,Ribera del Duero,37.9,1.5786,Ribera Del Duero Red,5,3
Vina Pedrosa,Gran Reserva,2011,FALSE,4.2,410,Ribera del Duero,Ribera del Duero,51.35,1.7105,Ribera Del Duero Red,5,3
Campillo,Gran Reserva Rioja,2012,FALSE,4.2,410,Rioja,Rioja,22.99,1.3615,Rioja Red,4,3
Ramon do Casar,Treixadura,2020,FALSE,4.2,407,Ribeiro,Ribeiro,11.95,1.0774,NA,NA,NA
Lustau,Candela Cream Dulce Sweet,,TRUE,4.2,405,Jerez-Xeres-Sherry,Jerez-Xeres-Sherry,7.1,0.8513,Sherry,4,3
Portal del Priorat,Clos del Portal Somni,2014,FALSE,4.2,404,Priorato,Priorato,77.36,1.8885,Priorat Red,4,3
Binigrau,Nounat,2020,FALSE,4.2,404,Mallorca,Mallorca,19.9,1.2989,NA,NA,NA
Ramon Bilbao,Mirto,2011,FALSE,4.2,402,Rioja,Rioja,28.53,1.4553,Rioja Red,4,3
Matsu,El Viejo,2019,FALSE,4.2,400,Toro,Toro,27.89,1.4454,Toro Red,5,3
Artadi,Valdegines,2016,FALSE,4.2,398,Vino de Espana,Vino de Espana,48.96,1.6898,Tempranillo,4,2
Contino,Rioja Graciano,2011,FALSE,4.2,395,Rioja,Rioja,61.94,1.792,Rioja Red,4,3
Contino,Reserva,2016,FALSE,4.2,392,Rioja,Rioja,19.98,1.3006,Rioja Red,4,3
Conreria d'Scala Dei,Les Brugueres,2018,FALSE,4.2,390,Priorato,Priorato,16.76,1.2243,Priorat Red,4,3
Mustiguillo,Finca Terrerazo,2017,FALSE,4.2,390,El Terrerazo,El Terrerazo,24.45,1.3883,Red,4,3
Matarromera,Gran Reserva,2011,FALSE,4.2,389,Ribera del Duero,Ribera del Duero,64.5,1.8096,Ribera Del Duero Red,5,3
Sei Solo,Preludio,2016,FALSE,4.2,388,Ribera del Duero,Ribera del Duero,31.63,1.5001,Ribera Del Duero Red,5,3
Vinedos de Paganos,El Puntido,2005,FALSE,4.2,384,Rioja,Rioja,73.0,1.8633,Rioja Red,4,3
La Vicalanda,Reserva,2015,FALSE,4.2,420,Rioja,Rioja,17.5,1.243,Rioja Red,4,3
Enrique Mendoza,Santa Rosa,2017,FALSE,4.2,420,Alicante,Alicante,18.9,1.2765,Red,4,3
Clos Pons,Roc Nu,2011,FALSE,4.2,420,Costers del Segre,Costers del Segre,23.95,1.3793,Red,4,3
Sierra Cantabria,Coleccion Privada,2012,FALSE,4.2,420,Rioja,Rioja,28.3,1.4518,Rioja Red,4,3
Imperial,Rioja Reserva,2004,FALSE,4.2,417,Rioja,Rioja,45.0,1.6532,Rioja Red,4,3
Losada,Altos de Losada,2018,FALSE,4.2,415,Bierzo,Bierzo,17.9,1.2529,Mencia,3,3
Mar de Frades,Rias Baixas Albarino Finca Valinas,2015,FALSE,4.2,414,Rias Baixas,Rias Baixas,16.78,1.2248,Albarino,3,3
La Rioja Alta,Vina Alberdi Crianza,2018,FALSE,4.2,410,Rioja,Rioja,13.58,1.1329,Rioja Red,4,3
Bodegas La Horra,Corimbo I,2015,FALSE,4.2,412,Ribera del Duero,Ribera del Duero,37.9,1.5786,Ribera Del Duero Red,5,3
Vina Pedrosa,Gran Reserva,2011,FALSE,4.2,410,Ribera del Duero,Ribera del Duero,51.35,1.7105,Ribera Del Duero Red,5,3
Campillo,Gran Reserva Rioja,2012,FALSE,4.2,410,Rioja,Rioja,22.99,1.3615,Rioja Red,4,3
Ramon do Casar,Treixadura,2020,FALSE,4.2,407,Ribeiro,Ribeiro,11.95,1.0774,NA,NA,NA
Lustau,Candela Cream Dulce Sweet,,TRUE,4.2,405,Jerez-Xeres-Sherry,Jerez-Xeres-Sherry,7.1,0.8513,Sherry,4,3
Portal del Priorat,Clos del Portal Somni,2014,FALSE,4.2,404,Priorato,Priorato,77.36,1.8885,Priorat Red,4,3
Binigrau,Nounat,2020,FALSE,4.2,404,Mallorca,Mallorca,19.9,1.2989,NA,NA,NA
Ramon Bilbao,Mirto,2011,FALSE,4.2,402,Rioja,Rioja,28.53,1.4553,Rioja Red,4,3
Matsu,El Viejo,2019,FALSE,4.2,400,Toro,Toro,27.89,1.4454,Toro Red,5,3
Artadi,Valdegines,2016,FALSE,4.2,398,Vino de Espana,Vino de Espana,48.96,1.6898,Tempranillo,4,2
Contino,Rioja Graciano,2011,FALSE,4.2,395,Rioja,Rioja,61.94,1.792,Rioja Red,4,3
Contino,Reserva,2016,FALSE,4.2,392,Rioja,Rioja,19.98,1.3006,Rioja Red,4,3
Conreria d'Scala Dei,Les Brugueres,2018,FALSE,4.2,390,Priorato,Priorato,16.76,1.2243,Priorat Red,4,3
Mustiguillo,Finca Terrerazo,2017,FALSE,4.2,390,El Terrerazo,El Terrerazo,24.45,1.3883,Red,4,3
Matarromera,Gran Reserva,2011,FALSE,4.2,389,Ribera del Duero,Ribera del Duero,64.5,1.8096,Ribera Del Duero Red,5,3
Sei Solo,Preludio,2016,FALSE,4.2,388,Ribera del Duero,Ribera del Duero,31.63,1.5001,Ribera Del Duero Red,5,3
Vinedos de Paganos,El Puntido,2005,FALSE,4.2,384,Rioja,Rioja,73.0,1.8633,Rioja Red,4,3
La Vicalanda,Reserva,2015,FALSE,4.2,420,Rioja,Rioja,17.5,1.243,Rioja Red,4,3
Enrique Mendoza,Santa Rosa,2017,FALSE,4.2,420,Alicante,Alicante,18.9,1.2765,Red,4,3
Clos Pons,Roc Nu,2011,FALSE,4.2,420,Costers del Segre,Costers del Segre,23.95,1.3793,Red,4,3
Sierra Cantabria,Coleccion Privada,2012,FALSE,4.2,420,Rioja,Rioja,28.3,1.4518,Rioja Red,4,3
Imperial,Rioja Reserva,2004,FALSE,4.2,417,Rioja,Rioja,45.0,1.6532,Rioja Red,4,3
Losada,Altos de Losada,2018,FALSE,4.2,415,Bierzo,Bierzo,17.9,1.2529,Mencia,3,3
Mar de Frades,Rias Baixas Albarino Finca Valinas,2015,FALSE,4.2,414,Rias Baixas,Rias Baixas,16.78,1.2248,Albarino,3,3
La Rioja Alta,Vina Alberdi Crianza,2018,FALSE,4.2,410,Rioja,Rioja,13.58,1.1329,Rioja Red,4,3
Bodegas La Horra,Corimbo I,2015,FALSE,4.2,412,Ribera del Duero,Ribera del Duero,37.9,1.5786,Ribera Del Duero Red,5,3
Vina Pedrosa,Gran Reserva,2011,FALSE,4.2,410,Ribera del Duero,Ribera del Duero,51.35,1.7105,Ribera Del Duero Red,5,3
Campillo,Gran Reserva Rioja,2012,FALSE,4.2,410,Rioja,Rioja,22.99,1.3615,Rioja Red,4,3
Ramon do Casar,Treixadura,2020,FALSE,4.2,407,Ribeiro,Ribeiro,11.95,1.0774,NA,NA,NA
Lustau,Candela Cream Dulce Sweet,,TRUE,4.2,405,Jerez-Xeres-Sherry,Jerez-Xeres-Sherry,7.1,0.8513,Sherry,4,3
Portal del Priorat,Clos del Portal Somni,2014,FALSE,4.2,404,Priorato,Priorato,77.36,1.8885,Priorat Red,4,3
Binigrau,Nounat,2020,FALSE,4.2,404,Mallorca,Mallorca,19.9,1.2989,NA,NA,NA
Ramon Bilbao,Mirto,2011,FALSE,4.2,402,Rioja,Rioja,28.53,1.4553,Rioja Red,4,3
Matsu,El Viejo,2019,FALSE,4.2,400,Toro,Toro,27.89,1.4454,Toro Red,5,3
Artadi,Valdegines,2016,FALSE,4.2,398,Vino de Espana,Vino de Espana,48.96,1.6898,Tempranillo,4,2
Contino,Rioja Graciano,2011,FALSE,4.2,395,Rioja,Rioja,61.94,1.792,Rioja Red,4,3
Contino,Reserva,2016,FALSE,4.2,392,Rioja,Rioja,19.98,1.3006,Rioja Red,4,3
Conreria d'Scala Dei,Les Brugueres,2018,FALSE,4.2,390,Priorato,Priorato,16.76,1.2243,Priorat Red,4,3
Mustiguillo,Finca Terrerazo,2017,FALSE,4.2,390,El Terrerazo,El Terrerazo,24.45,1.3883,Red,4,3
Matarromera,Gran Reserva,2011,FALSE,4.2,389,Ribera del Duero,Ribera del Duero,64.5,1.8096,Ribera Del Duero Red,5,3
Sei Solo,Preludio,2016,FALSE,4.2,388,Ribera del Duero,Ribera del Duero,31.63,1.5001,Ribera Del Duero Red,5,3
Vinedos de Paganos,El Puntido,2005,FALSE,4.2,384,Rioja,Rioja,73.0,1.8633,Rioja Red,4,3
La Vicalanda,Reserva,2015,FALSE,4.2,420,Rioja,Rioja,17.5,1.243,Rioja Red,4,3
Enrique Mendoza,Santa Rosa,2017,FALSE,4.2,420,Alicante,Alicante,18.9,1.2765,Red,4,3
Clos Pons,Roc Nu,2011,FALSE,4.2,420,Costers del Segre,Costers del Segre,23.95,1.3793,Red,4,3
Sierra Cantabria,Coleccion Privada,2012,FALSE,4.2,420,Rioja,Rioja,28.3,1.4518,Rioja Red,4,3
Imperial,Rioja Reserva,2004,FALSE,4.2,417,Rioja,Rioja,45.0,1.6532,Rioja Red,4,3
Losada,Altos de Losada,2018,FALSE,4.2,415,Bierzo,Bierzo,17.9,1.2529,Mencia,3,3
Mar de Frades,Rias Baixas Albarino Finca Valinas,2015,FALSE,4.2,414,Rias Baixas,Rias Baixas,16.78,1.2248,Albarino,3,3
La Rioja Alta,Vina Alberdi Crianza,2018,FALSE,4.2,410,Rioja,Rioja,13.58,1.1329,Rioja Red,4,3
Bodegas La Horra,Corimbo I,2015,FALSE,4.2,412,Ribera del Duero,Ribera del Duero,37.9,1.5786,Ribera Del Duero Red,5,3
Vina Pedrosa,Gran Reserva,2011,FALSE,4.2,410,Ribera del Duero,Ribera del Duero,51.35,1.7105,Ribera Del Duero Red,5,3
Campillo,Gran Reserva Rioja,2012,FALSE,4.2,410,Rioja,Rioja,22.99,1.3615,Rioja Red,4,3
Ramon do Casar,Treixadura,2020,FALSE,4.2,407,Ribeiro,Ribeiro,11.95,1.0774,NA,NA,NA
Lustau,Candela Cream Dulce Sweet,,TRUE,4.2,405,Jerez-Xeres-Sherry,Jerez-Xeres-Sherry,7.1,0.8513,Sherry,4,3
Portal del Priorat,Clos del Portal Somni,2014,FALSE,4.2,404,Priorato,Priorato,77.36,1.8885,Priorat Red,4,3
Binigrau,Nounat,2020,FALSE,4.2,404,Mallorca,Mallorca,19.9,1.2989,NA,NA,NA
Ramon Bilbao,Mirto,2011,FALSE,4.2,402,Rioja,Rioja,28.53,1.4553,Rioja Red,4,3
Matsu,El Viejo,2019,FALSE,4.2,400,Toro,Toro,27.89,1.4454,Toro Red,5,3
Artadi,Valdegines,2016,FALSE,4.2,398,Vino de Espana,Vino de Espana,48.96,1.6898,Tempranillo,4,2
Contino,Rioja Graciano,2011,FALSE,4.2,395,Rioja,Rioja,61.94,1.792,Rioja Red,4,3
Contino,Reserva,2016,FALSE,4.2,392,Rioja,Rioja,19.98,1.3006,Rioja Red,4,3
Conreria d'Scala Dei,Les Brugueres,2018,FALSE,4.2,390,Priorato,Priorato,16.76,1.2243,Priorat Red,4,3
Mustiguillo,Finca Terrerazo,2017,FALSE,4.2,390,El Terrerazo,El Terrerazo,24.45,1.3883,Red,4,3
Matarromera,Gran Reserva,2011,FALSE,4.2,389,Ribera del Duero,Ribera del Duero,64.5,1.8096,Ribera Del Duero Red,5,3
Sei Solo,Preludio,2016,FALSE,4.2,388,Ribera del Duero,Ribera del Duero,31.63,1.5001,Ribera Del Duero Red,5,3
Vinedos de Paganos,El Puntido,2005,FALSE,4.2,384,Rioja,Rioja,73.0,1.8633,Rioja Red,4,3
La Vicalanda,Reserva,2015,FALSE,4.2,420,Rioja,Rioja,17.5,1.243,Rioja Red,4,3
Enrique Mendoza,Santa Rosa,2017,FALSE,4.2,420,Alicante,Alicante,18.9,1.2765,Red,4,3
Clos Pons,Roc Nu,2011,FALSE,4.2,420,Costers del Segre,Costers del Segre,23.95,1.3793,Red,4,3
Sierra Cantabria,Coleccion Privada,2012,FALSE,4.2,420,Rioja,Rioja,28.3,1.4518,Rioja Red,4,3
Imperial,Rioja Reserva,2004,FALSE,4.2,417,Rioja,Rioja,45.0,1.6532,Rioja Red,4,3
Losada,Altos de Losada,2018,FALSE,4.2,415,Bierzo,Bierzo,17.9,1.2529,Mencia,3,3
Mar de Frades,Rias Baixas Albarino Finca Valinas,2015,FALSE,4.2,414,Rias Baixas,Rias Baixas,16.78,1.2248,Albarino,3,3
La Rioja Alta,Vina Alberdi Crianza,2018,FALSE,4.2,410,Rioja,Rioja,13.58,1.1329,Rioja Red,4,3
Bodegas La Horra,Corimbo I,2015,FALSE,4.2,412,Ribera del Duero,Ribera del Duero,37.9,1.5786,Ribera Del Duero Red,5,3
Vina Pedrosa,Gran Reserva,2011,FALSE,4.2,410,Ribera del Duero,Ribera del Duero,51.35,1.7105,Ribera Del Duero Red,5,3
Campillo,Gran Reserva Rioja,2012,FALSE,4.2,410,Rioja,Rioja,22.99,1.3615,Rioja Red,4,3
Ramon do Casar,Treixadura,2020,FALSE,4.2,407,Ribeiro,Ribeiro,11.95,1.0774,NA,NA,NA
Lustau,Candela Cream Dulce Sweet,,TRUE,4.2,405,Jerez-Xeres-Sherry,Jerez-Xeres-Sherry,7.1,0.8513,Sherry,4,3
Portal del Priorat,Clos del Portal Somni,2014,FALSE,4.2,404,Priorato,Priorato,77.36,1.8885,Priorat Red,4,3
Binigrau,Nounat,2020,FALSE,4.2,404,Mallorca,Mallorca,19.9,1.2989,NA,NA,NA
Ramon Bilbao,Mirto,2011,FALSE,4.2,402,Rioja,Rioja,28.53,1.4553,Rioja Red,4,3
Matsu,El Viejo,2019,FALSE,4.2,400,Toro,Toro,27.89,1.4454,Toro Red,5,3
Artadi,Valdegines,2016,FALSE,4.2,398,Vino de Espana,Vino de Espana,48.96,1.6898,Tempranillo,4,2
Contino,Rioja Graciano,2011,FALSE,4.2,395,Rioja,Rioja,61.94,1.792,Rioja Red,4,3
Contino,Reserva,2016,FALSE,4.2,392,Rioja,Rioja,19.98,1.3006,Rioja Red,4,3
Conreria d'Scala Dei,Les Brugueres,2018,FALSE,4.2,390,Priorato,Priorato,16.76,1.2243,Priorat Red,4,3
Mustiguillo,Finca Terrerazo,2017,FALSE,4.2,390,El Terrerazo,El Terrerazo,24.45,1.3883,Red,4,3
Matarromera,Gran Reserva,2011,FALSE,4.2,389,Ribera del Duero,Ribera del Duero,64.5,1.8096,Ribera Del Duero Red,5,3
Sei Solo,Preludio,2016,FALSE,4.2,388,Ribera del Duero,Ribera del Duero,31.63,1.5001,Ribera Del Duero Red,5,3
Vinedos de Paganos,El Puntido,2005,FALSE,4.2,384,Rioja,Rioja,73.0,1.8633,Rioja Red,4,3
La Vicalanda,Reserva,2015,FALSE,4.2,420,Rioja,Rioja,17.5,1.243,Rioja Red,4,3
Enrique Mendoza,Santa Rosa,2017,FALSE,4.2,420,Alicante,Alicante,18.9,1.2765,Red,4,3
Clos Pons,Roc Nu,2011,FALSE,4.2,420,Costers del Segre,Costers del Segre,23.95,1.3793,Red,4,3
Sierra Cantabria,Coleccion Privada,2012,FALSE,4.2,420,Rioja,Rioja,28.3,1.4518,Rioja Red,4,3
Imperial,Rioja Reserva,2004,FALSE,4.2,417,Rioja,Rioja,45.0,1.6532,Rioja Red,4,3
Losada,Altos de Losada,2018,FALSE,4.2,415,Bierzo,Bierzo,17.9,1.2529,Mencia,3,3
Mar de Frades,Rias Baixas Albarino Finca Valinas,2015,FALSE,4.2,414,Rias Baixas,Rias Baixas,16.78,1.2248,Albarino,3,3
La Rioja Alta,Vina Alberdi Crianza,2018,FALSE,4.2,410,Rioja,Rioja,13.58,1.1329,Rioja Red,4,3
Bodegas La Horra,Corimbo I,2015,FALSE,4.2,412,Ribera del Duero,Ribera del Duero,37.9,1.5786,Ribera Del Duero Red,5,3
Vina Pedrosa,Gran Reserva,2011,FALSE,4.2,410,Ribera del Duero,Ribera del Duero,51.35,1.7105,Ribera Del Duero Red,5,3
Campillo,Gran Reserva Rioja,2012,FALSE,4.2,410,Rioja,Rioja,22.99,1.3615,Rioja Red,4,3
Ramon do Casar,Treixadura,2020,FALSE,4.2,407,Ribeiro,Ribeiro,11.95,1.0774,NA,NA,NA
Lustau,Candela Cream Dulce Sweet,,TRUE,4.2,405,Jerez-Xeres-Sherry,Jerez-Xeres-Sherry,7.1,0.8513,Sherry,4,3
Portal del Priorat,Clos del Portal Somni,2014,FALSE,4.2,404,Priorato,Priorato,77.36,1.8885,Priorat Red,4,3
Binigrau,Nounat,2020,FALSE,4.2,404,Mallorca,Mallorca,19.9,1.2989,NA,NA,NA
Ramon Bilbao,Mirto,2011,FALSE,4.2,402,Rioja,Rioja,28.53,1.4553,Rioja Red,4,3
Matsu,El Viejo,2019,FALSE,4.2,400,Toro,Toro,27.89,1.4454,Toro Red,5,3
Artadi,Valdegines,2016,FALSE,4.2,398,Vino de Espana,Vino de Espana,48.96,1.6898,Tempranillo,4,2
Contino,Rioja Graciano,2011,FALSE,4.2,395,Rioja,Rioja,61.94,1.792,Rioja Red,4,3
Contino,Reserva,2016,FALSE,4.2,392,Rioja,Rioja,19.98,1.3006,Rioja Red,4,3
Conreria d'Scala Dei,Les Brugueres,2018,FALSE,4.2,390,Priorato,Priorato,16.76,1.2243,Priorat Red,4,3
Mustiguillo,Finca Terrerazo,2017,FALSE,4.2,390,El Terrerazo,El Terrerazo,24.45,1.3883,Red,4,3
Matarromera,Gran Reserva,2011,FALSE,4.2,389,Ribera del Duero,Ribera del Duero,64.5,1.8096,Ribera Del Duero Red,5,3
Sei Solo,Preludio,2016,FALSE,4.2,388,Ribera del Duero,Ribera del Duero,31.63,1.5001,Ribera Del Duero Red,5,3
Vinedos de Paganos,El Puntido,2005,FALSE,4.2,384,Rioja,Rioja,73.0,1.8633,Rioja Red,4,3
La Vicalanda,Reserva,2015,FALSE,4.2,420,Rioja,Rioja,17.5,1.243,Rioja Red,4,3
Enrique Mendoza,Santa Rosa,2017,FALSE,4.2,420,Alicante,Alicante,18.9,1.2765,Red,4,3
Clos Pons,Roc Nu,2011,FALSE,4.2,420,Costers del Segre,Costers del Segre,23.95,1.3793,Red,4,3
Sierra Cantabria,Coleccion Privada,2012,FALSE,4.2,420,Rioja,Rioja,28.3,1.4518,Rioja Red,4,3
Imperial,Rioja Reserva,2004,FALSE,4.2,417,Rioja,Rioja,45.0,1.6532,Rioja Red,4,3
Losada,Altos de Losada,2018,FALSE,4.2,415,Bierzo,Bierzo,17.9,1.2529,Mencia,3,3
Mar de Frades,Rias Baixas Albarino Finca Valinas,2015,FALSE,4.2,414,Rias Baixas,Rias Baixas,16.78,1.2248,Albarino,3,3
La Rioja Alta,Vina Alberdi Crianza,2018,FALSE,4.2,410,Rioja,Rioja,13.58,1.1329,Rioja Red,4,3
Bodegas La Horra,Corimbo I,2015,FALSE,4.2,412,Ribera del Duero,Ribera del Duero,37.9,1.5786,Ribera Del Duero Red,5,3
Vina Pedrosa,Gran Reserva,2011,FALSE,4.2,410,Ribera del Duero,Ribera del Duero,51.35,1.7105,Ribera Del Duero Red,5,3
Campillo,Gran Reserva Rioja,2012,FALSE,4.2,410,Rioja,Rioja,22.99,1.3615,Rioja Red,4,3
Ramon do Casar,Treixadura,2020,FALSE,4.2,407,Ribeiro,Ribeiro,11.95,1.0774,NA,NA,NA
Lustau,Candela Cream Dulce Sweet,,TRUE,4.2,405,Jerez-Xeres-Sherry,Jerez-Xeres-Sherry,7.1,0.8513,Sherry,4,3
Portal del Priorat,Clos del Portal Somni,2014,FALSE,4.2,404,Priorato,Priorato,77.36,1.8885,Priorat Red,4,3
Binigrau,Nounat,2020,FALSE,4.2,404,Mallorca,Mallorca,19.9,1.2989,NA,NA,NA
Ramon Bilbao,Mirto,2011,FALSE,4.2,402,Rioja,Rioja,28.53,1.4553,Rioja Red,4,3
Matsu,El Viejo,2019,FALSE,4.2,400,Toro,Toro,27.89,1.4454,Toro Red,5,3
Artadi,Valdegines,2016,FALSE,4.2,398,Vino de Espana,Vino de Espana,48.96,1.6898,Tempranillo,4,2
Contino,Rioja Graciano,2011,FALSE,4.2,395,Rioja,Rioja,61.94,1.792,Rioja Red,4,3
Contino,Reserva,2016,FALSE,4.2,392,Rioja,Rioja,19.98,1.3006,Rioja Red,4,3
Conreria d'Scala Dei,Les Brugueres,2018,FALSE,4.2,390,Priorato,Priorato,16.76,1.2243,Priorat Red,4,3
Mustiguillo,Finca Terrerazo,2017,FALSE,4.2,390,El Terrerazo,El Terrerazo,24.45,1.3883,Red,4,3
Matarromera,Gran Reserva,2011,FALSE,4.2,389,Ribera del Duero,Ribera del Duero,64.5,1.8096,Ribera Del Duero Red,5,3
Sei Solo,Preludio,2016,FALSE,4.2,388,Ribera del Duero,Ribera del Duero,31.63,1.5001,Ribera Del Duero Red,5,3
Vinedos de Paganos,El Puntido,2005,FALSE,4.2,384,Rioja,Rioja,73.0,1.8633,Rioja Red,4,3
La Vicalanda,Reserva,2015,FALSE,4.2,420,Rioja,Rioja,17.5,1.243,Rioja Red,4,3
Enrique Mendoza,Santa Rosa,2017,FALSE,4.2,420,Alicante,Alicante,18.9,1.2765,Red,4,3
Clos Pons,Roc Nu,2011,FALSE,4.2,420,Costers del Segre,Costers del Segre,23.95,1.3793,Red,4,3
Sierra Cantabria,Coleccion Privada,2012,FALSE,4.2,420,Rioja,Rioja,28.3,1.4518,Rioja Red,4,3
Imperial,Rioja Reserva,2004,FALSE,4.2,417,Rioja,Rioja,45.0,1.6532,Rioja Red,4,3
Losada,Altos de Losada,2018,FALSE,4.2,415,Bierzo,Bierzo,17.9,1.2529,Mencia,3,3
Mar de Frades,Rias Baixas Albarino Finca Valinas,2015,FALSE,4.2,414,Rias Baixas,Rias Baixas,16.78,1.2248,Albarino,3,3
La Rioja Alta,Vina Alberdi Crianza,2018,FALSE,4.2,410,Rioja,Rioja,13.58,1.1329,Rioja Red,4,3
Bodegas La Horra,Corimbo I,2015,FALSE,4.2,412,Ribera del Duero,Ribera del Duero,37.9,1.5786,Ribera Del Duero Red,5,3
Vina Pedrosa,Gran Reserva,2011,FALSE,4.2,410,Ribera del Duero,Ribera del Duero,51.35,1.7105,Ribera Del Duero Red,5,3
Campillo,Gran Reserva Rioja,2012,FALSE,4.2,410,Rioja,Rioja,22.99,1.3615,Rioja Red,4,3
Ramon do Casar,Treixadura,2020,FALSE,4.2,407,Ribeiro,Ribeiro,11.95,1.0774,NA,NA,NA
Lustau,Candela Cream Dulce Sweet,,TRUE,4.2,405,Jerez-Xeres-Sherry,Jerez-Xeres-Sherry,7.1,0.8513,Sherry,4,3
Portal del Priorat,Clos del Portal Somni,2014,FALSE,4.2,404,Priorato,Priorato,77.36,1.8885,Priorat Red,4,3
Binigrau,Nounat,2020,FALSE,4.2,404,Mallorca,Mallorca,19.9,1.2989,NA,NA,NA
Ramon Bilbao,Mirto,2011,FALSE,4.2,402,Rioja,Rioja,28.53,1.4553,Rioja Red,4,3
Matsu,El Viejo,2019,FALSE,4.2,400,Toro,Toro,27.89,1.4454,Toro Red,5,3
Artadi,Valdegines,2016,FALSE,4.2,398,Vino de Espana,Vino de Espana,48.96,1.6898,Tempranillo,4,2
Contino,Rioja Graciano,2011,FALSE,4.2,395,Rioja,Rioja,61.94,1.792,Rioja Red,4,3
Contino,Reserva,2016,FALSE,4.2,392,Rioja,Rioja,19.98,1.3006,Rioja Red,4,3
Conreria d'Scala Dei,Les Brugueres,2018,FALSE,4.2,390,Priorato,Priorato,16.76,1.2243,Priorat Red,4,3
Mustiguillo,Finca Terrerazo,2017,FALSE,4.2,390,El Terrerazo,El Terrerazo,24.45,1.3883,Red,4,3
Matarromera,Gran Reserva,2011,FALSE,4.2,389,Ribera del Duero,Ribera del Duero,64.5,1.8096,Ribera Del Duero Red,5,3
Sei Solo,Preludio,2016,FALSE,4.2,388,Ribera del Duero,Ribera del Duero,31.63,1.5001,Ribera Del Duero Red,5,3
Vinedos de Paganos,El Puntido,2005,FALSE,4.2,384,Rioja,Rioja,73.0,1.8633,Rioja Red,4,3
La Vicalanda,Reserva,2015,FALSE,4.2,420,Rioja,Rioja,17.5,1.243,Rioja Red,4,3
Enrique Mendoza,Santa Rosa,2017,FALSE,4.2,420,Alicante,Alicante,18.9,1.2765,Red,4,3
Clos Pons,Roc Nu,2011,FALSE,4.2,420,Costers del Segre,Costers del Segre,23.95,1.3793,Red,4,3
Sierra Cantabria,Coleccion Privada,2012,FALSE,4.2,420,Rioja,Rioja,28.3,1.4518,Rioja Red,4,3
Imperial,Rioja Reserva,2004,FALSE,4.2,417,Rioja,Rioja,45.0,1.6532,Rioja Red,4,3
Losada,Altos de Losada,2018,FALSE,4.2,415,Bierzo,Bierzo,17.9,1.2529,Mencia,3,3
Mar de Frades,Rias Baixas Albarino Finca Valinas,2015,FALSE,4.2,414,Rias Baixas,Rias Baixas,16.78,1.2248,Albarino,3,3
La Rioja Alta,Vina Alberdi Crianza,2018,FALSE,4.2,410,Rioja,Rioja,13.58,1.1329,Rioja Red,4,3
Bodegas La Horra,Corimbo I,2015,FALSE,4.2,412,Ribera del Duero,Ribera del Duero,37.9,1.5786,Ribera Del Duero Red,5,3
Vina Pedrosa,Gran Reserva,2011,FALSE,4.2,410,Ribera del Duero,Ribera del Duero,51.35,1.7105,Ribera Del Duero Red,5,3
Campillo,Gran Reserva Rioja,2012,FALSE,4.2,410,Rioja,Rioja,22.99,1.3615,Rioja Red,4,3
Ramon do Casar,Treixadura,2020,FALSE,4.2,407,Ribeiro,Ribeiro,11.95,1.0774,NA,NA,NA
Lustau,Candela Cream Dulce Sweet,,TRUE,4.2,405,Jerez-Xeres-Sherry,Jerez-Xeres-Sherry,7.1,0.8513,Sherry,4,3
Portal del Priorat,Clos del Portal Somni,2014,FALSE,4.2,404,Priorato,Priorato,77.36,1.8885,Priorat Red,4,3
Binigrau,Nounat,2020,FALSE,4.2,404,Mallorca,Mallorca,19.9,1.2989,NA,NA,NA
Ramon Bilbao,Mirto,2011,FALSE,4.2,402,Rioja,Rioja,28.53,1.4553,Rioja Red,4,3
Matsu,El Viejo,2019,FALSE,4.2,400,Toro,Toro,27.89,1.4454,Toro Red,5,3
Artadi,Valdegines,2016,FALSE,4.2,398,Vino de Espana,Vino de Espana,48.96,1.6898,Tempranillo,4,2
Contino,Rioja Graciano,2011,FALSE,4.2,395,Rioja,Rioja,61.94,1.792,Rioja Red,4,3
Contino,Reserva,2016,FALSE,4.2,392,Rioja,Rioja,19.98,1.3006,Rioja Red,4,3
Conreria d'Scala Dei,Les Brugueres,2018,FALSE,4.2,390,Priorato,Priorato,16.76,1.2243,Priorat Red,4,3
Mustiguillo,Finca Terrerazo,2017,FALSE,4.2,390,El Terrerazo,El Terrerazo,24.45,1.3883,Red,4,3
Matarromera,Gran Reserva,2011,FALSE,4.2,389,Ribera del Duero,Ribera del Duero,64.5,1.8096,Ribera Del Duero Red,5,3
Sei Solo,Preludio,2016,FALSE,4.2,388,Ribera del Duero,Ribera del Duero,31.63,1.5001,Ribera Del Duero Red,5,3
Vinedos de Paganos,El Puntido,2005,FALSE,4.2,384,Rioja,Rioja,73.0,1.8633,Rioja Red,4,3
La Vicalanda,Reserva,2015,FALSE,4.2,420,Rioja,Rioja,17.5,1.243,Rioja Red,4,3
Enrique Mendoza,Santa Rosa,2017,FALSE,4.2,420,Alicante,Alicante,18.9,1.2765,Red,4,3
Clos Pons,Roc Nu,2011,FALSE,4.2,420,Costers del Segre,Costers del Segre,23.95,1.3793,Red,4,3
Sierra Cantabria,Coleccion Privada,2012,FALSE,4.2,420,Rioja,Rioja,28.3,1.4518,Rioja Red,4,3
Imperial,Rioja Reserva,2004,FALSE,4.2,417,Rioja,Rioja,45.0,1.6532,Rioja Red,4,3
Losada,Altos de Losada,2018,FALSE,4.2,415,Bierzo,Bierzo,17.9,1.2529,Mencia,3,3
Mar de Frades,Rias Baixas Albarino Finca Valinas,2015,FALSE,4.2,414,Rias Baixas,Rias Baixas,16.78,1.2248,Albarino,3,3
La Rioja Alta,Vina Alberdi Crianza,2018,FALSE,4.2,410,Rioja,Rioja,13.58,1.1329,Rioja Red,4,3
Bodegas La Horra,Corimbo I,2015,FALSE,4.2,412,Ribera del Duero,Ribera del Duero,37.9,1.5786,Ribera Del Duero Red,5,3
Vina Pedrosa,Gran Reserva,2011,FALSE,4.2,410,Ribera del Duero,Ribera del Duero,51.35,1.7105,Ribera Del Duero Red,5,3
Campillo,Gran Reserva Rioja,2012,FALSE,4.2,410,Rioja,Rioja,22.99,1.3615,Rioja Red,4,3
Ramon do Casar,Treixadura,2020,FALSE,4.2,407,Ribeiro,Ribeiro,11.95,1.0774,NA,NA,NA
Lustau,Candela Cream Dulce Sweet,,TRUE,4.2,405,Jerez-Xeres-Sherry,Jerez-Xeres-Sherry,7.1,0.8513,Sherry,4,3
Portal del Priorat,Clos del Portal Somni,2014,FALSE,4.2,404,Priorato,Priorato,77.36,1.8885,Priorat Red,4,3
Binigrau,Nounat,2020,FALSE,4.2,404,Mallorca,Mallorca,19.9,1.2989,NA,NA,NA
Ramon Bilbao,Mirto,2011,FALSE,4.2,402,Rioja,Rioja,28.53,1.4553,Rioja Red,4,3
Matsu,El Viejo,2019,FALSE,4.2,400,Toro,Toro,27.89,1.4454,Toro Red,5,3
Artadi,Valdegines,2016,FALSE,4.2,398,Vino de Espana,Vino de Espana,48.96,1.6898,Tempranillo,4,2
Contino,Rioja Graciano,2011,FALSE,4.2,395,Rioja,Rioja,61.94,1.792,Rioja Red,4,3
Contino,Reserva,2016,FALSE,4.2,392,Rioja,Rioja,19.98,1.3006,Rioja Red,4,3
Conreria d'Scala Dei,Les Brugueres,2018,FALSE,4.2,390,Priorato,Priorato,16.76,1.2243,Priorat Red,4,3
Mustiguillo,Finca Terrerazo,2017,FALSE,4.2,390,El Terrerazo,El Terrerazo,24.45,1.3883,Red,4,3
Matarromera,Gran Reserva,2011,FALSE,4.2,389,Ribera del Duero,Ribera del Duero,64.5,1.8096,Ribera Del Duero Red,5,3
Sei Solo,Preludio,2016,FALSE,4.2,388,Ribera del Duero,Ribera del Duero,31.63,1.5001,Ribera Del Duero Red,5,3
Vinedos de Paganos,El Puntido,2005,FALSE,4.2,384,Rioja,Rioja,73.0,1.8633,Rioja Red,4,3
La Vicalanda,Reserva,2015,FALSE,4.2,420,Rioja,Rioja,17.5,1.243,Rioja Red,4,3
Enrique Mendoza,Santa Rosa,2017,FALSE,4.2,420,Alicante,Alicante,18.9,1.2765,Red,4,3
Clos Pons,Roc Nu,2011,FALSE,4.2,420,Costers del Segre,Costers del Segre,23.95,1.3793,Red,4,3
Sierra Cantabria,Coleccion Privada,2012,FALSE,4.2,420,Rioja,Rioja,28.3,1.4518,Rioja Red,4,3
Imperial,Rioja Reserva,2004,FALSE,4.2,417,Rioja,Rioja,45.0,1.6532,Rioja Red,4,3
Losada,Altos de Losada,2018,FALSE,4.2,415,Bierzo,Bierzo,17.9,1.2529,Mencia,3,3
Mar de Frades,Rias Baixas Albarino Finca Valinas,2015,FALSE,4.2,414,Rias Baixas,Rias Baixas,16.78,1.2248,Albarino,3,3
La Rioja Alta,Vina Alberdi Crianza,2018,FALSE,4.2,410,Rioja,Rioja,13.58,1.1329,Rioja Red,4,3
Bodegas La Horra,Corimbo I,2015,FALSE,4.2,412,Ribera del Duero,Ribera del Duero,37.9,1.5786,Ribera Del Duero Red,5,3
Vina Pedrosa,Gran Reserva,2011,FALSE,4.2,410,Ribera del Duero,Ribera del Duero,51.35,1.7105,Ribera Del Duero Red,5,3
Campillo,Gran Reserva Rioja,2012,FALSE,4.2,410,Rioja,Rioja,22.99,1.3615,Rioja Red,4,3
Ramon do Casar,Treixadura,2020,FALSE,4.2,407,Ribeiro,Ribeiro,11.95,1.0774,NA,NA,NA
Lustau,Candela Cream Dulce Sweet,,TRUE,4.2,405,Jerez-Xeres-Sherry,Jerez-Xeres-Sherry,7.1,0.8513,Sherry,4,3
Portal del Priorat,Clos del Portal Somni,2014,FALSE,4.2,404,Priorato,Priorato,77.36,1.8885,Priorat Red,4,3
Binigrau,Nounat,2020,FALSE,4.2,404,Mallorca,Mallorca,19.9,1.2989,NA,NA,NA
Ramon Bilbao,Mirto,2011,FALSE,4.2,402,Rioja,Rioja,28.53,1.4553,Rioja Red,4,3
Matsu,El Viejo,2019,FALSE,4.2,400,Toro,Toro,27.89,1.4454,Toro Red,5,3
Artadi,Valdegines,2016,FALSE,4.2,398,Vino de Espana,Vino de Espana,48.96,1.6898,Tempranillo,4,2
Contino,Rioja Graciano,2011,FALSE,4.2,395,Rioja,Rioja,61.94,1.792,Rioja Red,4,3
Contino,Reserva,2016,FALSE,4.2,392,Rioja,Rioja,19.98,1.3006,Rioja Red,4,3
Conreria d'Scala Dei,Les Brugueres,2018,FALSE,4.2,390,Priorato,Priorato,16.76,1.2243,Priorat Red,4,3
Mustiguillo,Finca Terrerazo,2017,FALSE,4.2,390,El Terrerazo,El Terrerazo,24.45,1.3883,Red,4,3
Matarromera,Gran Reserva,2011,FALSE,4.2,389,Ribera del Duero,Ribera del Duero,64.5,1.8096,Ribera Del Duero Red,5,3
Sei Solo,Preludio,2016,FALSE,4.2,388,Ribera del Duero,Ribera del Duero,31.63,1.5001,Ribera Del Duero Red,5,3
Vinedos de Paganos,El Puntido,2005,FALSE,4.2,384,Rioja,Rioja,73.0,1.8633,Rioja Red,4,3
La Vicalanda,Reserva,2015,FALSE,4.2,420,Rioja,Rioja,17.5,1.243,Rioja Red,4,3
Enrique Mendoza,Santa Rosa,2017,FALSE,4.2,420,Alicante,Alicante,18.9,1.2765,Red,4,3
Clos Pons,Roc Nu,2011,FALSE,4.2,420,Costers del Segre,Costers del Segre,23.95,1.3793,Red,4,3
Sierra Cantabria,Coleccion Privada,2012,FALSE,4.2,420,Rioja,Rioja,28.3,1.4518,Rioja Red,4,3
Imperial,Rioja Reserva,2004,FALSE,4.2,417,Rioja,Rioja,45.0,1.6532,Rioja Red,4,3
Losada,Altos de Losada,2018,FALSE,4.2,415,Bierzo,Bierzo,17.9,1.2529,Mencia,3,3
Mar de Frades,Rias Baixas Albarino Finca Valinas,2015,FALSE,4.2,414,Rias Baixas,Rias Baixas,16.78,1.2248,Albarino,3,3
La Rioja Alta,Vina Alberdi Crianza,2018,FALSE,4.2,410,Rioja,Rioja,13.58,1.1329,Rioja Red,4,3
Bodegas La Horra,Corimbo I,2015,FALSE,4.2,412,Ribera del Duero,Ribera del Duero,37.9,1.5786,Ribera Del Duero Red,5,3
Vina Pedrosa,Gran Reserva,2011,FALSE,4.2,410,Ribera del Duero,Ribera del Duero,51.35,1.7105,Ribera Del Duero Red,5,3
Campillo,Gran Reserva Rioja,2012,FALSE,4.2,410,Rioja,Rioja,22.99,1.3615,Rioja Red,4,3
Ramon do Casar,Treixadura,2020,FALSE,4.2,407,Ribeiro,Ribeiro,11.95,1.0774,NA,NA,NA
Lustau,Candela Cream Dulce Sweet,,TRUE,4.2,405,Jerez-Xeres-Sherry,Jerez-Xeres-Sherry,7.1,0.8513,Sherry,4,3
Portal del Priorat,Clos del Portal Somni,2014,FALSE,4.2,404,Priorato,Priorato,77.36,1.8885,Priorat Red,4,3
Binigrau,Nounat,2020,FALSE,4.2,404,Mallorca,Mallorca,19.9,1.2989,NA,NA,NA
Ramon Bilbao,Mirto,2011,FALSE,4.2,402,Rioja,Rioja,28.53,1.4553,Rioja Red,4,3
Matsu,El Viejo,2019,FALSE,4.2,400,Toro,Toro,27.89,1.4454,Toro Red,5,3
Artadi,Valdegines,2016,FALSE,4.2,398,Vino de Espana,Vino de Espana,48.96,1.6898,Tempranillo,4,2
Contino,Rioja Graciano,2011,FALSE,4.2,395,Rioja,Rioja,61.94,1.792,Rioja Red,4,3
Contino,Reserva,2016,FALSE,4.2,392,Rioja,Rioja,19.98,1.3006,Rioja Red,4,3
Conreria d'Scala Dei,Les Brugueres,2018,FALSE,4.2,390,Priorato,Priorato,16.76,1.2243,Priorat Red,4,3
Mustiguillo,Finca Terrerazo,2017,FALSE,4.2,390,El Terrerazo,El Terrerazo,24.45,1.3883,Red,4,3
Matarromera,Gran Reserva,2011,FALSE,4.2,389,Ribera del Duero,Ribera del Duero,64.5,1.8096,Ribera Del Duero Red,5,3
Sei Solo,Preludio,2016,FALSE,4.2,388,Ribera del Duero,Ribera del Duero,31.63,1.5001,Ribera Del Duero Red,5,3
Vinedos de Paganos,El Puntido,2005,FALSE,4.2,384,Rioja,Rioja,73.0,1.8633,Rioja Red,4,3
La Vicalanda,Reserva,2015,FALSE,4.2,420,Rioja,Rioja,17.5,1.243,Rioja Red,4,3
Enrique Mendoza,Santa Rosa,2017,FALSE,4.2,420,Alicante,Alicante,18.9,1.2765,Red,4,3
Clos Pons,Roc Nu,2011,FALSE,4.2,420,Costers del Segre,Costers del Segre,23.95,1.3793,Red,4,3
Sierra Cantabria,Coleccion Privada,2012,FALSE,4.2,420,Rioja,Rioja,28.3,1.4518,Rioja Red,4,3
Imperial,Rioja Reserva,2004,FALSE,4.2,417,Rioja,Rioja,45.0,1.6532,Rioja Red,4,3
Losada,Altos de Losada,2018,FALSE,4.2,415,Bierzo,Bierzo,17.9,1.2529,Mencia,3,3
Mar de Frades,Rias Baixas Albarino Finca Valinas,2015,FALSE,4.2,414,Rias Baixas,Rias Baixas,16.78,1.2248,Albarino,3,3
La Rioja Alta,Vina Alberdi Crianza,2018,FALSE,4.2,410,Rioja,Rioja,13.58,1.1329,Rioja Red,4,3
Bodegas La Horra,Corimbo I,2015,FALSE,4.2,412,Ribera del Duero,Ribera del Duero,37.9,1.5786,Ribera Del Duero Red,5,3
Vina Pedrosa,Gran Reserva,2011,FALSE,4.2,410,Ribera del Duero,Ribera del Duero,51.35,1.7105,Ribera Del Duero Red,5,3
Campillo,Gran Reserva Rioja,2012,FALSE,4.2,410,Rioja,Rioja,22.99,1.3615,Rioja Red,4,3
Ramon do Casar,Treixadura,2020,FALSE,4.2,407,Ribeiro,Ribeiro,11.95,1.0774,NA,NA,NA
Lustau,Candela Cream Dulce Sweet,,TRUE,4.2,405,Jerez-Xeres-Sherry,Jerez-Xeres-Sherry,7.1,0.8513,Sherry,4,3
Portal del Priorat,Clos del Portal Somni,2014,FALSE,4.2,404,Priorato,Priorato,77.36,1.8885,Priorat Red,4,3
Binigrau,Nounat,2020,FALSE,4.2,404,Mallorca,Mallorca,19.9,1.2989,NA,NA,NA
Ramon Bilbao,Mirto,2011,FALSE,4.2,402,Rioja,Rioja,28.53,1.4553,Rioja Red,4,3
Matsu,El Viejo,2019,FALSE,4.2,400,Toro,Toro,27.89,1.4454,Toro Red,5,3
Artadi,Valdegines,2016,FALSE,4.2,398,Vino de Espana,Vino de Espana,48.96,1.6898,Tempranillo,4,2
Contino,Rioja Graciano,2011,FALSE,4.2,395,Rioja,Rioja,61.94,1.792,Rioja Red,4,3
Contino,Reserva,2016,FALSE,4.2,392,Rioja,Rioja,19.98,1.3006,Rioja Red,4,3
Conreria d'Scala Dei,Les Brugueres,2018,FALSE,4.2,390,Priorato,Priorato,16.76,1.2243,Priorat Red,4,3
Mustiguillo,Finca Terrerazo,2017,FALSE,4.2,390,El Terrerazo,El Terrerazo,24.45,1.3883,Red,4,3
Matarromera,Gran Reserva,2011,FALSE,4.2,389,Ribera del Duero,Ribera del Duero,64.5,1.8096,Ribera Del Duero Red,5,3
Sei Solo,Preludio,2016,FALSE,4.2,388,Ribera del Duero,Ribera del Duero,31.63,1.5001,Ribera Del Duero Red,5,3
Vinedos de Paganos,El Puntido,2005,FALSE,4.2,384,Rioja,Rioja,73.0,1.8633,Rioja Red,4,3
La Vicalanda,Reserva,2015,FALSE,4.2,420,Rioja,Rioja,17.5,1.243,Rioja Red,NA,NA
Enrique Mendoza,Santa Rosa,2017,FALSE,4.2,420,Alicante,Alicante,18.9,1.2765,Red,NA,NA
Clos Pons,Roc Nu,2011,FALSE,4.2,420,Costers del Segre,Costers del Segre,23.95,1.3793,Red,NA,NA
Sierra Cantabria,Coleccion Privada,2012,FALSE,4.2,420,Rioja,Rioja,28.3,1.4518,Rioja Red,NA,NA
Imperial,Rioja Reserva,2004,FALSE,4.2,417,Rioja,Rioja,45.0,1.6532,Rioja Red,NA,NA
Losada,Altos de Losada,2018,FALSE,4.2,415,Bierzo,Bierzo,17.9,1.2529,Mencia,NA,NA
Mar de Frades,Rias Baixas Albarino Finca Valinas,2015,FALSE,4.2,414,Rias Baixas,Rias Baixas,16.78,1.2248,Albarino,NA,NA
La Rioja Alta,Vina Alberdi Crianza,2018,FALSE,4.2,410,Rioja,Rioja,13.58,1.1329,Rioja Red,NA,NA
Bodegas La Horra,Corimbo I,2015,FALSE,4.2,412,Ribera del Duero,Ribera del Duero,37.9,1.5786,Ribera Del Duero Red,NA,NA
Vina Pedrosa,Gran Reserva,2011,FALSE,4.2,410,Ribera del Duero,Ribera del Duero,51.35,1.7105,Ribera Del Duero Red,NA,NA
Campillo,Gran Reserva Rioja,2012,FALSE,4.2,410,Rioja,Rioja,22.99,1.3615,Rioja Red,NA,NA
Ramon do Casar,Treixadura,2020,FALSE,4.2,407,Ribeiro,Ribeiro,11.95,1.0774,NA,NA,NA
Lustau,Candela Cream Dulce Sweet,,TRUE,4.2,405,Jerez-Xeres-Sherry,Jerez-Xeres-Sherry,7.1,0.8513,Sherry,NA,NA
Portal del Priorat,Clos del Portal Somni,2014,FALSE,4.2,404,Priorato,Priorato,77.36,1.8885,Priorat Red,NA,NA
Binigrau,Nounat,2020,FALSE,4.2,404,Mallorca,Mallorca,19.9,1.2989,NA,NA,NA
Ramon Bilbao,Mirto,2011,FALSE,4.2,402,Rioja,Rioja,28.53,1.4553,Rioja Red,NA,NA
Matsu,El Viejo,2019,FALSE,4.2,400,Toro,Toro,27.89,1.4454,Toro Red,NA,NA
Artadi,Valdegines,2016,FALSE,4.2,398,Vino de Espana,Vino de Espana,48.96,1.6898,Tempranillo,NA,NA
Contino,Rioja Graciano,2011,FALSE,4.2,395,Rioja,Rioja,61.94,1.792,Rioja Red,NA,NA
Contino,Reserva,2016,FALSE,4.2,392,Rioja,Rioja,19.98,1.3006,Rioja Red,NA,NA
Conreria d'Scala Dei,Les Brugueres,2018,FALSE,4.2,390,Priorato,Priorato,16.76,1.2243,Priorat Red,NA,NA
Mustiguillo,Finca Terrerazo,2017,FALSE,4.2,390,El Terrerazo,El Terrerazo,24.45,1.3883,Red,NA,NA
Matarromera,Gran Reserva,2011,FALSE,4.2,389,Ribera del Duero,Ribera del Duero,64.5,1.8096,Ribera Del Duero Red,NA,NA
Sei Solo,Preludio,2016,FALSE,4.2,388,Ribera del Duero,Ribera del Duero,31.63,1.5001,Ribera Del Duero Red,NA,NA
Vinedos de Paganos,El Puntido,2005,FALSE,4.2,384,Rioja,Rioja,73.0,1.8633,Rioja Red,NA,NA
La Vicalanda,Reserva,2015,FALSE,4.2,420,Rioja,Rioja,17.5,1.243,Rioja Red,4,3
Enrique Mendoza,Santa Rosa,2017,FALSE,4.2,420,Alicante,Alicante,18.9,1.2765,Red,4,3
Clos Pons,Roc Nu,2011,FALSE,4.2,420,Costers del Segre,Costers del Segre,23.95,1.3793,Red,4,3
Sierra Cantabria,Coleccion Privada,2012,FALSE,4.2,420,Rioja,Rioja,28.3,1.4518,Rioja Red,4,3
Imperial,Rioja Reserva,2004,FALSE,4.2,417,Rioja,Rioja,45.0,1.6532,Rioja Red,4,3
Losada,Altos de Losada,2018,FALSE,4.2,415,Bierzo,Bierzo,17.9,1.2529,Mencia,3,3
Mar de Frades,Rias Baixas Albarino Finca Valinas,2015,FALSE,4.2,414,Rias Baixas,Rias Baixas,16.78,1.2248,Albarino,3,3
La Rioja Alta,Vina Alberdi Crianza,2018,FALSE,4.2,410,Rioja,Rioja,13.58,1.1329,Rioja Red,4,3
Bodegas La Horra,Corimbo I,2015,FALSE,4.2,412,Ribera del Duero,Ribera del Duero,37.9,1.5786,Ribera Del Duero Red,5,3
Vina Pedrosa,Gran Reserva,2011,FALSE,4.2,410,Ribera del Duero,Ribera del Duero,51.35,1.7105,Ribera Del Duero Red,5,3
Campillo,Gran Reserva Rioja,2012,FALSE,4.2,410,Rioja,Rioja,22.99,1.3615,Rioja Red,4,3
Ramon do Casar,Treixadura,2020,FALSE,4.2,407,Ribeiro,Ribeiro,11.95,1.0774,NA,NA,NA
Lustau,Candela Cream Dulce Sweet,,TRUE,4.2,405,Jerez-Xeres-Sherry,Jerez-Xeres-Sherry,7.1,0.8513,Sherry,4,3
Portal del Priorat,Clos del Portal Somni,2014,FALSE,4.2,404,Priorato,Priorato,77.36,1.8885,Priorat Red,4,3
Binigrau,Nounat,2020,FALSE,4.2,404,Mallorca,Mallorca,19.9,1.2989,NA,NA,NA
Ramon Bilbao,Mirto,2011,FALSE,4.2,402,Rioja,Rioja,28.53,1.4553,Rioja Red,4,3
Matsu,El Viejo,2019,FALSE,4.2,400,Toro,Toro,27.89,1.4454,Toro Red,5,3
Artadi,Valdegines,2016,FALSE,4.2,398,Vino de Espana,Vino de Espana,48.96,1.6898,Tempranillo,4,2
Contino,Rioja Graciano,2011,FALSE,4.2,395,Rioja,Rioja,61.94,1.792,Rioja Red,4,3
Contino,Reserva,2016,FALSE,4.2,392,Rioja,Rioja,19.98,1.3006,Rioja Red,4,3
Conreria d'Scala Dei,Les Brugueres,2018,FALSE,4.2,390,Priorato,Priorato,16.76,1.2243,Priorat Red,4,3
Mustiguillo,Finca Terrerazo,2017,FALSE,4.2,390,El Terrerazo,El Terrerazo,24.45,1.3883,Red,4,3
Matarromera,Gran Reserva,2011,FALSE,4.2,389,Ribera del Duero,Ribera del Duero,64.5,1.8096,Ribera Del Duero Red,5,3
Sei Solo,Preludio,2016,FALSE,4.2,388,Ribera del Duero,Ribera del Duero,31.63,1.5001,Ribera Del Duero Red,5,3
Vinedos de Paganos,El Puntido,2005,FALSE,4.2,384,Rioja,Rioja,73.0,1.8633,Rioja Red,4,3
La Vicalanda,Reserva,2015,FALSE,4.2,420,Rioja,Rioja,17.5,1.243,Rioja Red,4,3
Enrique Mendoza,Santa Rosa,2017,FALSE,4.2,420,Alicante,Alicante,18.9,1.2765,Red,4,3
Clos Pons,Roc Nu,2011,FALSE,4.2,420,Costers del Segre,Costers del Segre,23.95,1.3793,Red,4,3
Sierra Cantabria,Coleccion Privada,2012,FALSE,4.2,420,Rioja,Rioja,28.3,1.4518,Rioja Red,4,3
Imperial,Rioja Reserva,2004,FALSE,4.2,417,Rioja,Rioja,45.0,1.6532,Rioja Red,4,3
Losada,Altos de Losada,2018,FALSE,4.2,415,Bierzo,Bierzo,17.9,1.2529,Mencia,3,3
Mar de Frades,Rias Baixas Albarino Finca Valinas,2015,FALSE,4.2,414,Rias Baixas,Rias Baixas,16.78,1.2248,Albarino,3,3
La Rioja Alta,Vina Alberdi Crianza,2018,FALSE,4.2,410,Rioja,Rioja,13.58,1.1329,Rioja Red,4,3
Bodegas La Horra,Corimbo I,2015,FALSE,4.2,412,Ribera del Duero,Ribera del Duero,37.9,1.5786,Ribera Del Duero Red,5,3
Vina Pedrosa,Gran Reserva,2011,FALSE,4.2,410,Ribera del Duero,Ribera del Duero,51.35,1.7105,Ribera Del Duero Red,5,3
Campillo,Gran Reserva Rioja,2012,FALSE,4.2,410,Rioja,Rioja,22.99,1.3615,Rioja Red,4,3
Ramon do Casar,Treixadura,2020,FALSE,4.2,407,Ribeiro,Ribeiro,11.95,1.0774,NA,NA,NA
Lustau,Candela Cream Dulce Sweet,,TRUE,4.2,405,Jerez-Xeres-Sherry,Jerez-Xeres-Sherry,7.1,0.8513,Sherry,4,3
Portal del Priorat,Clos del Portal Somni,2014,FALSE,4.2,404,Priorato,Priorato,77.36,1.8885,Priorat Red,4,3
Binigrau,Nounat,2020,FALSE,4.2,404,Mallorca,Mallorca,19.9,1.2989,NA,NA,NA
Ramon Bilbao,Mirto,2011,FALSE,4.2,402,Rioja,Rioja,28.53,1.4553,Rioja Red,4,3
Matsu,El Viejo,2019,FALSE,4.2,400,Toro,Toro,27.89,1.4454,Toro Red,5,3
Artadi,Valdegines,2016,FALSE,4.2,398,Vino de Espana,Vino de Espana,48.96,1.6898,Tempranillo,4,2
Contino,Rioja Graciano,2011,FALSE,4.2,395,Rioja,Rioja,61.94,1.792,Rioja Red,4,3
Contino,Reserva,2016,FALSE,4.2,392,Rioja,Rioja,19.98,1.3006,Rioja Red,4,3
Conreria d'Scala Dei,Les Brugueres,2018,FALSE,4.2,390,Priorato,Priorato,16.76,1.2243,Priorat Red,4,3
Mustiguillo,Finca Terrerazo,2017,FALSE,4.2,390,El Terrerazo,El Terrerazo,24.45,1.3883,Red,4,3
Matarromera,Gran Reserva,2011,FALSE,4.2,389,Ribera del Duero,Ribera del Duero,64.5,1.8096,Ribera Del Duero Red,5,3
Sei Solo,Preludio,2016,FALSE,4.2,388,Ribera del Duero,Ribera del Duero,31.63,1.5001,Ribera Del Duero Red,5,3
Vinedos de Paganos,El Puntido,2005,FALSE,4.2,384,Rioja,Rioja,73.0,1.8633,Rioja Red,4,3
La Vicalanda,Reserva,2015,FALSE,4.2,420,Rioja,Rioja,17.5,1.243,Rioja Red,4,3
Enrique Mendoza,Santa Rosa,2017,FALSE,4.2,420,Alicante,Alicante,18.9,1.2765,Red,4,3
Clos Pons,Roc Nu,2011,FALSE,4.2,420,Costers del Segre,Costers del Segre,23.95,1.3793,Red,4,3
Sierra Cantabria,Coleccion Privada,2012,FALSE,4.2,420,Rioja,Rioja,28.3,1.4518,Rioja Red,4,3
Imperial,Rioja Reserva,2004,FALSE,4.2,417,Rioja,Rioja,45.0,1.6532,Rioja Red,4,3
Losada,Altos de Losada,2018,FALSE,4.2,415,Bierzo,Bierzo,17.9,1.2529,Mencia,3,3
Mar de Frades,Rias Baixas Albarino Finca Valinas,2015,FALSE,4.2,414,Rias Baixas,Rias Baixas,16.78,1.2248,Albarino,3,3
La Rioja Alta,Vina Alberdi Crianza,2018,FALSE,4.2,410,Rioja,Rioja,13.58,1.1329,Rioja Red,4,3
Bodegas La Horra,Corimbo I,2015,FALSE,4.2,412,Ribera del Duero,Ribera del Duero,37.9,1.5786,Ribera Del Duero Red,5,3
Vina Pedrosa,Gran Reserva,2011,FALSE,4.2,410,Ribera del Duero,Ribera del Duero,51.35,1.7105,Ribera Del Duero Red,5,3
Campillo,Gran Reserva Rioja,2012,FALSE,4.2,410,Rioja,Rioja,22.99,1.3615,Rioja Red,4,3
Ramon do Casar,Treixadura,2020,FALSE,4.2,407,Ribeiro,Ribeiro,11.95,1.0774,NA,NA,NA
Lustau,Candela Cream Dulce Sweet,,TRUE,4.2,405,Jerez-Xeres-Sherry,Jerez-Xeres-Sherry,7.1,0.8513,Sherry,4,3
Portal del Priorat,Clos del Portal Somni,2014,FALSE,4.2,404,Priorato,Priorato,77.36,1.8885,Priorat Red,4,3
Binigrau,Nounat,2020,FALSE,4.2,404,Mallorca,Mallorca,19.9,1.2989,NA,NA,NA
Ramon Bilbao,Mirto,2011,FALSE,4.2,402,Rioja,Rioja,28.53,1.4553,Rioja Red,4,3
Matsu,El Viejo,2019,FALSE,4.2,400,Toro,Toro,27.89,1.4454,Toro Red,5,3
Artadi,Valdegines,2016,FALSE,4.2,398,Vino de Espana,Vino de Espana,48.96,1.6898,Tempranillo,4,2
Contino,Rioja Graciano,2011,FALSE,4.2,395,Rioja,Rioja,61.94,1.792,Rioja Red,4,3
Contino,Reserva,2016,FALSE,4.2,392,Rioja,Rioja,19.98,1.3006,Rioja Red,4,3
Conreria d'Scala Dei,Les Brugueres,2018,FALSE,4.2,390,Priorato,Priorato,16.76,1.2243,Priorat Red,4,3
Mustiguillo,Finca Terrerazo,2017,FALSE,4.2,390,El Terrerazo,El Terrerazo,24.45,1.3883,Red,4,3
Matarromera,Gran Reserva,2011,FALSE,4.2,389,Ribera del Duero,Ribera del Duero,64.5,1.8096,Ribera Del Duero Red,5,3
Sei Solo,Preludio,2016,FALSE,4.2,388,Ribera del Duero,Ribera del Duero,31.63,1.5001,Ribera Del Duero Red,5,3
Vinedos de Paganos,El Puntido,2005,FALSE,4.2,384,Rioja,Rioja,73.0,1.8633,Rioja Red,4,3
La Vicalanda,Reserva,2015,FALSE,4.2,420,Rioja,Rioja,17.5,1.243,Rioja Red,4,3
Enrique Mendoza,Santa Rosa,2017,FALSE,4.2,420,Alicante,Alicante,18.9,1.2765,Red,4,3
Clos Pons,Roc Nu,2011,FALSE,4.2,420,Costers del Segre,Costers del Segre,23.95,1.3793,Red,4,3
Sierra Cantabria,Coleccion Privada,2012,FALSE,4.2,420,Rioja,Rioja,28.3,1.4518,Rioja Red,4,3
Imperial,Rioja Reserva,2004,FALSE,4.2,417,Rioja,Rioja,45.0,1.6532,Rioja Red,4,3
Losada,Altos de Losada,2018,FALSE,4.2,415,Bierzo,Bierzo,17.9,1.2529,Mencia,3,3
Mar de Frades,Rias Baixas Albarino Finca Valinas,2015,FALSE,4.2,414,Rias Baixas,Rias Baixas,16.78,1.2248,Albarino,3,3
La Rioja Alta,Vina Alberdi Crianza,2018,FALSE,4.2,410,Rioja,Rioja,13.58,1.1329,Rioja Red,4,3
Bodegas La Horra,Corimbo I,2015,FALSE,4.2,412,Ribera del Duero,Ribera del Duero,37.9,1.5786,Ribera Del Duero Red,5,3
Vina Pedrosa,Gran Reserva,2011,FALSE,4.2,410,Ribera del Duero,Ribera del Duero,51.35,1.7105,Ribera Del Duero Red,5,3
Campillo,Gran Reserva Rioja,2012,FALSE,4.2,410,Rioja,Rioja,22.99,1.3615,Rioja Red,4,3
Ramon do Casar,Treixadura,2020,FALSE,4.2,407,Ribeiro,Ribeiro,11.95,1.0774,NA,NA,NA
Lustau,Candela Cream Dulce Sweet,,TRUE,4.2,405,Jerez-Xeres-Sherry,Jerez-Xeres-Sherry,7.1,0.8513,Sherry,4,3
Portal del Priorat,Clos del Portal Somni,2014,FALSE,4.2,404,Priorato,Priorato,77.36,1.8885,Priorat Red,4,3
Binigrau,Nounat,2020,FALSE,4.2,404,Mallorca,Mallorca,19.9,1.2989,NA,NA,NA
Ramon Bilbao,Mirto,2011,FALSE,4.2,402,Rioja,Rioja,28.53,1.4553,Rioja Red,4,3
Matsu,El Viejo,2019,FALSE,4.2,400,Toro,Toro,27.89,1.4454,Toro Red,5,3
Artadi,Valdegines,2016,FALSE,4.2,398,Vino de Espana,Vino de Espana,48.96,1.6898,Tempranillo,4,2
Contino,Rioja Graciano,2011,FALSE,4.2,395,Rioja,Rioja,61.94,1.792,Rioja Red,4,3
Contino,Reserva,2016,FALSE,4.2,392,Rioja,Rioja,19.98,1.3006,Rioja Red,4,3
Conreria d'Scala Dei,Les Brugueres,2018,FALSE,4.2,390,Priorato,Priorato,16.76,1.2243,Priorat Red,4,3
Mustiguillo,Finca Terrerazo,2017,FALSE,4.2,390,El Terrerazo,El Terrerazo,24.45,1.3883,Red,4,3
Matarromera,Gran Reserva,2011,FALSE,4.2,389,Ribera del Duero,Ribera del Duero,64.5,1.8096,Ribera Del Duero Red,5,3
Sei Solo,Preludio,2016,FALSE,4.2,388,Ribera del Duero,Ribera del Duero,31.63,1.5001,Ribera Del Duero Red,5,3
Vinedos de Paganos,El Puntido,2005,FALSE,4.2,384,Rioja,Rioja,73.0,1.8633,Rioja Red,4,3
La Vicalanda,Reserva,2015,FALSE,4.2,420,Rioja,Rioja,17.5,1.243,Rioja Red,4,3
Enrique Mendoza,Santa Rosa,2017,FALSE,4.2,420,Alicante,Alicante,18.9,1.2765,Red,4,3
Clos Pons,Roc Nu,2011,FALSE,4.2,420,Costers del Segre,Costers del Segre,23.95,1.3793,Red,4,3
Sierra Cantabria,Coleccion Privada,2012,FALSE,4.2,420,Rioja,Rioja,28.3,1.4518,Rioja Red,4,3
Imperial,Rioja Reserva,2004,FALSE,4.2,417,Rioja,Rioja,45.0,1.6532,Rioja Red,4,3
Losada,Altos de Losada,2018,FALSE,4.2,415,Bierzo,Bierzo,17.9,1.2529,Mencia,3,3
Mar de Frades,Rias Baixas Albarino Finca Valinas,2015,FALSE,4.2,414,Rias Baixas,Rias Baixas,16.78,1.2248,Albarino,3,3
La Rioja Alta,Vina Alberdi Crianza,2018,FALSE,4.2,410,Rioja,Rioja,13.58,1.1329,Rioja Red,4,3
Bodegas La Horra,Corimbo I,2015,FALSE,4.2,412,Ribera del Duero,Ribera del Duero,37.9,1.5786,Ribera Del Duero Red,5,3
Vina Pedrosa,Gran Reserva,2011,FALSE,4.2,410,Ribera del Duero,Ribera del Duero,51.35,1.7105,Ribera Del Duero Red,5,3
Campillo,Gran Reserva Rioja,2012,FALSE,4.2,410,Rioja,Rioja,22.99,1.3615,Rioja Red,4,3
Ramon do Casar,Treixadura,2020,FALSE,4.2,407,Ribeiro,Ribeiro,11.95,1.0774,NA,NA,NA
Lustau,Candela Cream Dulce Sweet,,TRUE,4.2,405,Jerez-Xeres-Sherry,Jerez-Xeres-Sherry,7.1,0.8513,Sherry,4,3
Portal del Priorat,Clos del Portal Somni,2014,FALSE,4.2,404,Priorato,Priorato,77.36,1.8885,Priorat Red,4,3
Binigrau,Nounat,2020,FALSE,4.2,404,Mallorca,Mallorca,19.9,1.2989,NA,NA,NA
Ramon Bilbao,Mirto,2011,FALSE,4.2,402,Rioja,Rioja,28.53,1.4553,Rioja Red,4,3
Matsu,El Viejo,2019,FALSE,4.2,400,Toro,Toro,27.89,1.4454,Toro Red,5,3
Artadi,Valdegines,2016,FALSE,4.2,398,Vino de Espana,Vino de Espana,48.96,1.6898,Tempranillo,4,2
Contino,Rioja Graciano,2011,FALSE,4.2,395,Rioja,Rioja,61.94,1.792,Rioja Red,4,3
Contino,Reserva,2016,FALSE,4.2,392,Rioja,Rioja,19.98,1.3006,Rioja Red,4,3
Conreria d'Scala Dei,Les Brugueres,2018,FALSE,4.2,390,Priorato,Priorato,16.76,1.2243,Priorat Red,4,3
Mustiguillo,Finca Terrerazo,2017,FALSE,4.2,390,El Terrerazo,El Terrerazo,24.45,1.3883,Red,4,3
Matarromera,Gran Reserva,2011,FALSE,4.2,389,Ribera del Duero,Ribera del Duero,64.5,1.8096,Ribera Del Duero Red,5,3
Sei Solo,Preludio,2016,FALSE,4.2,388,Ribera del Duero,Ribera del Duero,31.63,1.5001,Ribera Del Duero Red,5,3
Vinedos de Paganos,El Puntido,2005,FALSE,4.2,384,Rioja,Rioja,73.0,1.8633,Rioja Red,4,3
La Vicalanda,Reserva,2015,FALSE,4.2,420,Rioja,Rioja,17.5,1.243,Rioja Red,4,3
Enrique Mendoza,Santa Rosa,2017,FALSE,4.2,420,Alicante,Alicante,18.9,1.2765,Red,4,3
Clos Pons,Roc Nu,2011,FALSE,4.2,420,Costers del Segre,Costers del Segre,23.95,1.3793,Red,4,3
Sierra Cantabria,Coleccion Privada,2012,FALSE,4.2,420,Rioja,Rioja,28.3,1.4518,Rioja Red,4,3
Imperial,Rioja Reserva,2004,FALSE,4.2,417,Rioja,Rioja,45.0,1.6532,Rioja Red,4,3
Losada,Altos de Losada,2018,FALSE,4.2,415,Bierzo,Bierzo,17.9,1.2529,Mencia,3,3
Mar de Frades,Rias Baixas Albarino Finca Valinas,2015,FALSE,4.2,414,Rias Baixas,Rias Baixas,16.78,1.2248,Albarino,3,3
La Rioja Alta,Vina Alberdi Crianza,2018,FALSE,4.2,410,Rioja,Rioja,13.58,1.1329,Rioja Red,4,3
Bodegas La Horra,Corimbo I,2015,FALSE,4.2,412,Ribera del Duero,Ribera del Duero,37.9,1.5786,Ribera Del Duero Red,5,3
Vina Pedrosa,Gran Reserva,2011,FALSE,4.2,410,Ribera del Duero,Ribera del Duero,51.35,1.7105,Ribera Del Duero Red,5,3
Campillo,Gran Reserva Rioja,2012,FALSE,4.2,410,Rioja,Rioja,22.99,1.3615,Rioja Red,4,3
Ramon do Casar,Treixadura,2020,FALSE,4.2,407,Ribeiro,Ribeiro,11.95,1.0774,NA,NA,NA
Lustau,Candela Cream Dulce Sweet,,TRUE,4.2,405,Jerez-Xeres-Sherry,Jerez-Xeres-Sherry,7.1,0.8513,Sherry,4,3
Portal del Priorat,Clos del Portal Somni,2014,FALSE,4.2,404,Priorato,Priorato,77.36,1.8885,Priorat Red,4,3
Binigrau,Nounat,2020,FALSE,4.2,404,Mallorca,Mallorca,19.9,1.2989,NA,NA,NA
Ramon Bilbao,Mirto,2011,FALSE,4.2,402,Rioja,Rioja,28.53,1.4553,Rioja Red,4,3
Matsu,El Viejo,2019,FALSE,4.2,400,Toro,Toro,27.89,1.4454,Toro Red,5,3
Artadi,Valdegines,2016,FALSE,4.2,398,Vino de Espana,Vino de Espana,48.96,1.6898,Tempranillo,4,2
Contino,Rioja Graciano,2011,FALSE,4.2,395,Rioja,Rioja,61.94,1.792,Rioja Red,4,3
Contino,Reserva,2016,FALSE,4.2,392,Rioja,Rioja,19.98,1.3006,Rioja Red,4,3
Conreria d'Scala Dei,Les Brugueres,2018,FALSE,4.2,390,Priorato,Priorato,16.76,1.2243,Priorat Red,4,3
Mustiguillo,Finca Terrerazo,2017,FALSE,4.2,390,El Terrerazo,El Terrerazo,24.45,1.3883,Red,4,3
Matarromera,Gran Reserva,2011,FALSE,4.2,389,Ribera del Duero,Ribera del Duero,64.5,1.8096,Ribera Del Duero Red,5,3
Sei Solo,Preludio,2016,FALSE,4.2,388,Ribera del Duero,Ribera del Duero,31.63,1.5001,Ribera Del Duero Red,5,3
Vinedos de Paganos,El Puntido,2005,FALSE,4.2,384,Rioja,Rioja,73.0,1.8633,Rioja Red,4,3
La Vicalanda,Reserva,2015,FALSE,4.2,420,Rioja,Rioja,17.5,1.243,Rioja Red,4,3
Enrique Mendoza,Santa Rosa,2017,FALSE,4.2,420,Alicante,Alicante,18.9,1.2765,Red,4,3
Clos Pons,Roc Nu,2011,FALSE,4.2,420,Costers del Segre,Costers del Segre,23.95,1.3793,Red,4,3
Sierra Cantabria,Coleccion Privada,2012,FALSE,4.2,420,Rioja,Rioja,28.3,1.4518,Rioja Red,4,3
Imperial,Rioja Reserva,2004,FALSE,4.2,417,Rioja,Rioja,45.0,1.6532,Rioja Red,4,3
Losada,Altos de Losada,2018,FALSE,4.2,415,Bierzo,Bierzo,17.9,1.2529,Mencia,3,3
Mar de Frades,Rias Baixas Albarino Finca Valinas,2015,FALSE,4.2,414,Rias Baixas,Rias Baixas,16.78,1.2248,Albarino,3,3
La Rioja Alta,Vina Alberdi Crianza,2018,FALSE,4.2,410,Rioja,Rioja,13.58,1.1329,Rioja Red,4,3
Bodegas La Horra,Corimbo I,2015,FALSE,4.2,412,Ribera del Duero,Ribera del Duero,37.9,1.5786,Ribera Del Duero Red,5,3
Vina Pedrosa,Gran Reserva,2011,FALSE,4.2,410,Ribera del Duero,Ribera del Duero,51.35,1.7105,Ribera Del Duero Red,5,3
Campillo,Gran Reserva Rioja,2012,FALSE,4.2,410,Rioja,Rioja,22.99,1.3615,Rioja Red,4,3
Ramon do Casar,Treixadura,2020,FALSE,4.2,407,Ribeiro,Ribeiro,11.95,1.0774,NA,NA,NA
Lustau,Candela Cream Dulce Sweet,,TRUE,4.2,405,Jerez-Xeres-Sherry,Jerez-Xeres-Sherry,7.1,0.8513,Sherry,4,3
Portal del Priorat,Clos del Portal Somni,2014,FALSE,4.2,404,Priorato,Priorato,77.36,1.8885,Priorat Red,4,3
Binigrau,Nounat,2020,FALSE,4.2,404,Mallorca,Mallorca,19.9,1.2989,NA,NA,NA
Ramon Bilbao,Mirto,2011,FALSE,4.2,402,Rioja,Rioja,28.53,1.4553,Rioja Red,4,3
Matsu,El Viejo,2019,FALSE,4.2,400,Toro,Toro,27.89,1.4454,Toro Red,5,3
Artadi,Valdegines,2016,FALSE,4.2,398,Vino de Espana,Vino de Espana,48.96,1.6898,Tempranillo,4,2
Contino,Rioja Graciano,2011,FALSE,4.2,395,Rioja,Rioja,61.94,1.792,Rioja Red,4,3
Contino,Reserva,2016,FALSE,4.2,392,Rioja,Rioja,19.98,1.3006,Rioja Red,4,3
Conreria d'Scala Dei,Les Brugueres,2018,FALSE,4.2,390,Priorato,Priorato,16.76,1.2243,Priorat Red,4,3
Mustiguillo,Finca Terrerazo,2017,FALSE,4.2,390,El Terrerazo,El Terrerazo,24.45,1.3883,Red,4,3
Matarromera,Gran Reserva,2011,FALSE,4.2,389,Ribera del Duero,Ribera del Duero,64.5,1.8096,Ribera Del Duero Red,5,3
Sei Solo,Preludio,2016,FALSE,4.2,388,Ribera del Duero,Ribera del Duero,31.63,1.5001,Ribera Del Duero Red,5,3
Vinedos de Paganos,El Puntido,2005,FALSE,4.2,384,Rioja,Rioja,73.0,1.8633,Rioja Red,4,3
La Vicalanda,Reserva,2015,FALSE,4.2,420,Rioja,Rioja,17.5,1.243,Rioja Red,NA,NA
Enrique Mendoza,Santa Rosa,2017,FALSE,4.2,420,Alicante,Alicante,18.9,1.2765,Red,NA,NA
Clos Pons,Roc Nu,2011,FALSE,4.2,420,Costers del Segre,Costers del Segre,23.95,1.3793,Red,NA,NA
Sierra Cantabria,Coleccion Privada,2012,FALSE,4.2,420,Rioja,Rioja,28.3,1.4518,Rioja Red,NA,NA
Imperial,Rioja Reserva,2004,FALSE,4.2,417,Rioja,Rioja,45.0,1.6532,Rioja Red,NA,NA
Losada,Altos de Losada,2018,FALSE,4.2,415,Bierzo,Bierzo,17.9,1.2529,Mencia,NA,NA
Mar de Frades,Rias Baixas Albarino Finca Valinas,2015,FALSE,4.2,414,Rias Baixas,Rias Baixas,16.78,1.2248,Albarino,NA,NA
La Rioja Alta,Vina Alberdi Crianza,2018,FALSE,4.2,410,Rioja,Rioja,13.58,1.1329,Rioja Red,NA,NA
Bodegas La Horra,Corimbo I,2015,FALSE,4.2,412,Ribera del Duero,Ribera del Duero,37.9,1.5786,Ribera Del Duero Red,NA,NA
Vina Pedrosa,Gran Reserva,2011,FALSE,4.2,410,Ribera del Duero,Ribera del Duero,51.35,1.7105,Ribera Del Duero Red,NA,NA
Campillo,Gran Reserva Rioja,2012,FALSE,4.2,410,Rioja,Rioja,22.99,1.3615,Rioja Red,NA,NA
Ramon do Casar,Treixadura,2020,FALSE,4.2,407,Ribeiro,Ribeiro,11.95,1.0774,NA,NA,NA
Lustau,Candela Cream Dulce Sweet,,TRUE,4.2,405,Jerez-Xeres-Sherry,Jerez-Xeres-Sherry,7.1,0.8513,Sherry,NA,NA
Portal del Priorat,Clos del Portal Somni,2014,FALSE,4.2,404,Priorato,Priorato,77.36,1.8885,Priorat Red,NA,NA
Binigrau,Nounat,2020,FALSE,4.2,404,Mallorca,Mallorca,19.9,1.2989,NA,NA,NA
Ramon Bilbao,Mirto,2011,FALSE,4.2,402,Rioja,Rioja,28.53,1.4553,Rioja Red,NA,NA
Matsu,El Viejo,2019,FALSE,4.2,400,Toro,Toro,27.89,1.4454,Toro Red,NA,NA
Artadi,Valdegines,2016,FALSE,4.2,398,Vino de Espana,Vino de Espana,48.96,1.6898,Tempranillo,NA,NA
Contino,Rioja Graciano,2011,FALSE,4.2,395,Rioja,Rioja,61.94,1.792,Rioja Red,NA,NA
Contino,Reserva,2016,FALSE,4.2,392,Rioja,Rioja,19.98,1.3006,Rioja Red,NA,NA
Conreria d'Scala Dei,Les Brugueres,2018,FALSE,4.2,390,Priorato,Priorato,16.76,1.2243,Priorat Red,NA,NA
Mustiguillo,Finca Terrerazo,2017,FALSE,4.2,390,El Terrerazo,El Terrerazo,24.45,1.3883,Red,NA,NA
Matarromera,Gran Reserva,2011,FALSE,4.2,389,Ribera del Duero,Ribera del Duero,64.5,1.8096,Ribera Del Duero Red,NA,NA
Sei Solo,Preludio,2016,FALSE,4.2,388,Ribera del Duero,Ribera del Duero,31.63,1.5001,Ribera Del Duero Red,NA,NA
Vinedos de Paganos,El Puntido,2005,FALSE,4.2,384,Rioja,Rioja,73.0,1.8633,Rioja Red,NA,NA
La Vicalanda,Reserva,2015,FALSE,4.2,420,Rioja,Rioja,17.5,1.243,Rioja Red,NA,NA
Enrique Mendoza,Santa Rosa,2017,FALSE,4.2,420,Alicante,Alicante,18.9,1.2765,Red,NA,NA
Clos Pons,Roc Nu,2011,FALSE,4.2,420,Costers del Segre,Costers del Segre,23.95,1.3793,Red,NA,NA
Sierra Cantabria,Coleccion Privada,2012,FALSE,4.2,420,Rioja,Rioja,28.3,1.4518,Rioja Red,NA,NA
Imperial,Rioja Reserva,2004,FALSE,4.2,417,Rioja,Rioja,45.0,1.6532,Rioja Red,NA,NA
Losada,Altos de Losada,2018,FALSE,4.2,415,Bierzo,Bierzo,17.9,1.2529,Mencia,NA,NA
Mar de Frades,Rias Baixas Albarino Finca Valinas,2015,FALSE,4.2,414,Rias Baixas,Rias Baixas,16.78,1.2248,Albarino,NA,NA
La Rioja Alta,Vina Alberdi Crianza,2018,FALSE,4.2,410,Rioja,Rioja,13.58,1.1329,Rioja Red,NA,NA
Bodegas La Horra,Corimbo I,2015,FALSE,4.2,412,Ribera del Duero,Ribera del Duero,37.9,1.5786,Ribera Del Duero Red,NA,NA
Vina Pedrosa,Gran Reserva,2011,FALSE,4.2,410,Ribera del Duero,Ribera del Duero,51.35,1.7105,Ribera Del Duero Red,NA,NA
Campillo,Gran Reserva Rioja,2012,FALSE,4.2,410,Rioja,Rioja,22.99,1.3615,Rioja Red,NA,NA
Ramon do Casar,Treixadura,2020,FALSE,4.2,407,Ribeiro,Ribeiro,11.95,1.0774,NA,NA,NA
Lustau,Candela Cream Dulce Sweet,,TRUE,4.2,405,Jerez-Xeres-Sherry,Jerez-Xeres-Sherry,7.1,0.8513,Sherry,NA,NA
Portal del Priorat,Clos del Portal Somni,2014,FALSE,4.2,404,Priorato,Priorato,77.36,1.8885,Priorat Red,NA,NA
Binigrau,Nounat,2020,FALSE,4.2,404,Mallorca,Mallorca,19.9,1.2989,NA,NA,NA
Ramon Bilbao,Mirto,2011,FALSE,4.2,402,Rioja,Rioja,28.53,1.4553,Rioja Red,NA,NA
Matsu,El Viejo,2019,FALSE,4.2,400,Toro,Toro,27.89,1.4454,Toro Red,NA,NA
Artadi,Valdegines,2016,FALSE,4.2,398,Vino de Espana,Vino de Espana,48.96,1.6898,Tempranillo,NA,NA
Contino,Rioja Graciano,2011,FALSE,4.2,395,Rioja,Rioja,61.94,1.792,Rioja Red,NA,NA
Contino,Reserva,2016,FALSE,4.2,392,Rioja,Rioja,19.98,1.3006,Rioja Red,NA,NA
Conreria d'Scala Dei,Les Brugueres,2018,FALSE,4.2,390,Priorato,Priorato,16.76,1.2243,Priorat Red,NA,NA
Mustiguillo,Finca Terrerazo,2017,FALSE,4.2,390,El Terrerazo,El Terrerazo,24.45,1.3883,Red,NA,NA
Matarromera,Gran Reserva,2011,FALSE,4.2,389,Ribera del Duero,Ribera del Duero,64.5,1.8096,Ribera Del Duero Red,NA,NA
Sei Solo,Preludio,2016,FALSE,4.2,388,Ribera del Duero,Ribera del Duero,31.63,1.5001,Ribera Del Duero Red,NA,NA
Vinedos de Paganos,El Puntido,2005,FALSE,4.2,384,Rioja,Rioja,73.0,1.8633,Rioja Red,NA,NA
La Vicalanda,Reserva,2015,FALSE,4.2,420,Rioja,Rioja,17.5,1.243,Rioja Red,4,3
Enrique Mendoza,Santa Rosa,2017,FALSE,4.2,420,Alicante,Alicante,18.9,1.2765,Red,4,3
Clos Pons,Roc Nu,2011,FALSE,4.2,420,Costers del Segre,Costers del Segre,23.95,1.3793,Red,4,3
Sierra Cantabria,Coleccion Privada,2012,FALSE,4.2,420,Rioja,Rioja,28.3,1.4518,Rioja Red,4,3
Imperial,Rioja Reserva,2004,FALSE,4.2,417,Rioja,Rioja,45.0,1.6532,Rioja Red,4,3
Losada,Altos de Losada,2018,FALSE,4.2,415,Bierzo,Bierzo,17.9,1.2529,Mencia,3,3
Mar de Frades,Rias Baixas Albarino Finca Valinas,2015,FALSE,4.2,414,Rias Baixas,Rias Baixas,16.78,1.2248,Albarino,3,3
La Rioja Alta,Vina Alberdi Crianza,2018,FALSE,4.2,410,Rioja,Rioja,13.58,1.1329,Rioja Red,4,3
Bodegas La Horra,Corimbo I,2015,FALSE,4.2,412,Ribera del Duero,Ribera del Duero,37.9,1.5786,Ribera Del Duero Red,5,3
Vina Pedrosa,Gran Reserva,2011,FALSE,4.2,410,Ribera del Duero,Ribera del Duero,51.35,1.7105,Ribera Del Duero Red,5,3
Campillo,Gran Reserva Rioja,2012,FALSE,4.2,410,Rioja,Rioja,22.99,1.3615,Rioja Red,4,3
Ramon do Casar,Treixadura,2020,FALSE,4.2,407,Ribeiro,Ribeiro,11.95,1.0774,NA,NA,NA
Lustau,Candela Cream Dulce Sweet,,TRUE,4.2,405,Jerez-Xeres-Sherry,Jerez-Xeres-Sherry,7.1,0.8513,Sherry,4,3
Portal del Priorat,Clos del Portal Somni,2014,FALSE,4.2,404,Priorato,Priorato,77.36,1.8885,Priorat Red,4,3
Binigrau,Nounat,2020,FALSE,4.2,404,Mallorca,Mallorca,19.9,1.2989,NA,NA,NA
Ramon Bilbao,Mirto,2011,FALSE,4.2,402,Rioja,Rioja,28.53,1.4553,Rioja Red,4,3
Matsu,El Viejo,2019,FALSE,4.2,400,Toro,Toro,27.89,1.4454,Toro Red,5,3
Artadi,Valdegines,2016,FALSE,4.2,398,Vino de Espana,Vino de Espana,48.96,1.6898,Tempranillo,4,2
Contino,Rioja Graciano,2011,FALSE,4.2,395,Rioja,Rioja,61.94,1.792,Rioja Red,4,3
Contino,Reserva,2016,FALSE,4.2,392,Rioja,Rioja,19.98,1.3006,Rioja Red,4,3
Conreria d'Scala Dei,Les Brugueres,2018,FALSE,4.2,390,Priorato,Priorato,16.76,1.2243,Priorat Red,4,3
Mustiguillo,Finca Terrerazo,2017,FALSE,4.2,390,El Terrerazo,El Terrerazo,24.45,1.3883,Red,4,3
Matarromera,Gran Reserva,2011,FALSE,4.2,389,Ribera del Duero,Ribera del Duero,64.5,1.8096,Ribera Del Duero Red,5,3
Sei Solo,Preludio,2016,FALSE,4.2,388,Ribera del Duero,Ribera del Duero,31.63,1.5001,Ribera Del Duero Red,5,3
Vinedos de Paganos,El Puntido,2005,FALSE,4.2,384,Rioja,Rioja,73.0,1.8633,Rioja Red,4,3
La Vicalanda,Reserva,2015,FALSE,4.2,420,Rioja,Rioja,17.5,1.243,Rioja Red,4,3
Enrique Mendoza,Santa Rosa,2017,FALSE,4.2,420,Alicante,Alicante,18.9,1.2765,Red,4,3
Clos Pons,Roc Nu,2011,FALSE,4.2,420,Costers del Segre,Costers del Segre,23.95,1.3793,Red,4,3
Sierra Cantabria,Coleccion Privada,2012,FALSE,4.2,420,Rioja,Rioja,28.3,1.4518,Rioja Red,4,3
Imperial,Rioja Reserva,2004,FALSE,4.2,417,Rioja,Rioja,45.0,1.6532,Rioja Red,4,3
Losada,Altos de Losada,2018,FALSE,4.2,415,Bierzo,Bierzo,17.9,1.2529,Mencia,3,3
Mar de Frades,Rias Baixas Albarino Finca Valinas,2015,FALSE,4.2,414,Rias Baixas,Rias Baixas,16.78,1.2248,Albarino,3,3
La Rioja Alta,Vina Alberdi Crianza,2018,FALSE,4.2,410,Rioja,Rioja,13.58,1.1329,Rioja Red,4,3
Bodegas La Horra,Corimbo I,2015,FALSE,4.2,412,Ribera del Duero,Ribera del Duero,37.9,1.5786,Ribera Del Duero Red,5,3
Vina Pedrosa,Gran Reserva,2011,FALSE,4.2,410,Ribera del Duero,Ribera del Duero,51.35,1.7105,Ribera Del Duero Red,5,3
Campillo,Gran Reserva Rioja,2012,FALSE,4.2,410,Rioja,Rioja,22.99,1.3615,Rioja Red,4,3
Ramon do Casar,Treixadura,2020,FALSE,4.2,407,Ribeiro,Ribeiro,11.95,1.0774,NA,NA,NA
Lustau,Candela Cream Dulce Sweet,,TRUE,4.2,405,Jerez-Xeres-Sherry,Jerez-Xeres-Sherry,7.1,0.8513,Sherry,4,3
Portal del Priorat,Clos del Portal Somni,2014,FALSE,4.2,404,Priorato,Priorato,77.36,1.8885,Priorat Red,4,3
Binigrau,Nounat,2020,FALSE,4.2,404,Mallorca,Mallorca,19.9,1.2989,NA,NA,NA
Ramon Bilbao,Mirto,2011,FALSE,4.2,402,Rioja,Rioja,28.53,1.4553,Rioja Red,4,3
Matsu,El Viejo,2019,FALSE,4.2,400,Toro,Toro,27.89,1.4454,Toro Red,5,3
Artadi,Valdegines,2016,FALSE,4.2,398,Vino de Espana,Vino de Espana,48.96,1.6898,Tempranillo,4,2
Contino,Rioja Graciano,2011,FALSE,4.2,395,Rioja,Rioja,61.94,1.792,Rioja Red,4,3
Contino,Reserva,2016,FALSE,4.2,392,Rioja,Rioja,19.98,1.3006,Rioja Red,4,3
Conreria d'Scala Dei,Les Brugueres,2018,FALSE,4.2,390,Priorato,Priorato,16.76,1.2243,Priorat Red,4,3
Mustiguillo,Finca Terrerazo,2017,FALSE,4.2,390,El Terrerazo,El Terrerazo,24.45,1.3883,Red,4,3
Matarromera,Gran Reserva,2011,FALSE,4.2,389,Ribera del Duero,Ribera del Duero,64.5,1.8096,Ribera Del Duero Red,5,3
Sei Solo,Preludio,2016,FALSE,4.2,388,Ribera del Duero,Ribera del Duero,31.63,1.5001,Ribera Del Duero Red,5,3
Vinedos de Paganos,El Puntido,2005,FALSE,4.2,384,Rioja,Rioja,73.0,1.8633,Rioja Red,4,3
La Vicalanda,Reserva,2015,FALSE,4.2,420,Rioja,Rioja,17.5,1.243,Rioja Red,4,3
Enrique Mendoza,Santa Rosa,2017,FALSE,4.2,420,Alicante,Alicante,18.9,1.2765,Red,4,3
Clos Pons,Roc Nu,2011,FALSE,4.2,420,Costers del Segre,Costers del Segre,23.95,1.3793,Red,4,3
Sierra Cantabria,Coleccion Privada,2012,FALSE,4.2,420,Rioja,Rioja,28.3,1.4518,Rioja Red,4,3
Imperial,Rioja Reserva,2004,FALSE,4.2,417,Rioja,Rioja,45.0,1.6532,Rioja Red,4,3
Losada,Altos de Losada,2018,FALSE,4.2,415,Bierzo,Bierzo,17.9,1.2529,Mencia,3,3
Mar de Frades,Rias Baixas Albarino Finca Valinas,2015,FALSE,4.2,414,Rias Baixas,Rias Baixas,16.78,1.2248,Albarino,3,3
La Rioja Alta,Vina Alberdi Crianza,2018,FALSE,4.2,410,Rioja,Rioja,13.58,1.1329,Rioja Red,4,3
Bodegas La Horra,Corimbo I,2015,FALSE,4.2,412,Ribera del Duero,Ribera del Duero,37.9,1.5786,Ribera Del Duero Red,5,3
Vina Pedrosa,Gran Reserva,2011,FALSE,4.2,410,Ribera del Duero,Ribera del Duero,51.35,1.7105,Ribera Del Duero Red,5,3
Campillo,Gran Reserva Rioja,2012,FALSE,4.2,410,Rioja,Rioja,22.99,1.3615,Rioja Red,4,3
Ramon do Casar,Treixadura,2020,FALSE,4.2,407,Ribeiro,Ribeiro,11.95,1.0774,NA,NA,NA
Lustau,Candela Cream Dulce Sweet,,TRUE,4.2,405,Jerez-Xeres-Sherry,Jerez-Xeres-Sherry,7.1,0.8513,Sherry,4,3
Portal del Priorat,Clos del Portal Somni,2014,FALSE,4.2,404,Priorato,Priorato,77.36,1.8885,Priorat Red,4,3
Binigrau,Nounat,2020,FALSE,4.2,404,Mallorca,Mallorca,19.9,1.2989,NA,NA,NA
Ramon Bilbao,Mirto,2011,FALSE,4.2,402,Rioja,Rioja,28.53,1.4553,Rioja Red,4,3
Matsu,El Viejo,2019,FALSE,4.2,400,Toro,Toro,27.89,1.4454,Toro Red,5,3
Artadi,Valdegines,2016,FALSE,4.2,398,Vino de Espana,Vino de Espana,48.96,1.6898,Tempranillo,4,2
Contino,Rioja Graciano,2011,FALSE,4.2,395,Rioja,Rioja,61.94,1.792,Rioja Red,4,3
Contino,Reserva,2016,FALSE,4.2,392,Rioja,Rioja,19.98,1.3006,Rioja Red,4,3
Conreria d'Scala Dei,Les Brugueres,2018,FALSE,4.2,390,Priorato,Priorato,16.76,1.2243,Priorat Red,4,3
Mustiguillo,Finca Terrerazo,2017,FALSE,4.2,390,El Terrerazo,El Terrerazo,24.45,1.3883,Red,4,3
Matarromera,Gran Reserva,2011,FALSE,4.2,389,Ribera del Duero,Ribera del Duero,64.5,1.8096,Ribera Del Duero Red,5,3
Sei Solo,Preludio,2016,FALSE,4.2,388,Ribera del Duero,Ribera del Duero,31.63,1.5001,Ribera Del Duero Red,5,3
Vinedos de Paganos,El Puntido,2005,FALSE,4.2,384,Rioja,Rioja,73.0,1.8633,Rioja Red,4,3
La Vicalanda,Reserva,2015,FALSE,4.2,420,Rioja,Rioja,17.5,1.243,Rioja Red,4,3
Enrique Mendoza,Santa Rosa,2017,FALSE,4.2,420,Alicante,Alicante,18.9,1.2765,Red,4,3
Clos Pons,Roc Nu,2011,FALSE,4.2,420,Costers del Segre,Costers del Segre,23.95,1.3793,Red,4,3
Sierra Cantabria,Coleccion Privada,2012,FALSE,4.2,420,Rioja,Rioja,28.3,1.4518,Rioja Red,4,3
Imperial,Rioja Reserva,2004,FALSE,4.2,417,Rioja,Rioja,45.0,1.6532,Rioja Red,4,3
Losada,Altos de Losada,2018,FALSE,4.2,415,Bierzo,Bierzo,17.9,1.2529,Mencia,3,3
Mar de Frades,Rias Baixas Albarino Finca Valinas,2015,FALSE,4.2,414,Rias Baixas,Rias Baixas,16.78,1.2248,Albarino,3,3
La Rioja Alta,Vina Alberdi Crianza,2018,FALSE,4.2,410,Rioja,Rioja,13.58,1.1329,Rioja Red,4,3
Bodegas La Horra,Corimbo I,2015,FALSE,4.2,412,Ribera del Duero,Ribera del Duero,37.9,1.5786,Ribera Del Duero Red,5,3
Vina Pedrosa,Gran Reserva,2011,FALSE,4.2,410,Ribera del Duero,Ribera del Duero,51.35,1.7105,Ribera Del Duero Red,5,3
Campillo,Gran Reserva Rioja,2012,FALSE,4.2,410,Rioja,Rioja,22.99,1.3615,Rioja Red,4,3
Ramon do Casar,Treixadura,2020,FALSE,4.2,407,Ribeiro,Ribeiro,11.95,1.0774,NA,NA,NA
Lustau,Candela Cream Dulce Sweet,,TRUE,4.2,405,Jerez-Xeres-Sherry,Jerez-Xeres-Sherry,7.1,0.8513,Sherry,4,3
Portal del Priorat,Clos del Portal Somni,2014,FALSE,4.2,404,Priorato,Priorato,77.36,1.8885,Priorat Red,4,3
Binigrau,Nounat,2020,FALSE,4.2,404,Mallorca,Mallorca,19.9,1.2989,NA,NA,NA
Ramon Bilbao,Mirto,2011,FALSE,4.2,402,Rioja,Rioja,28.53,1.4553,Rioja Red,4,3
Matsu,El Viejo,2019,FALSE,4.2,400,Toro,Toro,27.89,1.4454,Toro Red,5,3
Artadi,Valdegines,2016,FALSE,4.2,398,Vino de Espana,Vino de Espana,48.96,1.6898,Tempranillo,4,2
Contino,Rioja Graciano,2011,FALSE,4.2,395,Rioja,Rioja,61.94,1.792,Rioja Red,4,3
Contino,Reserva,2016,FALSE,4.2,392,Rioja,Rioja,19.98,1.3006,Rioja Red,4,3
Conreria d'Scala Dei,Les Brugueres,2018,FALSE,4.2,390,Priorato,Priorato,16.76,1.2243,Priorat Red,4,3
Mustiguillo,Finca Terrerazo,2017,FALSE,4.2,390,El Terrerazo,El Terrerazo,24.45,1.3883,Red,4,3
Matarromera,Gran Reserva,2011,FALSE,4.2,389,Ribera del Duero,Ribera del Duero,64.5,1.8096,Ribera Del Duero Red,5,3
Sei Solo,Preludio,2016,FALSE,4.2,388,Ribera del Duero,Ribera del Duero,31.63,1.5001,Ribera Del Duero Red,5,3
Vinedos de Paganos,El Puntido,2005,FALSE,4.2,384,Rioja,Rioja,73.0,1.8633,Rioja Red,4,3
La Vicalanda,Reserva,2015,FALSE,4.2,420,Rioja,Rioja,17.5,1.243,Rioja Red,4,3
Enrique Mendoza,Santa Rosa,2017,FALSE,4.2,420,Alicante,Alicante,18.9,1.2765,Red,4,3
Clos Pons,Roc Nu,2011,FALSE,4.2,420,Costers del Segre,Costers del Segre,23.95,1.3793,Red,4,3
Sierra Cantabria,Coleccion Privada,2012,FALSE,4.2,420,Rioja,Rioja,28.3,1.4518,Rioja Red,4,3
Imperial,Rioja Reserva,2004,FALSE,4.2,417,Rioja,Rioja,45.0,1.6532,Rioja Red,4,3
Losada,Altos de Losada,2018,FALSE,4.2,415,Bierzo,Bierzo,17.9,1.2529,Mencia,3,3
Mar de Frades,Rias Baixas Albarino Finca Valinas,2015,FALSE,4.2,414,Rias Baixas,Rias Baixas,16.78,1.2248,Albarino,3,3
La Rioja Alta,Vina Alberdi Crianza,2018,FALSE,4.2,410,Rioja,Rioja,13.58,1.1329,Rioja Red,4,3
Bodegas La Horra,Corimbo I,2015,FALSE,4.2,412,Ribera del Duero,Ribera del Duero,37.9,1.5786,Ribera Del Duero Red,5,3
Vina Pedrosa,Gran Reserva,2011,FALSE,4.2,410,Ribera del Duero,Ribera del Duero,51.35,1.7105,Ribera Del Duero Red,5,3
Campillo,Gran Reserva Rioja,2012,FALSE,4.2,410,Rioja,Rioja,22.99,1.3615,Rioja Red,4,3
Ramon do Casar,Treixadura,2020,FALSE,4.2,407,Ribeiro,Ribeiro,11.95,1.0774,NA,NA,NA
Lustau,Candela Cream Dulce Sweet,,TRUE,4.2,405,Jerez-Xeres-Sherry,Jerez-Xeres-Sherry,7.1,0.8513,Sherry,4,3
Portal del Priorat,Clos del Portal Somni,2014,FALSE,4.2,404,Priorato,Priorato,77.36,1.8885,Priorat Red,4,3
Binigrau,Nounat,2020,FALSE,4.2,404,Mallorca,Mallorca,19.9,1.2989,NA,NA,NA
Ramon Bilbao,Mirto,2011,FALSE,4.2,402,Rioja,Rioja,28.53,1.4553,Rioja Red,4,3
Matsu,El Viejo,2019,FALSE,4.2,400,Toro,Toro,27.89,1.4454,Toro Red,5,3
Artadi,Valdegines,2016,FALSE,4.2,398,Vino de Espana,Vino de Espana,48.96,1.6898,Tempranillo,4,2
Contino,Rioja Graciano,2011,FALSE,4.2,395,Rioja,Rioja,61.94,1.792,Rioja Red,4,3
Contino,Reserva,2016,FALSE,4.2,392,Rioja,Rioja,19.98,1.3006,Rioja Red,4,3
Conreria d'Scala Dei,Les Brugueres,2018,FALSE,4.2,390,Priorato,Priorato,16.76,1.2243,Priorat Red,4,3
Mustiguillo,Finca Terrerazo,2017,FALSE,4.2,390,El Terrerazo,El Terrerazo,24.45,1.3883,Red,4,3
Matarromera,Gran Reserva,2011,FALSE,4.2,389,Ribera del Duero,Ribera del Duero,64.5,1.8096,Ribera Del Duero Red,5,3
Sei Solo,Preludio,2016,FALSE,4.2,388,Ribera del Duero,Ribera del Duero,31.63,1.5001,Ribera Del Duero Red,5,3
Vinedos de Paganos,El Puntido,2005,FALSE,4.2,384,Rioja,Rioja,73.0,1.8633,Rioja Red,4,3
La Vicalanda,Reserva,2015,FALSE,4.2,420,Rioja,Rioja,17.5,1.243,Rioja Red,4,3
Enrique Mendoza,Santa Rosa,2017,FALSE,4.2,420,Alicante,Alicante,18.9,1.2765,Red,4,3
Clos Pons,Roc Nu,2011,FALSE,4.2,420,Costers del Segre,Costers del Segre,23.95,1.3793,Red,4,3
Sierra Cantabria,Coleccion Privada,2012,FALSE,4.2,420,Rioja,Rioja,28.3,1.4518,Rioja Red,4,3
Imperial,Rioja Reserva,2004,FALSE,4.2,417,Rioja,Rioja,45.0,1.6532,Rioja Red,4,3
Losada,Altos de Losada,2018,FALSE,4.2,415,Bierzo,Bierzo,17.9,1.2529,Mencia,3,3
Mar de Frades,Rias Baixas Albarino Finca Valinas,2015,FALSE,4.2,414,Rias Baixas,Rias Baixas,16.78,1.2248,Albarino,3,3
La Rioja Alta,Vina Alberdi Crianza,2018,FALSE,4.2,410,Rioja,Rioja,13.58,1.1329,Rioja Red,4,3
Bodegas La Horra,Corimbo I,2015,FALSE,4.2,412,Ribera del Duero,Ribera del Duero,37.9,1.5786,Ribera Del Duero Red,5,3
Vina Pedrosa,Gran Reserva,2011,FALSE,4.2,410,Ribera del Duero,Ribera del Duero,51.35,1.7105,Ribera Del Duero Red,5,3
Campillo,Gran Reserva Rioja,2012,FALSE,4.2,410,Rioja,Rioja,22.99,1.3615,Rioja Red,4,3
Ramon do Casar,Treixadura,2020,FALSE,4.2,407,Ribeiro,Ribeiro,11.95,1.0774,NA,NA,NA
Lustau,Candela Cream Dulce Sweet,,TRUE,4.2,405,Jerez-Xeres-Sherry,Jerez-Xeres-Sherry,7.1,0.8513,Sherry,4,3
Portal del Priorat,Clos del Portal Somni,2014,FALSE,4.2,404,Priorato,Priorato,77.36,1.8885,Priorat Red,4,3
Binigrau,Nounat,2020,FALSE,4.2,404,Mallorca,Mallorca,19.9,1.2989,NA,NA,NA
Ramon Bilbao,Mirto,2011,FALSE,4.2,402,Rioja,Rioja,28.53,1.4553,Rioja Red,4,3
Matsu,El Viejo,2019,FALSE,4.2,400,Toro,Toro,27.89,1.4454,Toro Red,5,3
Artadi,Valdegines,2016,FALSE,4.2,398,Vino de Espana,Vino de Espana,48.96,1.6898,Tempranillo,4,2
Contino,Rioja Graciano,2011,FALSE,4.2,395,Rioja,Rioja,61.94,1.792,Rioja Red,4,3
Contino,Reserva,2016,FALSE,4.2,392,Rioja,Rioja,19.98,1.3006,Rioja Red,4,3
Conreria d'Scala Dei,Les Brugueres,2018,FALSE,4.2,390,Priorato,Priorato,16.76,1.2243,Priorat Red,4,3
Mustiguillo,Finca Terrerazo,2017,FALSE,4.2,390,El Terrerazo,El Terrerazo,24.45,1.3883,Red,4,3
Matarromera,Gran Reserva,2011,FALSE,4.2,389,Ribera del Duero,Ribera del Duero,64.5,1.8096,Ribera Del Duero Red,5,3
Sei Solo,Preludio,2016,FALSE,4.2,388,Ribera del Duero,Ribera del Duero,31.63,1.5001,Ribera Del Duero Red,5,3
Vinedos de Paganos,El Puntido,2005,FALSE,4.2,384,Rioja,Rioja,73.0,1.8633,Rioja Red,4,3
La Vicalanda,Reserva,2015,FALSE,4.2,420,Rioja,Rioja,17.5,1.243,Rioja Red,4,3
Enrique Mendoza,Santa Rosa,2017,FALSE,4.2,420,Alicante,Alicante,18.9,1.2765,Red,4,3
Clos Pons,Roc Nu,2011,FALSE,4.2,420,Costers del Segre,Costers del Segre,23.95,1.3793,Red,4,3
Sierra Cantabria,Coleccion Privada,2012,FALSE,4.2,420,Rioja,Rioja,28.3,1.4518,Rioja Red,4,3
Imperial,Rioja Reserva,2004,FALSE,4.2,417,Rioja,Rioja,45.0,1.6532,Rioja Red,4,3
Losada,Altos de Losada,2018,FALSE,4.2,415,Bierzo,Bierzo,17.9,1.2529,Mencia,3,3
Mar de Frades,Rias Baixas Albarino Finca Valinas,2015,FALSE,4.2,414,Rias Baixas,Rias Baixas,16.78,1.2248,Albarino,3,3
La Rioja Alta,Vina Alberdi Crianza,2018,FALSE,4.2,410,Rioja,Rioja,13.58,1.1329,Rioja Red,4,3
Bodegas La Horra,Corimbo I,2015,FALSE,4.2,412,Ribera del Duero,Ribera del Duero,37.9,1.5786,Ribera Del Duero Red,5,3
Vina Pedrosa,Gran Reserva,2011,FALSE,4.2,410,Ribera del Duero,Ribera del Duero,51.35,1.7105,Ribera Del Duero Red,5,3
Campillo,Gran Reserva Rioja,2012,FALSE,4.2,410,Rioja,Rioja,22.99,1.3615,Rioja Red,4,3
Ramon do Casar,Treixadura,2020,FALSE,4.2,407,Ribeiro,Ribeiro,11.95,1.0774,NA,NA,NA
Lustau,Candela Cream Dulce Sweet,,TRUE,4.2,405,Jerez-Xeres-Sherry,Jerez-Xeres-Sherry,7.1,0.8513,Sherry,4,3
Portal del Priorat,Clos del Portal Somni,2014,FALSE,4.2,404,Priorato,Priorato,77.36,1.8885,Priorat Red,4,3
Binigrau,Nounat,2020,FALSE,4.2,404,Mallorca,Mallorca,19.9,1.2989,NA,NA,NA
Ramon Bilbao,Mirto,2011,FALSE,4.2,402,Rioja,Rioja,28.53,1.4553,Rioja Red,4,3
Matsu,El Viejo,2019,FALSE,4.2,400,Toro,Toro,27.89,1.4454,Toro Red,5,3
Artadi,Valdegines,2016,FALSE,4.2,398,Vino de Espana,Vino de Espana,48.96,1.6898,Tempranillo,4,2
Contino,Rioja Graciano,2011,FALSE,4.2,395,Rioja,Rioja,61.94,1.792,Rioja Red,4,3
Contino,Reserva,2016,FALSE,4.2,392,Rioja,Rioja,19.98,1.3006,Rioja Red,4,3
Conreria d'Scala Dei,Les Brugueres,2018,FALSE,4.2,390,Priorato,Priorato,16.76,1.2243,Priorat Red,4,3
Mustiguillo,Finca Terrerazo,2017,FALSE,4.2,390,El Terrerazo,El Terrerazo,24.45,1.3883,Red,4,3
Matarromera,Gran Reserva,2011,FALSE,4.2,389,Ribera del Duero,Ribera del Duero,64.5,1.8096,Ribera Del Duero Red,5,3
Sei Solo,Preludio,2016,FALSE,4.2,388,Ribera del Duero,Ribera del Duero,31.63,1.5001,Ribera Del Duero Red,5,3
Vinedos de Paganos,El Puntido,2005,FALSE,4.2,384,Rioja,Rioja,73.0,1.8633,Rioja Red,4,3
La Vicalanda,Reserva,2015,FALSE,4.2,420,Rioja,Rioja,17.5,1.243,Rioja Red,4,3
Enrique Mendoza,Santa Rosa,2017,FALSE,4.2,420,Alicante,Alicante,18.9,1.2765,Red,4,3
Clos Pons,Roc Nu,2011,FALSE,4.2,420,Costers del Segre,Costers del Segre,23.95,1.3793,Red,4,3
Sierra Cantabria,Coleccion Privada,2012,FALSE,4.2,420,Rioja,Rioja,28.3,1.4518,Rioja Red,4,3
Imperial,Rioja Reserva,2004,FALSE,4.2,417,Rioja,Rioja,45.0,1.6532,Rioja Red,4,3
Losada,Altos de Losada,2018,FALSE,4.2,415,Bierzo,Bierzo,17.9,1.2529,Mencia,3,3
Mar de Frades,Rias Baixas Albarino Finca Valinas,2015,FALSE,4.2,414,Rias Baixas,Rias Baixas,16.78,1.2248,Albarino,3,3
La Rioja Alta,Vina Alberdi Crianza,2018,FALSE,4.2,410,Rioja,Rioja,13.58,1.1329,Rioja Red,4,3
Bodegas La Horra,Corimbo I,2015,FALSE,4.2,412,Ribera del Duero,Ribera del Duero,37.9,1.5786,Ribera Del Duero Red,5,3
Vina Pedrosa,Gran Reserva,2011,FALSE,4.2,410,Ribera del Duero,Ribera del Duero,51.35,1.7105,Ribera Del Duero Red,5,3
Campillo,Gran Reserva Rioja,2012,FALSE,4.2,410,Rioja,Rioja,22.99,1.3615,Rioja Red,4,3
Ramon do Casar,Treixadura,2020,FALSE,4.2,407,Ribeiro,Ribeiro,11.95,1.0774,NA,NA,NA
Lustau,Candela Cream Dulce Sweet,,TRUE,4.2,405,Jerez-Xeres-Sherry,Jerez-Xeres-Sherry,7.1,0.8513,Sherry,4,3
Portal del Priorat,Clos del Portal Somni,2014,FALSE,4.2,404,Priorato,Priorato,77.36,1.8885,Priorat Red,4,3
Binigrau,Nounat,2020,FALSE,4.2,404,Mallorca,Mallorca,19.9,1.2989,NA,NA,NA
Ramon Bilbao,Mirto,2011,FALSE,4.2,402,Rioja,Rioja,28.53,1.4553,Rioja Red,4,3
Matsu,El Viejo,2019,FALSE,4.2,400,Toro,Toro,27.89,1.4454,Toro Red,5,3
Artadi,Valdegines,2016,FALSE,4.2,398,Vino de Espana,Vino de Espana,48.96,1.6898,Tempranillo,4,2
Contino,Rioja Graciano,2011,FALSE,4.2,395,Rioja,Rioja,61.94,1.792,Rioja Red,4,3
Contino,Reserva,2016,FALSE,4.2,392,Rioja,Rioja,19.98,1.3006,Rioja Red,4,3
Conreria d'Scala Dei,Les Brugueres,2018,FALSE,4.2,390,Priorato,Priorato,16.76,1.2243,Priorat Red,4,3
Mustiguillo,Finca Terrerazo,2017,FALSE,4.2,390,El Terrerazo,El Terrerazo,24.45,1.3883,Red,4,3
Matarromera,Gran Reserva,2011,FALSE,4.2,389,Ribera del Duero,Ribera del Duero,64.5,1.8096,Ribera Del Duero Red,5,3
Sei Solo,Preludio,2016,FALSE,4.2,388,Ribera del Duero,Ribera del Duero,31.63,1.5001,Ribera Del Duero Red,5,3
Vinedos de Paganos,El Puntido,2005,FALSE,4.2,384,Rioja,Rioja,73.0,1.8633,Rioja Red,4,3
La Vicalanda,Reserva,2015,FALSE,4.2,420,Rioja,Rioja,17.5,1.243,Rioja Red,4,3
Enrique Mendoza,Santa Rosa,2017,FALSE,4.2,420,Alicante,Alicante,18.9,1.2765,Red,4,3
Clos Pons,Roc Nu,2011,FALSE,4.2,420,Costers del Segre,Costers del Segre,23.95,1.3793,Red,4,3
Sierra Cantabria,Coleccion Privada,2012,FALSE,4.2,420,Rioja,Rioja,28.3,1.4518,Rioja Red,4,3
Imperial,Rioja Reserva,2004,FALSE,4.2,417,Rioja,Rioja,45.0,1.6532,Rioja Red,4,3
Losada,Altos de Losada,2018,FALSE,4.2,415,Bierzo,Bierzo,17.9,1.2529,Mencia,3,3
Mar de Frades,Rias Baixas Albarino Finca Valinas,2015,FALSE,4.2,414,Rias Baixas,Rias Baixas,16.78,1.2248,Albarino,3,3
La Rioja Alta,Vina Alberdi Crianza,2018,FALSE,4.2,410,Rioja,Rioja,13.58,1.1329,Rioja Red,4,3
Bodegas La Horra,Corimbo I,2015,FALSE,4.2,412,Ribera del Duero,Ribera del Duero,37.9,1.5786,Ribera Del Duero Red,5,3
Vina Pedrosa,Gran Reserva,2011,FALSE,4.2,410,Ribera del Duero,Ribera del Duero,51.35,1.7105,Ribera Del Duero Red,5,3
Campillo,Gran Reserva Rioja,2012,FALSE,4.2,410,Rioja,Rioja,22.99,1.3615,Rioja Red,4,3
Ramon do Casar,Treixadura,2020,FALSE,4.2,407,Ribeiro,Ribeiro,11.95,1.0774,NA,NA,NA
Lustau,Candela Cream Dulce Sweet,,TRUE,4.2,405,Jerez-Xeres-Sherry,Jerez-Xeres-Sherry,7.1,0.8513,Sherry,4,3
Portal del Priorat,Clos del Portal Somni,2014,FALSE,4.2,404,Priorato,Priorato,77.36,1.8885,Priorat Red,4,3
Binigrau,Nounat,2020,FALSE,4.2,404,Mallorca,Mallorca,19.9,1.2989,NA,NA,NA
Ramon Bilbao,Mirto,2011,FALSE,4.2,402,Rioja,Rioja,28.53,1.4553,Rioja Red,4,3
Matsu,El Viejo,2019,FALSE,4.2,400,Toro,Toro,27.89,1.4454,Toro Red,5,3
Artadi,Valdegines,2016,FALSE,4.2,398,Vino de Espana,Vino de Espana,48.96,1.6898,Tempranillo,4,2
Contino,Rioja Graciano,2011,FALSE,4.2,395,Rioja,Rioja,61.94,1.792,Rioja Red,4,3
Contino,Reserva,2016,FALSE,4.2,392,Rioja,Rioja,19.98,1.3006,Rioja Red,4,3
Conreria d'Scala Dei,Les Brugueres,2018,FALSE,4.2,390,Priorato,Priorato,16.76,1.2243,Priorat Red,4,3
Mustiguillo,Finca Terrerazo,2017,FALSE,4.2,390,El Terrerazo,El Terrerazo,24.45,1.3883,Red,4,3
Matarromera,Gran Reserva,2011,FALSE,4.2,389,Ribera del Duero,Ribera del Duero,64.5,1.8096,Ribera Del Duero Red,5,3
Sei Solo,Preludio,2016,FALSE,4.2,388,Ribera del Duero,Ribera del Duero,31.63,1.5001,Ribera Del Duero Red,5,3
Vinedos de Paganos,El Puntido,2005,FALSE,4.2,384,Rioja,Rioja,73.0,1.8633,Rioja Red,4,3
La Vicalanda,Reserva,2015,FALSE,4.2,420,Rioja,Rioja,17.5,1.243,Rioja Red,4,3
Enrique Mendoza,Santa Rosa,2017,FALSE,4.2,420,Alicante,Alicante,18.9,1.2765,Red,4,3
Clos Pons,Roc Nu,2011,FALSE,4.2,420,Costers del Segre,Costers del Segre,23.95,1.3793,Red,4,3
Sierra Cantabria,Coleccion Privada,2012,FALSE,4.2,420,Rioja,Rioja,28.3,1.4518,Rioja Red,4,3
Imperial,Rioja Reserva,2004,FALSE,4.2,417,Rioja,Rioja,45.0,1.6532,Rioja Red,4,3
Losada,Altos de Losada,2018,FALSE,4.2,415,Bierzo,Bierzo,17.9,1.2529,Mencia,3,3
Mar de Frades,Rias Baixas Albarino Finca Valinas,2015,FALSE,4.2,414,Rias Baixas,Rias Baixas,16.78,1.2248,Albarino,3,3
La Rioja Alta,Vina Alberdi Crianza,2018,FALSE,4.2,410,Rioja,Rioja,13.58,1.1329,Rioja Red,4,3
Bodegas La Horra,Corimbo I,2015,FALSE,4.2,412,Ribera del Duero,Ribera del Duero,37.9,1.5786,Ribera Del Duero Red,5,3
Vina Pedrosa,Gran Reserva,2011,FALSE,4.2,410,Ribera del Duero,Ribera del Duero,51.35,1.7105,Ribera Del Duero Red,5,3
Campillo,Gran Reserva Rioja,2012,FALSE,4.2,410,Rioja,Rioja,22.99,1.3615,Rioja Red,4,3
Ramon do Casar,Treixadura,2020,FALSE,4.2,407,Ribeiro,Ribeiro,11.95,1.0774,NA,NA,NA
Lustau,Candela Cream Dulce Sweet,,TRUE,4.2,405,Jerez-Xeres-Sherry,Jerez-Xeres-Sherry,7.1,0.8513,Sherry,4,3
Portal del Priorat,Clos del Portal Somni,2014,FALSE,4.2,404,Priorato,Priorato,77.36,1.8885,Priorat Red,4,3
Binigrau,Nounat,2020,FALSE,4.2,404,Mallorca,Mallorca,19.9,1.2989,NA,NA,NA
Ramon Bilbao,Mirto,2011,FALSE,4.2,402,Rioja,Rioja,28.53,1.4553,Rioja Red,4,3
Matsu,El Viejo,2019,FALSE,4.2,400,Toro,Toro,27.89,1.4454,Toro Red,5,3
Artadi,Valdegines,2016,FALSE,4.2,398,Vino de Espana,Vino de Espana,48.96,1.6898,Tempranillo,4,2
Contino,Rioja Graciano,2011,FALSE,4.2,395,Rioja,Rioja,61.94,1.792,Rioja Red,4,3
Contino,Reserva,2016,FALSE,4.2,392,Rioja,Rioja,19.98,1.3006,Rioja Red,4,3
Conreria d'Scala Dei,Les Brugueres,2018,FALSE,4.2,390,Priorato,Priorato,16.76,1.2243,Priorat Red,4,3
Mustiguillo,Finca Terrerazo,2017,FALSE,4.2,390,El Terrerazo,El Terrerazo,24.45,1.3883,Red,4,3
Matarromera,Gran Reserva,2011,FALSE,4.2,389,Ribera del Duero,Ribera del Duero,64.5,1.8096,Ribera Del Duero Red,5,3
Sei Solo,Preludio,2016,FALSE,4.2,388,Ribera del Duero,Ribera del Duero,31.63,1.5001,Ribera Del Duero Red,5,3
Vinedos de Paganos,El Puntido,2005,FALSE,4.2,384,Rioja,Rioja,73.0,1.8633,Rioja Red,4,3
La Vicalanda,Reserva,2015,FALSE,4.2,420,Rioja,Rioja,17.5,1.243,Rioja Red,4,3
Enrique Mendoza,Santa Rosa,2017,FALSE,4.2,420,Alicante,Alicante,18.9,1.2765,Red,4,3
Clos Pons,Roc Nu,2011,FALSE,4.2,420,Costers del Segre,Costers del Segre,23.95,1.3793,Red,4,3
Sierra Cantabria,Coleccion Privada,2012,FALSE,4.2,420,Rioja,Rioja,28.3,1.4518,Rioja Red,4,3
Imperial,Rioja Reserva,2004,FALSE,4.2,417,Rioja,Rioja,45.0,1.6532,Rioja Red,4,3
Losada,Altos de Losada,2018,FALSE,4.2,415,Bierzo,Bierzo,17.9,1.2529,Mencia,3,3
Mar de Frades,Rias Baixas Albarino Finca Valinas,2015,FALSE,4.2,414,Rias Baixas,Rias Baixas,16.78,1.2248,Albarino,3,3
La Rioja Alta,Vina Alberdi Crianza,2018,FALSE,4.2,410,Rioja,Rioja,13.58,1.1329,Rioja Red,4,3
Bodegas La Horra,Corimbo I,2015,FALSE,4.2,412,Ribera del Duero,Ribera del Duero,37.9,1.5786,Ribera Del Duero Red,5,3
Vina Pedrosa,Gran Reserva,2011,FALSE,4.2,410,Ribera del Duero,Ribera del Duero,51.35,1.7105,Ribera Del Duero Red,5,3
Campillo,Gran Reserva Rioja,2012,FALSE,4.2,410,Rioja,Rioja,22.99,1.3615,Rioja Red,4,3
Ramon do Casar,Treixadura,2020,FALSE,4.2,407,Ribeiro,Ribeiro,11.95,1.0774,NA,NA,NA
Lustau,Candela Cream Dulce Sweet,,TRUE,4.2,405,Jerez-Xeres-Sherry,Jerez-Xeres-Sherry,7.1,0.8513,Sherry,4,3
Portal del Priorat,Clos del Portal Somni,2014,FALSE,4.2,404,Priorato,Priorato,77.36,1.8885,Priorat Red,4,3
Binigrau,Nounat,2020,FALSE,4.2,404,Mallorca,Mallorca,19.9,1.2989,NA,NA,NA
Ramon Bilbao,Mirto,2011,FALSE,4.2,402,Rioja,Rioja,28.53,1.4553,Rioja Red,4,3
Matsu,El Viejo,2019,FALSE,4.2,400,Toro,Toro,27.89,1.4454,Toro Red,5,3
Artadi,Valdegines,2016,FALSE,4.2,398,Vino de Espana,Vino de Espana,48.96,1.6898,Tempranillo,4,2
Contino,Rioja Graciano,2011,FALSE,4.2,395,Rioja,Rioja,61.94,1.792,Rioja Red,4,3
Contino,Reserva,2016,FALSE,4.2,392,Rioja,Rioja,19.98,1.3006,Rioja Red,4,3
Conreria d'Scala Dei,Les Brugueres,2018,FALSE,4.2,390,Priorato,Priorato,16.76,1.2243,Priorat Red,4,3
Mustiguillo,Finca Terrerazo,2017,FALSE,4.2,390,El Terrerazo,El Terrerazo,24.45,1.3883,Red,4,3
Matarromera,Gran Reserva,2011,FALSE,4.2,389,Ribera del Duero,Ribera del Duero,64.5,1.8096,Ribera Del Duero Red,5,3
Sei Solo,Preludio,2016,FALSE,4.2,388,Ribera del Duero,Ribera del Duero,31.63,1.5001,Ribera Del Duero Red,5,3
Vinedos de Paganos,El Puntido,2005,FALSE,4.2,384,Rioja,Rioja,73.0,1.8633,Rioja Red,4,3
La Vicalanda,Reserva,2015,FALSE,4.2,420,Rioja,Rioja,17.5,1.243,Rioja Red,4,3
Enrique Mendoza,Santa Rosa,2017,FALSE,4.2,420,Alicante,Alicante,18.9,1.2765,Red,4,3
Clos Pons,Roc Nu,2011,FALSE,4.2,420,Costers del Segre,Costers del Segre,23.95,1.3793,Red,4,3
Sierra Cantabria,Coleccion Privada,2012,FALSE,4.2,420,Rioja,Rioja,28.3,1.4518,Rioja Red,4,3
Imperial,Rioja Reserva,2004,FALSE,4.2,417,Rioja,Rioja,45.0,1.6532,Rioja Red,4,3
Losada,Altos de Losada,2018,FALSE,4.2,415,Bierzo,Bierzo,17.9,1.2529,Mencia,3,3
Mar de Frades,Rias Baixas Albarino Finca Valinas,2015,FALSE,4.2,414,Rias Baixas,Rias Baixas,16.78,1.2248,Albarino,3,3
La Rioja Alta,Vina Alberdi Crianza,2018,FALSE,4.2,410,Rioja,Rioja,13.58,1.1329,Rioja Red,4,3
Bodegas La Horra,Corimbo I,2015,FALSE,4.2,412,Ribera del Duero,Ribera del Duero,37.9,1.5786,Ribera Del Duero Red,5,3
Vina Pedrosa,Gran Reserva,2011,FALSE,4.2,410,Ribera del Duero,Ribera del Duero,51.35,1.7105,Ribera Del Duero Red,5,3
Campillo,Gran Reserva Rioja,2012,FALSE,4.2,410,Rioja,Rioja,22.99,1.3615,Rioja Red,4,3
Ramon do Casar,Treixadura,2020,FALSE,4.2,407,Ribeiro,Ribeiro,11.95,1.0774,NA,NA,NA
Lustau,Candela Cream Dulce Sweet,,TRUE,4.2,405,Jerez-Xeres-Sherry,Jerez-Xeres-Sherry,7.1,0.8513,Sherry,4,3
Portal del Priorat,Clos del Portal Somni,2014,FALSE,4.2,404,Priorato,Priorato,77.36,1.8885,Priorat Red,4,3
Binigrau,Nounat,2020,FALSE,4.2,404,Mallorca,Mallorca,19.9,1.2989,NA,NA,NA
Ramon Bilbao,Mirto,2011,FALSE,4.2,402,Rioja,Rioja,28.53,1.4553,Rioja Red,4,3
Matsu,El Viejo,2019,FALSE,4.2,400,Toro,Toro,27.89,1.4454,Toro Red,5,3
Artadi,Valdegines,2016,FALSE,4.2,398,Vino de Espana,Vino de Espana,48.96,1.6898,Tempranillo,4,2
Contino,Rioja Graciano,2011,FALSE,4.2,395,Rioja,Rioja,61.94,1.792,Rioja Red,4,3
Contino,Reserva,2016,FALSE,4.2,392,Rioja,Rioja,19.98,1.3006,Rioja Red,4,3
Conreria d'Scala Dei,Les Brugueres,2018,FALSE,4.2,390,Priorato,Priorato,16.76,1.2243,Priorat Red,4,3
Mustiguillo,Finca Terrerazo,2017,FALSE,4.2,390,El Terrerazo,El Terrerazo,24.45,1.3883,Red,4,3
Matarromera,Gran Reserva,2011,FALSE,4.2,389,Ribera del Duero,Ribera del Duero,64.5,1.8096,Ribera Del Duero Red,5,3
Sei Solo,Preludio,2016,FALSE,4.2,388,Ribera del Duero,Ribera del Duero,31.63,1.5001,Ribera Del Duero Red,5,3
Vinedos de Paganos,El Puntido,2005,FALSE,4.2,384,Rioja,Rioja,73.0,1.8633,Rioja Red,4,3
La Vicalanda,Reserva,2015,FALSE,4.2,420,Rioja,Rioja,17.5,1.243,Rioja Red,NA,NA
Enrique Mendoza,Santa Rosa,2017,FALSE,4.2,420,Alicante,Alicante,18.9,1.2765,Red,NA,NA
Clos Pons,Roc Nu,2011,FALSE,4.2,420,Costers del Segre,Costers del Segre,23.95,1.3793,Red,NA,NA
Sierra Cantabria,Coleccion Privada,2012,FALSE,4.2,420,Rioja,Rioja,28.3,1.4518,Rioja Red,NA,NA
Imperial,Rioja Reserva,2004,FALSE,4.2,417,Rioja,Rioja,45.0,1.6532,Rioja Red,NA,NA
Losada,Altos de Losada,2018,FALSE,4.2,415,Bierzo,Bierzo,17.9,1.2529,Mencia,NA,NA
Mar de Frades,Rias Baixas Albarino Finca Valinas,2015,FALSE,4.2,414,Rias Baixas,Rias Baixas,16.78,1.2248,Albarino,NA,NA
La Rioja Alta,Vina Alberdi Crianza,2018,FALSE,4.2,410,Rioja,Rioja,13.58,1.1329,Rioja Red,NA,NA
Bodegas La Horra,Corimbo I,2015,FALSE,4.2,412,Ribera del Duero,Ribera del Duero,37.9,1.5786,Ribera Del Duero Red,NA,NA
Vina Pedrosa,Gran Reserva,2011,FALSE,4.2,410,Ribera del Duero,Ribera del Duero,51.35,1.7105,Ribera Del Duero Red,NA,NA
Campillo,Gran Reserva Rioja,2012,FALSE,4.2,410,Rioja,Rioja,22.99,1.3615,Rioja Red,NA,NA
Ramon do Casar,Treixadura,2020,FALSE,4.2,407,Ribeiro,Ribeiro,11.95,1.0774,NA,NA,NA
Lustau,Candela Cream Dulce Sweet,,TRUE,4.2,405,Jerez-Xeres-Sherry,Jerez-Xeres-Sherry,7.1,0.8513,Sherry,NA,NA
Portal del Priorat,Clos del Portal Somni,2014,FALSE,4.2,404,Priorato,Priorato,77.36,1.8885,Priorat Red,NA,NA
Binigrau,Nounat,2020,FALSE,4.2,404,Mallorca,Mallorca,19.9,1.2989,NA,NA,NA
Ramon Bilbao,Mirto,2011,FALSE,4.2,402,Rioja,Rioja,28.53,1.4553,Rioja Red,NA,NA
Matsu,El Viejo,2019,FALSE,4.2,400,Toro,Toro,27.89,1.4454,Toro Red,NA,NA
Artadi,Valdegines,2016,FALSE,4.2,398,Vino de Espana,Vino de Espana,48.96,1.6898,Tempranillo,NA,NA
Contino,Rioja Graciano,2011,FALSE,4.2,395,Rioja,Rioja,61.94,1.792,Rioja Red,NA,NA
Contino,Reserva,2016,FALSE,4.2,392,Rioja,Rioja,19.98,1.3006,Rioja Red,NA,NA
Conreria d'Scala Dei,Les Brugueres,2018,FALSE,4.2,390,Priorato,Priorato,16.76,1.2243,Priorat Red,NA,NA
Mustiguillo,Finca Terrerazo,2017,FALSE,4.2,390,El Terrerazo,El Terrerazo,24.45,1.3883,Red,NA,NA
Matarromera,Gran Reserva,2011,FALSE,4.2,389,Ribera del Duero,Ribera del Duero,64.5,1.8096,Ribera Del Duero Red,NA,NA
Sei Solo,Preludio,2016,FALSE,4.2,388,Ribera del Duero,Ribera del Duero,31.63,1.5001,Ribera Del Duero Red,NA,NA
Vinedos de Paganos,El Puntido,2005,FALSE,4.2,384,Rioja,Rioja,73.0,1.8633,Rioja Red,NA,NA
La Vicalanda,Reserva,2015,FALSE,4.2,420,Rioja,Rioja,17.5,1.243,Rioja Red,4,3
Enrique Mendoza,Santa Rosa,2017,FALSE,4.2,420,Alicante,Alicante,18.9,1.2765,Red,4,3
Clos Pons,Roc Nu,2011,FALSE,4.2,420,Costers del Segre,Costers del Segre,23.95,1.3793,Red,4,3
Sierra Cantabria,Coleccion Privada,2012,FALSE,4.2,420,Rioja,Rioja,28.3,1.4518,Rioja Red,4,3
Imperial,Rioja Reserva,2004,FALSE,4.2,417,Rioja,Rioja,45.0,1.6532,Rioja Red,4,3
Losada,Altos de Losada,2018,FALSE,4.2,415,Bierzo,Bierzo,17.9,1.2529,Mencia,3,3
Mar de Frades,Rias Baixas Albarino Finca Valinas,2015,FALSE,4.2,414,Rias Baixas,Rias Baixas,16.78,1.2248,Albarino,3,3
La Rioja Alta,Vina Alberdi Crianza,2018,FALSE,4.2,410,Rioja,Rioja,13.58,1.1329,Rioja Red,4,3
Bodegas La Horra,Corimbo I,2015,FALSE,4.2,412,Ribera del Duero,Ribera del Duero,37.9,1.5786,Ribera Del Duero Red,5,3
Vina Pedrosa,Gran Reserva,2011,FALSE,4.2,410,Ribera del Duero,Ribera del Duero,51.35,1.7105,Ribera Del Duero Red,5,3
Campillo,Gran Reserva Rioja,2012,FALSE,4.2,410,Rioja,Rioja,22.99,1.3615,Rioja Red,4,3
Ramon do Casar,Treixadura,2020,FALSE,4.2,407,Ribeiro,Ribeiro,11.95,1.0774,NA,NA,NA
Lustau,Candela Cream Dulce Sweet,,TRUE,4.2,405,Jerez-Xeres-Sherry,Jerez-Xeres-Sherry,7.1,0.8513,Sherry,4,3
Portal del Priorat,Clos del Portal Somni,2014,FALSE,4.2,404,Priorato,Priorato,77.36,1.8885,Priorat Red,4,3
Binigrau,Nounat,2020,FALSE,4.2,404,Mallorca,Mallorca,19.9,1.2989,NA,NA,NA
Ramon Bilbao,Mirto,2011,FALSE,4.2,402,Rioja,Rioja,28.53,1.4553,Rioja Red,4,3
Matsu,El Viejo,2019,FALSE,4.2,400,Toro,Toro,27.89,1.4454,Toro Red,5,3
Artadi,Valdegines,2016,FALSE,4.2,398,Vino de Espana,Vino de Espana,48.96,1.6898,Tempranillo,4,2
Contino,Rioja Graciano,2011,FALSE,4.2,395,Rioja,Rioja,61.94,1.792,Rioja Red,4,3
Contino,Reserva,2016,FALSE,4.2,392,Rioja,Rioja,19.98,1.3006,Rioja Red,4,3
Conreria d'Scala Dei,Les Brugueres,2018,FALSE,4.2,390,Priorato,Priorato,16.76,1.2243,Priorat Red,4,3
Mustiguillo,Finca Terrerazo,2017,FALSE,4.2,390,El Terrerazo,El Terrerazo,24.45,1.3883,Red,4,3
Matarromera,Gran Reserva,2011,FALSE,4.2,389,Ribera del Duero,Ribera del Duero,64.5,1.8096,Ribera Del Duero Red,5,3
Sei Solo,Preludio,2016,FALSE,4.2,388,Ribera del Duero,Ribera del Duero,31.63,1.5001,Ribera Del Duero Red,5,3
Vinedos de Paganos,El Puntido,2005,FALSE,4.2,384,Rioja,Rioja,73.0,1.8633,Rioja Red,4,3
La Vicalanda,Reserva,2015,FALSE,4.2,420,Rioja,Rioja,17.5,1.243,Rioja Red,4,3
Enrique Mendoza,Santa Rosa,2017,FALSE,4.2,420,Alicante,Alicante,18.9,1.2765,Red,4,3
Clos Pons,Roc Nu,2011,FALSE,4.2,420,Costers del Segre,Costers del Segre,23.95,1.3793,Red,4,3
Sierra Cantabria,Coleccion Privada,2012,FALSE,4.2,420,Rioja,Rioja,28.3,1.4518,Rioja Red,4,3
Imperial,Rioja Reserva,2004,FALSE,4.2,417,Rioja,Rioja,45.0,1.6532,Rioja Red,4,3
Losada,Altos de Losada,2018,FALSE,4.2,415,Bierzo,Bierzo,17.9,1.2529,Mencia,3,3
Mar de Frades,Rias Baixas Albarino Finca Valinas,2015,FALSE,4.2,414,Rias Baixas,Rias Baixas,16.78,1.2248,Albarino,3,3
La Rioja Alta,Vina Alberdi Crianza,2018,FALSE,4.2,410,Rioja,Rioja,13.58,1.1329,Rioja Red,4,3
Bodegas La Horra,Corimbo I,2015,FALSE,4.2,412,Ribera del Duero,Ribera del Duero,37.9,1.5786,Ribera Del Duero Red,5,3
Vina Pedrosa,Gran Reserva,2011,FALSE,4.2,410,Ribera del Duero,Ribera del Duero,51.35,1.7105,Ribera Del Duero Red,5,3
Campillo,Gran Reserva Rioja,2012,FALSE,4.2,410,Rioja,Rioja,22.99,1.3615,Rioja Red,4,3
Ramon do Casar,Treixadura,2020,FALSE,4.2,407,Ribeiro,Ribeiro,11.95,1.0774,NA,NA,NA
Lustau,Candela Cream Dulce Sweet,,TRUE,4.2,405,Jerez-Xeres-Sherry,Jerez-Xeres-Sherry,7.1,0.8513,Sherry,4,3
Portal del Priorat,Clos del Portal Somni,2014,FALSE,4.2,404,Priorato,Priorato,77.36,1.8885,Priorat Red,4,3
Binigrau,Nounat,2020,FALSE,4.2,404,Mallorca,Mallorca,19.9,1.2989,NA,NA,NA
Ramon Bilbao,Mirto,2011,FALSE,4.2,402,Rioja,Rioja,28.53,1.4553,Rioja Red,4,3
Matsu,El Viejo,2019,FALSE,4.2,400,Toro,Toro,27.89,1.4454,Toro Red,5,3
Artadi,Valdegines,2016,FALSE,4.2,398,Vino de Espana,Vino de Espana,48.96,1.6898,Tempranillo,4,2
Contino,Rioja Graciano,2011,FALSE,4.2,395,Rioja,Rioja,61.94,1.792,Rioja Red,4,3
Contino,Reserva,2016,FALSE,4.2,392,Rioja,Rioja,19.98,1.3006,Rioja Red,4,3
Conreria d'Scala Dei,Les Brugueres,2018,FALSE,4.2,390,Priorato,Priorato,16.76,1.2243,Priorat Red,4,3
Mustiguillo,Finca Terrerazo,2017,FALSE,4.2,390,El Terrerazo,El Terrerazo,24.45,1.3883,Red,4,3
Matarromera,Gran Reserva,2011,FALSE,4.2,389,Ribera del Duero,Ribera del Duero,64.5,1.8096,Ribera Del Duero Red,5,3
Sei Solo,Preludio,2016,FALSE,4.2,388,Ribera del Duero,Ribera del Duero,31.63,1.5001,Ribera Del Duero Red,5,3
Vinedos de Paganos,El Puntido,2005,FALSE,4.2,384,Rioja,Rioja,73.0,1.8633,Rioja Red,4,3
La Vicalanda,Reserva,2015,FALSE,4.2,420,Rioja,Rioja,17.5,1.243,Rioja Red,NA,NA
Enrique Mendoza,Santa Rosa,2017,FALSE,4.2,420,Alicante,Alicante,18.9,1.2765,Red,NA,NA
Clos Pons,Roc Nu,2011,FALSE,4.2,420,Costers del Segre,Costers del Segre,23.95,1.3793,Red,NA,NA
Sierra Cantabria,Coleccion Privada,2012,FALSE,4.2,420,Rioja,Rioja,28.3,1.4518,Rioja Red,NA,NA
Imperial,Rioja Reserva,2004,FALSE,4.2,417,Rioja,Rioja,45.0,1.6532,Rioja Red,NA,NA
Losada,Altos de Losada,2018,FALSE,4.2,415,Bierzo,Bierzo,17.9,1.2529,Mencia,NA,NA
Mar de Frades,Rias Baixas Albarino Finca Valinas,2015,FALSE,4.2,414,Rias Baixas,Rias Baixas,16.78,1.2248,Albarino,NA,NA
La Rioja Alta,Vina Alberdi Crianza,2018,FALSE,4.2,410,Rioja,Rioja,13.58,1.1329,Rioja Red,NA,NA
Bodegas La Horra,Corimbo I,2015,FALSE,4.2,412,Ribera del Duero,Ribera del Duero,37.9,1.5786,Ribera Del Duero Red,NA,NA
Vina Pedrosa,Gran Reserva,2011,FALSE,4.2,410,Ribera del Duero,Ribera del Duero,51.35,1.7105,Ribera Del Duero Red,NA,NA
Campillo,Gran Reserva Rioja,2012,FALSE,4.2,410,Rioja,Rioja,22.99,1.3615,Rioja Red,NA,NA
Ramon do Casar,Treixadura,2020,FALSE,4.2,407,Ribeiro,Ribeiro,11.95,1.0774,NA,NA,NA
Lustau,Candela Cream Dulce Sweet,,TRUE,4.2,405,Jerez-Xeres-Sherry,Jerez-Xeres-Sherry,7.1,0.8513,Sherry,NA,NA
Portal del Priorat,Clos del Portal Somni,2014,FALSE,4.2,404,Priorato,Priorato,77.36,1.8885,Priorat Red,NA,NA
Binigrau,Nounat,2020,FALSE,4.2,404,Mallorca,Mallorca,19.9,1.2989,NA,NA,NA
Ramon Bilbao,Mirto,2011,FALSE,4.2,402,Rioja,Rioja,28.53,1.4553,Rioja Red,NA,NA
Matsu,El Viejo,2019,FALSE,4.2,400,Toro,Toro,27.89,1.4454,Toro Red,NA,NA
Artadi,Valdegines,2016,FALSE,4.2,398,Vino de Espana,Vino de Espana,48.96,1.6898,Tempranillo,NA,NA
Contino,Rioja Graciano,2011,FALSE,4.2,395,Rioja,Rioja,61.94,1.792,Rioja Red,NA,NA
Contino,Reserva,2016,FALSE,4.2,392,Rioja,Rioja,19.98,1.3006,Rioja Red,NA,NA
Conreria d'Scala Dei,Les Brugueres,2018,FALSE,4.2,390,Priorato,Priorato,16.76,1.2243,Priorat Red,NA,NA
Mustiguillo,Finca Terrerazo,2017,FALSE,4.2,390,El Terrerazo,El Terrerazo,24.45,1.3883,Red,NA,NA
Matarromera,Gran Reserva,2011,FALSE,4.2,389,Ribera del Duero,Ribera del Duero,64.5,1.8096,Ribera Del Duero Red,NA,NA
Sei Solo,Preludio,2016,FALSE,4.2,388,Ribera del Duero,Ribera del Duero,31.63,1.5001,Ribera Del Duero Red,NA,NA
Vinedos de Paganos,El Puntido,2005,FALSE,4.2,384,Rioja,Rioja,73.0,1.8633,Rioja Red,NA,NA
La Vicalanda,Reserva,2015,FALSE,4.2,420,Rioja,Rioja,17.5,1.243,Rioja Red,4,3
Enrique Mendoza,Santa Rosa,2017,FALSE,4.2,420,Alicante,Alicante,18.9,1.2765,Red,4,3
Clos Pons,Roc Nu,2011,FALSE,4.2,420,Costers del Segre,Costers del Segre,23.95,1.3793,Red,4,3
Sierra Cantabria,Coleccion Privada,2012,FALSE,4.2,420,Rioja,Rioja,28.3,1.4518,Rioja Red,4,3
Imperial,Rioja Reserva,2004,FALSE,4.2,417,Rioja,Rioja,45.0,1.6532,Rioja Red,4,3
Losada,Altos de Losada,2018,FALSE,4.2,415,Bierzo,Bierzo,17.9,1.2529,Mencia,3,3
Mar de Frades,Rias Baixas Albarino Finca Valinas,2015,FALSE,4.2,414,Rias Baixas,Rias Baixas,16.78,1.2248,Albarino,3,3
La Rioja Alta,Vina Alberdi Crianza,2018,FALSE,4.2,410,Rioja,Rioja,13.58,1.1329,Rioja Red,4,3
Bodegas La Horra,Corimbo I,2015,FALSE,4.2,412,Ribera del Duero,Ribera del Duero,37.9,1.5786,Ribera Del Duero Red,5,3
Vina Pedrosa,Gran Reserva,2011,FALSE,4.2,410,Ribera del Duero,Ribera del Duero,51.35,1.7105,Ribera Del Duero Red,5,3
Campillo,Gran Reserva Rioja,2012,FALSE,4.2,410,Rioja,Rioja,22.99,1.3615,Rioja Red,4,3
Ramon do Casar,Treixadura,2020,FALSE,4.2,407,Ribeiro,Ribeiro,11.95,1.0774,NA,NA,NA
Lustau,Candela Cream Dulce Sweet,,TRUE,4.2,405,Jerez-Xeres-Sherry,Jerez-Xeres-Sherry,7.1,0.8513,Sherry,4,3
Portal del Priorat,Clos del Portal Somni,2014,FALSE,4.2,404,Priorato,Priorato,77.36,1.8885,Priorat Red,4,3
Binigrau,Nounat,2020,FALSE,4.2,404,Mallorca,Mallorca,19.9,1.2989,NA,NA,NA
Ramon Bilbao,Mirto,2011,FALSE,4.2,402,Rioja,Rioja,28.53,1.4553,Rioja Red,4,3
Matsu,El Viejo,2019,FALSE,4.2,400,Toro,Toro,27.89,1.4454,Toro Red,5,3
Artadi,Valdegines,2016,FALSE,4.2,398,Vino de Espana,Vino de Espana,48.96,1.6898,Tempranillo,4,2
Contino,Rioja Graciano,2011,FALSE,4.2,395,Rioja,Rioja,61.94,1.792,Rioja Red,4,3
Contino,Reserva,2016,FALSE,4.2,392,Rioja,Rioja,19.98,1.3006,Rioja Red,4,3
Conreria d'Scala Dei,Les Brugueres,2018,FALSE,4.2,390,Priorato,Priorato,16.76,1.2243,Priorat Red,4,3
Mustiguillo,Finca Terrerazo,2017,FALSE,4.2,390,El Terrerazo,El Terrerazo,24.45,1.3883,Red,4,3
Matarromera,Gran Reserva,2011,FALSE,4.2,389,Ribera del Duero,Ribera del Duero,64.5,1.8096,Ribera Del Duero Red,5,3
Sei Solo,Preludio,2016,FALSE,4.2,388,Ribera del Duero,Ribera del Duero,31.63,1.5001,Ribera Del Duero Red,5,3
Vinedos de Paganos,El Puntido,2005,FALSE,4.2,384,Rioja,Rioja,73.0,1.8633,Rioja Red,4,3
La Vicalanda,Reserva,2015,FALSE,4.2,420,Rioja,Rioja,17.5,1.243,Rioja Red,4,3
Enrique Mendoza,Santa Rosa,2017,FALSE,4.2,420,Alicante,Alicante,18.9,1.2765,Red,4,3
Clos Pons,Roc Nu,2011,FALSE,4.2,420,Costers del Segre,Costers del Segre,23.95,1.3793,Red,4,3
Sierra Cantabria,Coleccion Privada,2012,FALSE,4.2,420,Rioja,Rioja,28.3,1.4518,Rioja Red,4,3
Imperial,Rioja Reserva,2004,FALSE,4.2,417,Rioja,Rioja,45.0,1.6532,Rioja Red,4,3
Losada,Altos de Losada,2018,FALSE,4.2,415,Bierzo,Bierzo,17.9,1.2529,Mencia,3,3
Mar de Frades,Rias Baixas Albarino Finca Valinas,2015,FALSE,4.2,414,Rias Baixas,Rias Baixas,16.78,1.2248,Albarino,3,3
La Rioja Alta,Vina Alberdi Crianza,2018,FALSE,4.2,410,Rioja,Rioja,13.58,1.1329,Rioja Red,4,3
Bodegas La Horra,Corimbo I,2015,FALSE,4.2,412,Ribera del Duero,Ribera del Duero,37.9,1.5786,Ribera Del Duero Red,5,3
Vina Pedrosa,Gran Reserva,2011,FALSE,4.2,410,Ribera del Duero,Ribera del Duero,51.35,1.7105,Ribera Del Duero Red,5,3
Campillo,Gran Reserva Rioja,2012,FALSE,4.2,410,Rioja,Rioja,22.99,1.3615,Rioja Red,4,3
Ramon do Casar,Treixadura,2020,FALSE,4.2,407,Ribeiro,Ribeiro,11.95,1.0774,NA,NA,NA
Lustau,Candela Cream Dulce Sweet,,TRUE,4.2,405,Jerez-Xeres-Sherry,Jerez-Xeres-Sherry,7.1,0.8513,Sherry,4,3
Portal del Priorat,Clos del Portal Somni,2014,FALSE,4.2,404,Priorato,Priorato,77.36,1.8885,Priorat Red,4,3
Binigrau,Nounat,2020,FALSE,4.2,404,Mallorca,Mallorca,19.9,1.2989,NA,NA,NA
Ramon Bilbao,Mirto,2011,FALSE,4.2,402,Rioja,Rioja,28.53,1.4553,Rioja Red,4,3
Matsu,El Viejo,2019,FALSE,4.2,400,Toro,Toro,27.89,1.4454,Toro Red,5,3
Artadi,Valdegines,2016,FALSE,4.2,398,Vino de Espana,Vino de Espana,48.96,1.6898,Tempranillo,4,2
Contino,Rioja Graciano,2011,FALSE,4.2,395,Rioja,Rioja,61.94,1.792,Rioja Red,4,3
Contino,Reserva,2016,FALSE,4.2,392,Rioja,Rioja,19.98,1.3006,Rioja Red,4,3
Conreria d'Scala Dei,Les Brugueres,2018,FALSE,4.2,390,Priorato,Priorato,16.76,1.2243,Priorat Red,4,3
Mustiguillo,Finca Terrerazo,2017,FALSE,4.2,390,El Terrerazo,El Terrerazo,24.45,1.3883,Red,4,3
Matarromera,Gran Reserva,2011,FALSE,4.2,389,Ribera del Duero,Ribera del Duero,64.5,1.8096,Ribera Del Duero Red,5,3
Sei Solo,Preludio,2016,FALSE,4.2,388,Ribera del Duero,Ribera del Duero,31.63,1.5001,Ribera Del Duero Red,5,3
Vinedos de Paganos,El Puntido,2005,FALSE,4.2,384,Rioja,Rioja,73.0,1.8633,Rioja Red,4,3
La Vicalanda,Reserva,2015,FALSE,4.2,420,Rioja,Rioja,17.5,1.243,Rioja Red,4,3
Enrique Mendoza,Santa Rosa,2017,FALSE,4.2,420,Alicante,Alicante,18.9,1.2765,Red,4,3
Clos Pons,Roc Nu,2011,FALSE,4.2,420,Costers del Segre,Costers del Segre,23.95,1.3793,Red,4,3
Sierra Cantabria,Coleccion Privada,2012,FALSE,4.2,420,Rioja,Rioja,28.3,1.4518,Rioja Red,4,3
Imperial,Rioja Reserva,2004,FALSE,4.2,417,Rioja,Rioja,45.0,1.6532,Rioja Red,4,3
Losada,Altos de Losada,2018,FALSE,4.2,415,Bierzo,Bierzo,17.9,1.2529,Mencia,3,3
Mar de Frades,Rias Baixas Albarino Finca Valinas,2015,FALSE,4.2,414,Rias Baixas,Rias Baixas,16.78,1.2248,Albarino,3,3
La Rioja Alta,Vina Alberdi Crianza,2018,FALSE,4.2,410,Rioja,Rioja,13.58,1.1329,Rioja Red,4,3
Bodegas La Horra,Corimbo I,2015,FALSE,4.2,412,Ribera del Duero,Ribera del Duero,37.9,1.5786,Ribera Del Duero Red,5,3
Vina Pedrosa,Gran Reserva,2011,FALSE,4.2,410,Ribera del Duero,Ribera del Duero,51.35,1.7105,Ribera Del Duero Red,5,3
Campillo,Gran Reserva Rioja,2012,FALSE,4.2,410,Rioja,Rioja,22.99,1.3615,Rioja Red,4,3
Ramon do Casar,Treixadura,2020,FALSE,4.2,407,Ribeiro,Ribeiro,11.95,1.0774,NA,NA,NA
Lustau,Candela Cream Dulce Sweet,,TRUE,4.2,405,Jerez-Xeres-Sherry,Jerez-Xeres-Sherry,7.1,0.8513,Sherry,4,3
Portal del Priorat,Clos del Portal Somni,2014,FALSE,4.2,404,Priorato,Priorato,77.36,1.8885,Priorat Red,4,3
Binigrau,Nounat,2020,FALSE,4.2,404,Mallorca,Mallorca,19.9,1.2989,NA,NA,NA
Ramon Bilbao,Mirto,2011,FALSE,4.2,402,Rioja,Rioja,28.53,1.4553,Rioja Red,4,3
Matsu,El Viejo,2019,FALSE,4.2,400,Toro,Toro,27.89,1.4454,Toro Red,5,3
Artadi,Valdegines,2016,FALSE,4.2,398,Vino de Espana,Vino de Espana,48.96,1.6898,Tempranillo,4,2
Contino,Rioja Graciano,2011,FALSE,4.2,395,Rioja,Rioja,61.94,1.792,Rioja Red,4,3
Contino,Reserva,2016,FALSE,4.2,392,Rioja,Rioja,19.98,1.3006,Rioja Red,4,3
Conreria d'Scala Dei,Les Brugueres,2018,FALSE,4.2,390,Priorato,Priorato,16.76,1.2243,Priorat Red,4,3
Mustiguillo,Finca Terrerazo,2017,FALSE,4.2,390,El Terrerazo,El Terrerazo,24.45,1.3883,Red,4,3
Matarromera,Gran Reserva,2011,FALSE,4.2,389,Ribera del Duero,Ribera del Duero,64.5,1.8096,Ribera Del Duero Red,5,3
Sei Solo,Preludio,2016,FALSE,4.2,388,Ribera del Duero,Ribera del Duero,31.63,1.5001,Ribera Del Duero Red,5,3
Vinedos de Paganos,El Puntido,2005,FALSE,4.2,384,Rioja,Rioja,73.0,1.8633,Rioja Red,4,3
La Vicalanda,Reserva,2015,FALSE,4.2,420,Rioja,Rioja,17.5,1.243,Rioja Red,4,3
Enrique Mendoza,Santa Rosa,2017,FALSE,4.2,420,Alicante,Alicante,18.9,1.2765,Red,4,3
Clos Pons,Roc Nu,2011,FALSE,4.2,420,Costers del Segre,Costers del Segre,23.95,1.3793,Red,4,3
Sierra Cantabria,Coleccion Privada,2012,FALSE,4.2,420,Rioja,Rioja,28.3,1.4518,Rioja Red,4,3
Imperial,Rioja Reserva,2004,FALSE,4.2,417,Rioja,Rioja,45.0,1.6532,Rioja Red,4,3
Losada,Altos de Losada,2018,FALSE,4.2,415,Bierzo,Bierzo,17.9,1.2529,Mencia,3,3
Mar de Frades,Rias Baixas Albarino Finca Valinas,2015,FALSE,4.2,414,Rias Baixas,Rias Baixas,16.78,1.2248,Albarino,3,3
La Rioja Alta,Vina Alberdi Crianza,2018,FALSE,4.2,410,Rioja,Rioja,13.58,1.1329,Rioja Red,4,3
Bodegas La Horra,Corimbo I,2015,FALSE,4.2,412,Ribera del Duero,Ribera del Duero,37.9,1.5786,Ribera Del Duero Red,5,3
Vina Pedrosa,Gran Reserva,2011,FALSE,4.2,410,Ribera del Duero,Ribera del Duero,51.35,1.7105,Ribera Del Duero Red,5,3
Campillo,Gran Reserva Rioja,2012,FALSE,4.2,410,Rioja,Rioja,22.99,1.3615,Rioja Red,4,3
Ramon do Casar,Treixadura,2020,FALSE,4.2,407,Ribeiro,Ribeiro,11.95,1.0774,NA,NA,NA
Lustau,Candela Cream Dulce Sweet,,TRUE,4.2,405,Jerez-Xeres-Sherry,Jerez-Xeres-Sherry,7.1,0.8513,Sherry,4,3
Portal del Priorat,Clos del Portal Somni,2014,FALSE,4.2,404,Priorato,Priorato,77.36,1.8885,Priorat Red,4,3
Binigrau,Nounat,2020,FALSE,4.2,404,Mallorca,Mallorca,19.9,1.2989,NA,NA,NA
Ramon Bilbao,Mirto,2011,FALSE,4.2,402,Rioja,Rioja,28.53,1.4553,Rioja Red,4,3
Matsu,El Viejo,2019,FALSE,4.2,400,Toro,Toro,27.89,1.4454,Toro Red,5,3
Artadi,Valdegines,2016,FALSE,4.2,398,Vino de Espana,Vino de Espana,48.96,1.6898,Tempranillo,4,2
Contino,Rioja Graciano,2011,FALSE,4.2,395,Rioja,Rioja,61.94,1.792,Rioja Red,4,3
Contino,Reserva,2016,FALSE,4.2,392,Rioja,Rioja,19.98,1.3006,Rioja Red,4,3
Conreria d'Scala Dei,Les Brugueres,2018,FALSE,4.2,390,Priorato,Priorato,16.76,1.2243,Priorat Red,4,3
Mustiguillo,Finca Terrerazo,2017,FALSE,4.2,390,El Terrerazo,El Terrerazo,24.45,1.3883,Red,4,3
Matarromera,Gran Reserva,2011,FALSE,4.2,389,Ribera del Duero,Ribera del Duero,64.5,1.8096,Ribera Del Duero Red,5,3
Sei Solo,Preludio,2016,FALSE,4.2,388,Ribera del Duero,Ribera del Duero,31.63,1.5001,Ribera Del Duero Red,5,3
Vinedos de Paganos,El Puntido,2005,FALSE,4.2,384,Rioja,Rioja,73.0,1.8633,Rioja Red,4,3
La Vicalanda,Reserva,2015,FALSE,4.2,420,Rioja,Rioja,17.5,1.243,Rioja Red,4,3
Enrique Mendoza,Santa Rosa,2017,FALSE,4.2,420,Alicante,Alicante,18.9,1.2765,Red,4,3
Clos Pons,Roc Nu,2011,FALSE,4.2,420,Costers del Segre,Costers del Segre,23.95,1.3793,Red,4,3
Sierra Cantabria,Coleccion Privada,2012,FALSE,4.2,420,Rioja,Rioja,28.3,1.4518,Rioja Red,4,3
Imperial,Rioja Reserva,2004,FALSE,4.2,417,Rioja,Rioja,45.0,1.6532,Rioja Red,4,3
Losada,Altos de Losada,2018,FALSE,4.2,415,Bierzo,Bierzo,17.9,1.2529,Mencia,3,3
Mar de Frades,Rias Baixas Albarino Finca Valinas,2015,FALSE,4.2,414,Rias Baixas,Rias Baixas,16.78,1.2248,Albarino,3,3
La Rioja Alta,Vina Alberdi Crianza,2018,FALSE,4.2,410,Rioja,Rioja,13.58,1.1329,Rioja Red,4,3
Bodegas La Horra,Corimbo I,2015,FALSE,4.2,412,Ribera del Duero,Ribera del Duero,37.9,1.5786,Ribera Del Duero Red,5,3
Vina Pedrosa,Gran Reserva,2011,FALSE,4.2,410,Ribera del Duero,Ribera del Duero,51.35,1.7105,Ribera Del Duero Red,5,3
Campillo,Gran Reserva Rioja,2012,FALSE,4.2,410,Rioja,Rioja,22.99,1.3615,Rioja Red,4,3
Ramon do Casar,Treixadura,2020,FALSE,4.2,407,Ribeiro,Ribeiro,11.95,1.0774,NA,NA,NA
Lustau,Candela Cream Dulce Sweet,,TRUE,4.2,405,Jerez-Xeres-Sherry,Jerez-Xeres-Sherry,7.1,0.8513,Sherry,4,3
Portal del Priorat,Clos del Portal Somni,2014,FALSE,4.2,404,Priorato,Priorato,77.36,1.8885,Priorat Red,4,3
Binigrau,Nounat,2020,FALSE,4.2,404,Mallorca,Mallorca,19.9,1.2989,NA,NA,NA
Ramon Bilbao,Mirto,2011,FALSE,4.2,402,Rioja,Rioja,28.53,1.4553,Rioja Red,4,3
Matsu,El Viejo,2019,FALSE,4.2,400,Toro,Toro,27.89,1.4454,Toro Red,5,3
Artadi,Valdegines,2016,FALSE,4.2,398,Vino de Espana,Vino de Espana,48.96,1.6898,Tempranillo,4,2
Contino,Rioja Graciano,2011,FALSE,4.2,395,Rioja,Rioja,61.94,1.792,Rioja Red,4,3
Contino,Reserva,2016,FALSE,4.2,392,Rioja,Rioja,19.98,1.3006,Rioja Red,4,3
Conreria d'Scala Dei,Les Brugueres,2018,FALSE,4.2,390,Priorato,Priorato,16.76,1.2243,Priorat Red,4,3
Mustiguillo,Finca Terrerazo,2017,FALSE,4.2,390,El Terrerazo,El Terrerazo,24.45,1.3883,Red,4,3
Matarromera,Gran Reserva,2011,FALSE,4.2,389,Ribera del Duero,Ribera del Duero,64.5,1.8096,Ribera Del Duero Red,5,3
Sei Solo,Preludio,2016,FALSE,4.2,388,Ribera del Duero,Ribera del Duero,31.63,1.5001,Ribera Del Duero Red,5,3
Vinedos de Paganos,El Puntido,2005,FALSE,4.2,384,Rioja,Rioja,73.0,1.8633,Rioja Red,4,3
La Vicalanda,Reserva,2015,FALSE,4.2,420,Rioja,Rioja,17.5,1.243,Rioja Red,4,3
Enrique Mendoza,Santa Rosa,2017,FALSE,4.2,420,Alicante,Alicante,18.9,1.2765,Red,4,3
Clos Pons,Roc Nu,2011,FALSE,4.2,420,Costers del Segre,Costers del Segre,23.95,1.3793,Red,4,3
Sierra Cantabria,Coleccion Privada,2012,FALSE,4.2,420,Rioja,Rioja,28.3,1.4518,Rioja Red,4,3
Imperial,Rioja Reserva,2004,FALSE,4.2,417,Rioja,Rioja,45.0,1.6532,Rioja Red,4,3
Losada,Altos de Losada,2018,FALSE,4.2,415,Bierzo,Bierzo,17.9,1.2529,Mencia,3,3
Mar de Frades,Rias Baixas Albarino Finca Valinas,2015,FALSE,4.2,414,Rias Baixas,Rias Baixas,16.78,1.2248,Albarino,3,3
La Rioja Alta,Vina Alberdi Crianza,2018,FALSE,4.2,410,Rioja,Rioja,13.58,1.1329,Rioja Red,4,3
Bodegas La Horra,Corimbo I,2015,FALSE,4.2,412,Ribera del Duero,Ribera del Duero,37.9,1.5786,Ribera Del Duero Red,5,3
Vina Pedrosa,Gran Reserva,2011,FALSE,4.2,410,Ribera del Duero,Ribera del Duero,51.35,1.7105,Ribera Del Duero Red,5,3
Campillo,Gran Reserva Rioja,2012,FALSE,4.2,410,Rioja,Rioja,22.99,1.3615,Rioja Red,4,3
Ramon do Casar,Treixadura,2020,FALSE,4.2,407,Ribeiro,Ribeiro,11.95,1.0774,NA,NA,NA
Lustau,Candela Cream Dulce Sweet,,TRUE,4.2,405,Jerez-Xeres-Sherry,Jerez-Xeres-Sherry,7.1,0.8513,Sherry,4,3
Portal del Priorat,Clos del Portal Somni,2014,FALSE,4.2,404,Priorato,Priorato,77.36,1.8885,Priorat Red,4,3
Binigrau,Nounat,2020,FALSE,4.2,404,Mallorca,Mallorca,19.9,1.2989,NA,NA,NA
Ramon Bilbao,Mirto,2011,FALSE,4.2,402,Rioja,Rioja,28.53,1.4553,Rioja Red,4,3
Matsu,El Viejo,2019,FALSE,4.2,400,Toro,Toro,27.89,1.4454,Toro Red,5,3
Artadi,Valdegines,2016,FALSE,4.2,398,Vino de Espana,Vino de Espana,48.96,1.6898,Tempranillo,4,2
Contino,Rioja Graciano,2011,FALSE,4.2,395,Rioja,Rioja,61.94,1.792,Rioja Red,4,3
Contino,Reserva,2016,FALSE,4.2,392,Rioja,Rioja,19.98,1.3006,Rioja Red,4,3
Conreria d'Scala Dei,Les Brugueres,2018,FALSE,4.2,390,Priorato,Priorato,16.76,1.2243,Priorat Red,4,3
Mustiguillo,Finca Terrerazo,2017,FALSE,4.2,390,El Terrerazo,El Terrerazo,24.45,1.3883,Red,4,3
Matarromera,Gran Reserva,2011,FALSE,4.2,389,Ribera del Duero,Ribera del Duero,64.5,1.8096,Ribera Del Duero Red,5,3
Sei Solo,Preludio,2016,FALSE,4.2,388,Ribera del Duero,Ribera del Duero,31.63,1.5001,Ribera Del Duero Red,5,3
Vinedos de Paganos,El Puntido,2005,FALSE,4.2,384,Rioja,Rioja,73.0,1.8633,Rioja Red,4,3
La Vicalanda,Reserva,2015,FALSE,4.2,420,Rioja,Rioja,17.5,1.243,Rioja Red,4,3
Enrique Mendoza,Santa Rosa,2017,FALSE,4.2,420,Alicante,Alicante,18.9,1.2765,Red,4,3
Clos Pons,Roc Nu,2011,FALSE,4.2,420,Costers del Segre,Costers del Segre,23.95,1.3793,Red,4,3
Sierra Cantabria,Coleccion Privada,2012,FALSE,4.2,420,Rioja,Rioja,28.3,1.4518,Rioja Red,4,3
Imperial,Rioja Reserva,2004,FALSE,4.2,417,Rioja,Rioja,45.0,1.6532,Rioja Red,4,3
Losada,Altos de Losada,2018,FALSE,4.2,415,Bierzo,Bierzo,17.9,1.2529,Mencia,3,3
Mar de Frades,Rias Baixas Albarino Finca Valinas,2015,FALSE,4.2,414,Rias Baixas,Rias Baixas,16.78,1.2248,Albarino,3,3
La Rioja Alta,Vina Alberdi Crianza,2018,FALSE,4.2,410,Rioja,Rioja,13.58,1.1329,Rioja Red,4,3
Bodegas La Horra,Corimbo I,2015,FALSE,4.2,412,Ribera del Duero,Ribera del Duero,37.9,1.5786,Ribera Del Duero Red,5,3
Vina Pedrosa,Gran Reserva,2011,FALSE,4.2,410,Ribera del Duero,Ribera del Duero,51.35,1.7105,Ribera Del Duero Red,5,3
Campillo,Gran Reserva Rioja,2012,FALSE,4.2,410,Rioja,Rioja,22.99,1.3615,Rioja Red,4,3
Ramon do Casar,Treixadura,2020,FALSE,4.2,407,Ribeiro,Ribeiro,11.95,1.0774,NA,NA,NA
Lustau,Candela Cream Dulce Sweet,,TRUE,4.2,405,Jerez-Xeres-Sherry,Jerez-Xeres-Sherry,7.1,0.8513,Sherry,4,3
Portal del Priorat,Clos del Portal Somni,2014,FALSE,4.2,404,Priorato,Priorato,77.36,1.8885,Priorat Red,4,3
Binigrau,Nounat,2020,FALSE,4.2,404,Mallorca,Mallorca,19.9,1.2989,NA,NA,NA
Ramon Bilbao,Mirto,2011,FALSE,4.2,402,Rioja,Rioja,28.53,1.4553,Rioja Red,4,3
Matsu,El Viejo,2019,FALSE,4.2,400,Toro,Toro,27.89,1.4454,Toro Red,5,3
Artadi,Valdegines,2016,FALSE,4.2,398,Vino de Espana,Vino de Espana,48.96,1.6898,Tempranillo,4,2
Contino,Rioja Graciano,2011,FALSE,4.2,395,Rioja,Rioja,61.94,1.792,Rioja Red,4,3
Contino,Reserva,2016,FALSE,4.2,392,Rioja,Rioja,19.98,1.3006,Rioja Red,4,3
Conreria d'Scala Dei,Les Brugueres,2018,FALSE,4.2,390,Priorato,Priorato,16.76,1.2243,Priorat Red,4,3
Mustiguillo,Finca Terrerazo,2017,FALSE,4.2,390,El Terrerazo,El Terrerazo,24.45,1.3883,Red,4,3
Matarromera,Gran Reserva,2011,FALSE,4.2,389,Ribera del Duero,Ribera del Duero,64.5,1.8096,Ribera Del Duero Red,5,3
Sei Solo,Preludio,2016,FALSE,4.2,388,Ribera del Duero,Ribera del Duero,31.63,1.5001,Ribera Del Duero Red,5,3
Vinedos de Paganos,El Puntido,2005,FALSE,4.2,384,Rioja,Rioja,73.0,1.8633,Rioja Red,4,3
La Vicalanda,Reserva,2015,FALSE,4.2,420,Rioja,Rioja,17.5,1.243,Rioja Red,4,3
Enrique Mendoza,Santa Rosa,2017,FALSE,4.2,420,Alicante,Alicante,18.9,1.2765,Red,4,3
Clos Pons,Roc Nu,2011,FALSE,4.2,420,Costers del Segre,Costers del Segre,23.95,1.3793,Red,4,3
Sierra Cantabria,Coleccion Privada,2012,FALSE,4.2,420,Rioja,Rioja,28.3,1.4518,Rioja Red,4,3
Imperial,Rioja Reserva,2004,FALSE,4.2,417,Rioja,Rioja,45.0,1.6532,Rioja Red,4,3
Losada,Altos de Losada,2018,FALSE,4.2,415,Bierzo,Bierzo,17.9,1.2529,Mencia,3,3
Mar de Frades,Rias Baixas Albarino Finca Valinas,2015,FALSE,4.2,414,Rias Baixas,Rias Baixas,16.78,1.2248,Albarino,3,3
La Rioja Alta,Vina Alberdi Crianza,2018,FALSE,4.2,410,Rioja,Rioja,13.58,1.1329,Rioja Red,4,3
Bodegas La Horra,Corimbo I,2015,FALSE,4.2,412,Ribera del Duero,Ribera del Duero,37.9,1.5786,Ribera Del Duero Red,5,3
Vina Pedrosa,Gran Reserva,2011,FALSE,4.2,410,Ribera del Duero,Ribera del Duero,51.35,1.7105,Ribera Del Duero Red,5,3
Campillo,Gran Reserva Rioja,2012,FALSE,4.2,410,Rioja,Rioja,22.99,1.3615,Rioja Red,4,3
Ramon do Casar,Treixadura,2020,FALSE,4.2,407,Ribeiro,Ribeiro,11.95,1.0774,NA,NA,NA
Lustau,Candela Cream Dulce Sweet,,TRUE,4.2,405,Jerez-Xeres-Sherry,Jerez-Xeres-Sherry,7.1,0.8513,Sherry,4,3
Portal del Priorat,Clos del Portal Somni,2014,FALSE,4.2,404,Priorato,Priorato,77.36,1.8885,Priorat Red,4,3
Binigrau,Nounat,2020,FALSE,4.2,404,Mallorca,Mallorca,19.9,1.2989,NA,NA,NA
Ramon Bilbao,Mirto,2011,FALSE,4.2,402,Rioja,Rioja,28.53,1.4553,Rioja Red,4,3
Matsu,El Viejo,2019,FALSE,4.2,400,Toro,Toro,27.89,1.4454,Toro Red,5,3
Artadi,Valdegines,2016,FALSE,4.2,398,Vino de Espana,Vino de Espana,48.96,1.6898,Tempranillo,4,2
Contino,Rioja Graciano,2011,FALSE,4.2,395,Rioja,Rioja,61.94,1.792,Rioja Red,4,3
Contino,Reserva,2016,FALSE,4.2,392,Rioja,Rioja,19.98,1.3006,Rioja Red,4,3
Conreria d'Scala Dei,Les Brugueres,2018,FALSE,4.2,390,Priorato,Priorato,16.76,1.2243,Priorat Red,4,3
Mustiguillo,Finca Terrerazo,2017,FALSE,4.2,390,El Terrerazo,El Terrerazo,24.45,1.3883,Red,4,3
Matarromera,Gran Reserva,2011,FALSE,4.2,389,Ribera del Duero,Ribera del Duero,64.5,1.8096,Ribera Del Duero Red,5,3
Sei Solo,Preludio,2016,FALSE,4.2,388,Ribera del Duero,Ribera del Duero,31.63,1.5001,Ribera Del Duero Red,5,3
Vinedos de Paganos,El Puntido,2005,FALSE,4.2,384,Rioja,Rioja,73.0,1.8633,Rioja Red,4,3
La Vicalanda,Reserva,2015,FALSE,4.2,420,Rioja,Rioja,17.5,1.243,Rioja Red,4,3
Enrique Mendoza,Santa Rosa,2017,FALSE,4.2,420,Alicante,Alicante,18.9,1.2765,Red,4,3
Clos Pons,Roc Nu,2011,FALSE,4.2,420,Costers del Segre,Costers del Segre,23.95,1.3793,Red,4,3
Sierra Cantabria,Coleccion Privada,2012,FALSE,4.2,420,Rioja,Rioja,28.3,1.4518,Rioja Red,4,3
Imperial,Rioja Reserva,2004,FALSE,4.2,417,Rioja,Rioja,45.0,1.6532,Rioja Red,4,3
Losada,Altos de Losada,2018,FALSE,4.2,415,Bierzo,Bierzo,17.9,1.2529,Mencia,3,3
Mar de Frades,Rias Baixas Albarino Finca Valinas,2015,FALSE,4.2,414,Rias Baixas,Rias Baixas,16.78,1.2248,Albarino,3,3
La Rioja Alta,Vina Alberdi Crianza,2018,FALSE,4.2,410,Rioja,Rioja,13.58,1.1329,Rioja Red,4,3
Bodegas La Horra,Corimbo I,2015,FALSE,4.2,412,Ribera del Duero,Ribera del Duero,37.9,1.5786,Ribera Del Duero Red,5,3
Vina Pedrosa,Gran Reserva,2011,FALSE,4.2,410,Ribera del Duero,Ribera del Duero,51.35,1.7105,Ribera Del Duero Red,5,3
Campillo,Gran Reserva Rioja,2012,FALSE,4.2,410,Rioja,Rioja,22.99,1.3615,Rioja Red,4,3
Ramon do Casar,Treixadura,2020,FALSE,4.2,407,Ribeiro,Ribeiro,11.95,1.0774,NA,NA,NA
Lustau,Candela Cream Dulce Sweet,,TRUE,4.2,405,Jerez-Xeres-Sherry,Jerez-Xeres-Sherry,7.1,0.8513,Sherry,4,3
Portal del Priorat,Clos del Portal Somni,2014,FALSE,4.2,404,Priorato,Priorato,77.36,1.8885,Priorat Red,4,3
Binigrau,Nounat,2020,FALSE,4.2,404,Mallorca,Mallorca,19.9,1.2989,NA,NA,NA
Ramon Bilbao,Mirto,2011,FALSE,4.2,402,Rioja,Rioja,28.53,1.4553,Rioja Red,4,3
Matsu,El Viejo,2019,FALSE,4.2,400,Toro,Toro,27.89,1.4454,Toro Red,5,3
Artadi,Valdegines,2016,FALSE,4.2,398,Vino de Espana,Vino de Espana,48.96,1.6898,Tempranillo,4,2
Contino,Rioja Graciano,2011,FALSE,4.2,395,Rioja,Rioja,61.94,1.792,Rioja Red,4,3
Contino,Reserva,2016,FALSE,4.2,392,Rioja,Rioja,19.98,1.3006,Rioja Red,4,3
Conreria d'Scala Dei,Les Brugueres,2018,FALSE,4.2,390,Priorato,Priorato,16.76,1.2243,Priorat Red,4,3
Mustiguillo,Finca Terrerazo,2017,FALSE,4.2,390,El Terrerazo,El Terrerazo,24.45,1.3883,Red,4,3
Matarromera,Gran Reserva,2011,FALSE,4.2,389,Ribera del Duero,Ribera del Duero,64.5,1.8096,Ribera Del Duero Red,5,3
Sei Solo,Preludio,2016,FALSE,4.2,388,Ribera del Duero,Ribera del Duero,31.63,1.5001,Ribera Del Duero Red,5,3
Vinedos de Paganos,El Puntido,2005,FALSE,4.2,384,Rioja,Rioja,73.0,1.8633,Rioja Red,4,3
La Vicalanda,Reserva,2015,FALSE,4.2,420,Rioja,Rioja,17.5,1.243,Rioja Red,4,3
Enrique Mendoza,Santa Rosa,2017,FALSE,4.2,420,Alicante,Alicante,18.9,1.2765,Red,4,3
Clos Pons,Roc Nu,2011,FALSE,4.2,420,Costers del Segre,Costers del Segre,23.95,1.3793,Red,4,3
Sierra Cantabria,Coleccion Privada,2012,FALSE,4.2,420,Rioja,Rioja,28.3,1.4518,Rioja Red,4,3
Imperial,Rioja Reserva,2004,FALSE,4.2,417,Rioja,Rioja,45.0,1.6532,Rioja Red,4,3
Losada,Altos de Losada,2018,FALSE,4.2,415,Bierzo,Bierzo,17.9,1.2529,Mencia,3,3
Mar de Frades,Rias Baixas Albarino Finca Valinas,2015,FALSE,4.2,414,Rias Baixas,Rias Baixas,16.78,1.2248,Albarino,3,3
La Rioja Alta,Vina Alberdi Crianza,2018,FALSE,4.2,410,Rioja,Rioja,13.58,1.1329,Rioja Red,4,3
Bodegas La Horra,Corimbo I,2015,FALSE,4.2,412,Ribera del Duero,Ribera del Duero,37.9,1.5786,Ribera Del Duero Red,5,3
Vina Pedrosa,Gran Reserva,2011,FALSE,4.2,410,Ribera del Duero,Ribera del Duero,51.35,1.7105,Ribera Del Duero Red,5,3
Campillo,Gran Reserva Rioja,2012,FALSE,4.2,410,Rioja,Rioja,22.99,1.3615,Rioja Red,4,3
Ramon do Casar,Treixadura,2020,FALSE,4.2,407,Ribeiro,Ribeiro,11.95,1.0774,NA,NA,NA
Lustau,Candela Cream Dulce Sweet,,TRUE,4.2,405,Jerez-Xeres-Sherry,Jerez-Xeres-Sherry,7.1,0.8513,Sherry,4,3
Portal del Priorat,Clos del Portal Somni,2014,FALSE,4.2,404,Priorato,Priorato,77.36,1.8885,Priorat Red,4,3
Binigrau,Nounat,2020,FALSE,4.2,404,Mallorca,Mallorca,19.9,1.2989,NA,NA,NA
Ramon Bilbao,Mirto,2011,FALSE,4.2,402,Rioja,Rioja,28.53,1.4553,Rioja Red,4,3
Matsu,El Viejo,2019,FALSE,4.2,400,Toro,Toro,27.89,1.4454,Toro Red,5,3
Artadi,Valdegines,2016,FALSE,4.2,398,Vino de Espana,Vino de Espana,48.96,1.6898,Tempranillo,4,2
Contino,Rioja Graciano,2011,FALSE,4.2,395,Rioja,Rioja,61.94,1.792,Rioja Red,4,3
Contino,Reserva,2016,FALSE,4.2,392,Rioja,Rioja,19.98,1.3006,Rioja Red,4,3
Conreria d'Scala Dei,Les Brugueres,2018,FALSE,4.2,390,Priorato,Priorato,16.76,1.2243,Priorat Red,4,3
Mustiguillo,Finca Terrerazo,2017,FALSE,4.2,390,El Terrerazo,El Terrerazo,24.45,1.3883,Red,4,3
Matarromera,Gran Reserva,2011,FALSE,4.2,389,Ribera del Duero,Ribera del Duero,64.5,1.8096,Ribera Del Duero Red,5,3
Sei Solo,Preludio,2016,FALSE,4.2,388,Ribera del Duero,Ribera del Duero,31.63,1.5001,Ribera Del Duero Red,5,3
Vinedos de Paganos,El Puntido,2005,FALSE,4.2,384,Rioja,Rioja,73.0,1.8633,Rioja Red,4,3
La Vicalanda,Reserva,2015,FALSE,4.2,420,Rioja,Rioja,17.5,1.243,Rioja Red,4,3
Enrique Mendoza,Santa Rosa,2017,FALSE,4.2,420,Alicante,Alicante,18.9,1.2765,Red,4,3
Clos Pons,Roc Nu,2011,FALSE,4.2,420,Costers del Segre,Costers del Segre,23.95,1.3793,Red,4,3
Sierra Cantabria,Coleccion Privada,2012,FALSE,4.2,420,Rioja,Rioja,28.3,1.4518,Rioja Red,4,3
Imperial,Rioja Reserva,2004,FALSE,4.2,417,Rioja,Rioja,45.0,1.6532,Rioja Red,4,3
Losada,Altos de Losada,2018,FALSE,4.2,415,Bierzo,Bierzo,17.9,1.2529,Mencia,3,3
Mar de Frades,Rias Baixas Albarino Finca Valinas,2015,FALSE,4.2,414,Rias Baixas,Rias Baixas,16.78,1.2248,Albarino,3,3
La Rioja Alta,Vina Alberdi Crianza,2018,FALSE,4.2,410,Rioja,Rioja,13.58,1.1329,Rioja Red,4,3
Bodegas La Horra,Corimbo I,2015,FALSE,4.2,412,Ribera del Duero,Ribera del Duero,37.9,1.5786,Ribera Del Duero Red,5,3
Vina Pedrosa,Gran Reserva,2011,FALSE,4.2,410,Ribera del Duero,Ribera del Duero,51.35,1.7105,Ribera Del Duero Red,5,3
Campillo,Gran Reserva Rioja,2012,FALSE,4.2,410,Rioja,Rioja,22.99,1.3615,Rioja Red,4,3
Ramon do Casar,Treixadura,2020,FALSE,4.2,407,Ribeiro,Ribeiro,11.95,1.0774,NA,NA,NA
Lustau,Candela Cream Dulce Sweet,,TRUE,4.2,405,Jerez-Xeres-Sherry,Jerez-Xeres-Sherry,7.1,0.8513,Sherry,4,3
Portal del Priorat,Clos del Portal Somni,2014,FALSE,4.2,404,Priorato,Priorato,77.36,1.8885,Priorat Red,4,3
Binigrau,Nounat,2020,FALSE,4.2,404,Mallorca,Mallorca,19.9,1.2989,NA,NA,NA
Ramon Bilbao,Mirto,2011,FALSE,4.2,402,Rioja,Rioja,28.53,1.4553,Rioja Red,4,3
Matsu,El Viejo,2019,FALSE,4.2,400,Toro,Toro,27.89,1.4454,Toro Red,5,3
Artadi,Valdegines,2016,FALSE,4.2,398,Vino de Espana,Vino de Espana,48.96,1.6898,Tempranillo,4,2
Contino,Rioja Graciano,2011,FALSE,4.2,395,Rioja,Rioja,61.94,1.792,Rioja Red,4,3
Contino,Reserva,2016,FALSE,4.2,392,Rioja,Rioja,19.98,1.3006,Rioja Red,4,3
Conreria d'Scala Dei,Les Brugueres,2018,FALSE,4.2,390,Priorato,Priorato,16.76,1.2243,Priorat Red,4,3
Mustiguillo,Finca Terrerazo,2017,FALSE,4.2,390,El Terrerazo,El Terrerazo,24.45,1.3883,Red,4,3
Matarromera,Gran Reserva,2011,FALSE,4.2,389,Ribera del Duero,Ribera del Duero,64.5,1.8096,Ribera Del Duero Red,5,3
Sei Solo,Preludio,2016,FALSE,4.2,388,Ribera del Duero,Ribera del Duero,31.63,1.5001,Ribera Del Duero Red,5,3
Vinedos de Paganos,El Puntido,2005,FALSE,4.2,384,Rioja,Rioja,73.0,1.8633,Rioja Red,4,3
La Vicalanda,Reserva,2015,FALSE,4.2,420,Rioja,Rioja,17.5,1.243,Rioja Red,4,3
Enrique Mendoza,Santa Rosa,2017,FALSE,4.2,420,Alicante,Alicante,18.9,1.2765,Red,4,3
Clos Pons,Roc Nu,2011,FALSE,4.2,420,Costers del Segre,Costers del Segre,23.95,1.3793,Red,4,3
Sierra Cantabria,Coleccion Privada,2012,FALSE,4.2,420,Rioja,Rioja,28.3,1.4518,Rioja Red,4,3
Imperial,Rioja Reserva,2004,FALSE,4.2,417,Rioja,Rioja,45.0,1.6532,Rioja Red,4,3
Losada,Altos de Losada,2018,FALSE,4.2,415,Bierzo,Bierzo,17.9,1.2529,Mencia,3,3
Mar de Frades,Rias Baixas Albarino Finca Valinas,2015,FALSE,4.2,414,Rias Baixas,Rias Baixas,16.78,1.2248,Albarino,3,3
La Rioja Alta,Vina Alberdi Crianza,2018,FALSE,4.2,410,Rioja,Rioja,13.58,1.1329,Rioja Red,4,3
Bodegas La Horra,Corimbo I,2015,FALSE,4.2,412,Ribera del Duero,Ribera del Duero,37.9,1.5786,Ribera Del Duero Red,5,3
Vina Pedrosa,Gran Reserva,2011,FALSE,4.2,410,Ribera del Duero,Ribera del Duero,51.35,1.7105,Ribera Del Duero Red,5,3
Campillo,Gran Reserva Rioja,2012,FALSE,4.2,410,Rioja,Rioja,22.99,1.3615,Rioja Red,4,3
Ramon do Casar,Treixadura,2020,FALSE,4.2,407,Ribeiro,Ribeiro,11.95,1.0774,NA,NA,NA
Lustau,Candela Cream Dulce Sweet,,TRUE,4.2,405,Jerez-Xeres-Sherry,Jerez-Xeres-Sherry,7.1,0.8513,Sherry,4,3
Portal del Priorat,Clos del Portal Somni,2014,FALSE,4.2,404,Priorato,Priorato,77.36,1.8885,Priorat Red,4,3
Binigrau,Nounat,2020,FALSE,4.2,404,Mallorca,Mallorca,19.9,1.2989,NA,NA,NA
Ramon Bilbao,Mirto,2011,FALSE,4.2,402,Rioja,Rioja,28.53,1.4553,Rioja Red,4,3
Matsu,El Viejo,2019,FALSE,4.2,400,Toro,Toro,27.89,1.4454,Toro Red,5,3
Artadi,Valdegines,2016,FALSE,4.2,398,Vino de Espana,Vino de Espana,48.96,1.6898,Tempranillo,4,2
Contino,Rioja Graciano,2011,FALSE,4.2,395,Rioja,Rioja,61.94,1.792,Rioja Red,4,3
Contino,Reserva,2016,FALSE,4.2,392,Rioja,Rioja,19.98,1.3006,Rioja Red,4,3
Conreria d'Scala Dei,Les Brugueres,2018,FALSE,4.2,390,Priorato,Priorato,16.76,1.2243,Priorat Red,4,3
Mustiguillo,Finca Terrerazo,2017,FALSE,4.2,390,El Terrerazo,El Terrerazo,24.45,1.3883,Red,4,3
Matarromera,Gran Reserva,2011,FALSE,4.2,389,Ribera del Duero,Ribera del Duero,64.5,1.8096,Ribera Del Duero Red,5,3
Sei Solo,Preludio,2016,FALSE,4.2,388,Ribera del Duero,Ribera del Duero,31.63,1.5001,Ribera Del Duero Red,5,3
Vinedos de Paganos,El Puntido,2005,FALSE,4.2,384,Rioja,Rioja,73.0,1.8633,Rioja Red,4,3
La Vicalanda,Reserva,2015,FALSE,4.2,420,Rioja,Rioja,17.5,1.243,Rioja Red,4,3
Enrique Mendoza,Santa Rosa,2017,FALSE,4.2,420,Alicante,Alicante,18.9,1.2765,Red,4,3
Clos Pons,Roc Nu,2011,FALSE,4.2,420,Costers del Segre,Costers del Segre,23.95,1.3793,Red,4,3
Sierra Cantabria,Coleccion Privada,2012,FALSE,4.2,420,Rioja,Rioja,28.3,1.4518,Rioja Red,4,3
Imperial,Rioja Reserva,2004,FALSE,4.2,417,Rioja,Rioja,45.0,1.6532,Rioja Red,4,3
Losada,Altos de Losada,2018,FALSE,4.2,415,Bierzo,Bierzo,17.9,1.2529,Mencia,3,3
Mar de Frades,Rias Baixas Albarino Finca Valinas,2015,FALSE,4.2,414,Rias Baixas,Rias Baixas,16.78,1.2248,Albarino,3,3
La Rioja Alta,Vina Alberdi Crianza,2018,FALSE,4.2,410,Rioja,Rioja,13.58,1.1329,Rioja Red,4,3
Bodegas La Horra,Corimbo I,2015,FALSE,4.2,412,Ribera del Duero,Ribera del Duero,37.9,1.5786,Ribera Del Duero Red,5,3
Vina Pedrosa,Gran Reserva,2011,FALSE,4.2,410,Ribera del Duero,Ribera del Duero,51.35,1.7105,Ribera Del Duero Red,5,3
Campillo,Gran Reserva Rioja,2012,FALSE,4.2,410,Rioja,Rioja,22.99,1.3615,Rioja Red,4,3
Ramon do Casar,Treixadura,2020,FALSE,4.2,407,Ribeiro,Ribeiro,11.95,1.0774,NA,NA,NA
Lustau,Candela Cream Dulce Sweet,,TRUE,4.2,405,Jerez-Xeres-Sherry,Jerez-Xeres-Sherry,7.1,0.8513,Sherry,4,3
Portal del Priorat,Clos del Portal Somni,2014,FALSE,4.2,404,Priorato,Priorato,77.36,1.8885,Priorat Red,4,3
Binigrau,Nounat,2020,FALSE,4.2,404,Mallorca,Mallorca,19.9,1.2989,NA,NA,NA
Ramon Bilbao,Mirto,2011,FALSE,4.2,402,Rioja,Rioja,28.53,1.4553,Rioja Red,4,3
Matsu,El Viejo,2019,FALSE,4.2,400,Toro,Toro,27.89,1.4454,Toro Red,5,3
Artadi,Valdegines,2016,FALSE,4.2,398,Vino de Espana,Vino de Espana,48.96,1.6898,Tempranillo,4,2
Contino,Rioja Graciano,2011,FALSE,4.2,395,Rioja,Rioja,61.94,1.792,Rioja Red,4,3
Contino,Reserva,2016,FALSE,4.2,392,Rioja,Rioja,19.98,1.3006,Rioja Red,4,3
Conreria d'Scala Dei,Les Brugueres,2018,FALSE,4.2,390,Priorato,Priorato,16.76,1.2243,Priorat Red,4,3
Mustiguillo,Finca Terrerazo,2017,FALSE,4.2,390,El Terrerazo,El Terrerazo,24.45,1.3883,Red,4,3
Matarromera,Gran Reserva,2011,FALSE,4.2,389,Ribera del Duero,Ribera del Duero,64.5,1.8096,Ribera Del Duero Red,5,3
Sei Solo,Preludio,2016,FALSE,4.2,388,Ribera del Duero,Ribera del Duero,31.63,1.5001,Ribera Del Duero Red,5,3
Vinedos de Paganos,El Puntido,2005,FALSE,4.2,384,Rioja,Rioja,73.0,1.8633,Rioja Red,4,3
La Vicalanda,Reserva,2015,FALSE,4.2,420,Rioja,Rioja,17.5,1.243,Rioja Red,4,3
Enrique Mendoza,Santa Rosa,2017,FALSE,4.2,420,Alicante,Alicante,18.9,1.2765,Red,4,3
Clos Pons,Roc Nu,2011,FALSE,4.2,420,Costers del Segre,Costers del Segre,23.95,1.3793,Red,4,3
Sierra Cantabria,Coleccion Privada,2012,FALSE,4.2,420,Rioja,Rioja,28.3,1.4518,Rioja Red,4,3
Imperial,Rioja Reserva,2004,FALSE,4.2,417,Rioja,Rioja,45.0,1.6532,Rioja Red,4,3
Losada,Altos de Losada,2018,FALSE,4.2,415,Bierzo,Bierzo,17.9,1.2529,Mencia,3,3
Mar de Frades,Rias Baixas Albarino Finca Valinas,2015,FALSE,4.2,414,Rias Baixas,Rias Baixas,16.78,1.2248,Albarino,3,3
La Rioja Alta,Vina Alberdi Crianza,2018,FALSE,4.2,410,Rioja,Rioja,13.58,1.1329,Rioja Red,4,3
Bodegas La Horra,Corimbo I,2015,FALSE,4.2,412,Ribera del Duero,Ribera del Duero,37.9,1.5786,Ribera Del Duero Red,5,3
Vina Pedrosa,Gran Reserva,2011,FALSE,4.2,410,Ribera del Duero,Ribera del Duero,51.35,1.7105,Ribera Del Duero Red,5,3
Campillo,Gran Reserva Rioja,2012,FALSE,4.2,410,Rioja,Rioja,22.99,1.3615,Rioja Red,4,3
Ramon do Casar,Treixadura,2020,FALSE,4.2,407,Ribeiro,Ribeiro,11.95,1.0774,NA,NA,NA
Lustau,Candela Cream Dulce Sweet,,TRUE,4.2,405,Jerez-Xeres-Sherry,Jerez-Xeres-Sherry,7.1,0.8513,Sherry,4,3
Portal del Priorat,Clos del Portal Somni,2014,FALSE,4.2,404,Priorato,Priorato,77.36,1.8885,Priorat Red,4,3
Binigrau,Nounat,2020,FALSE,4.2,404,Mallorca,Mallorca,19.9,1.2989,NA,NA,NA
Ramon Bilbao,Mirto,2011,FALSE,4.2,402,Rioja,Rioja,28.53,1.4553,Rioja Red,4,3
Matsu,El Viejo,2019,FALSE,4.2,400,Toro,Toro,27.89,1.4454,Toro Red,5,3
Artadi,Valdegines,2016,FALSE,4.2,398,Vino de Espana,Vino de Espana,48.96,1.6898,Tempranillo,4,2
Contino,Rioja Graciano,2011,FALSE,4.2,395,Rioja,Rioja,61.94,1.792,Rioja Red,4,3
Contino,Reserva,2016,FALSE,4.2,392,Rioja,Rioja,19.98,1.3006,Rioja Red,4,3
Conreria d'Scala Dei,Les Brugueres,2018,FALSE,4.2,390,Priorato,Priorato,16.76,1.2243,Priorat Red,4,3
Mustiguillo,Finca Terrerazo,2017,FALSE,4.2,390,El Terrerazo,El Terrerazo,24.45,1.3883,Red,4,3
Matarromera,Gran Reserva,2011,FALSE,4.2,389,Ribera del Duero,Ribera del Duero,64.5,1.8096,Ribera Del Duero Red,5,3
Sei Solo,Preludio,2016,FALSE,4.2,388,Ribera del Duero,Ribera del Duero,31.63,1.5001,Ribera Del Duero Red,5,3
Vinedos de Paganos,El Puntido,2005,FALSE,4.2,384,Rioja,Rioja,73.0,1.8633,Rioja Red,4,3
La Vicalanda,Reserva,2015,FALSE,4.2,420,Rioja,Rioja,17.5,1.243,Rioja Red,4,3
Enrique Mendoza,Santa Rosa,2017,FALSE,4.2,420,Alicante,Alicante,18.9,1.2765,Red,4,3
Clos Pons,Roc Nu,2011,FALSE,4.2,420,Costers del Segre,Costers del Segre,23.95,1.3793,Red,4,3
Sierra Cantabria,Coleccion Privada,2012,FALSE,4.2,420,Rioja,Rioja,28.3,1.4518,Rioja Red,4,3
Imperial,Rioja Reserva,2004,FALSE,4.2,417,Rioja,Rioja,45.0,1.6532,Rioja Red,4,3
Losada,Altos de Losada,2018,FALSE,4.2,415,Bierzo,Bierzo,17.9,1.2529,Mencia,3,3
Mar de Frades,Rias Baixas Albarino Finca Valinas,2015,FALSE,4.2,414,Rias Baixas,Rias Baixas,16.78,1.2248,Albarino,3,3
La Rioja Alta,Vina Alberdi Crianza,2018,FALSE,4.2,410,Rioja,Rioja,13.58,1.1329,Rioja Red,4,3
Bodegas La Horra,Corimbo I,2015,FALSE,4.2,412,Ribera del Duero,Ribera del Duero,37.9,1.5786,Ribera Del Duero Red,5,3
Vina Pedrosa,Gran Reserva,2011,FALSE,4.2,410,Ribera del Duero,Ribera del Duero,51.35,1.7105,Ribera Del Duero Red,5,3
Campillo,Gran Reserva Rioja,2012,FALSE,4.2,410,Rioja,Rioja,22.99,1.3615,Rioja Red,4,3
Ramon do Casar,Treixadura,2020,FALSE,4.2,407,Ribeiro,Ribeiro,11.95,1.0774,NA,NA,NA
Lustau,Candela Cream Dulce Sweet,,TRUE,4.2,405,Jerez-Xeres-Sherry,Jerez-Xeres-Sherry,7.1,0.8513,Sherry,4,3
Portal del Priorat,Clos del Portal Somni,2014,FALSE,4.2,404,Priorato,Priorato,77.36,1.8885,Priorat Red,4,3
Binigrau,Nounat,2020,FALSE,4.2,404,Mallorca,Mallorca,19.9,1.2989,NA,NA,NA
Ramon Bilbao,Mirto,2011,FALSE,4.2,402,Rioja,Rioja,28.53,1.4553,Rioja Red,4,3
Matsu,El Viejo,2019,FALSE,4.2,400,Toro,Toro,27.89,1.4454,Toro Red,5,3
Artadi,Valdegines,2016,FALSE,4.2,398,Vino de Espana,Vino de Espana,48.96,1.6898,Tempranillo,4,2
Contino,Rioja Graciano,2011,FALSE,4.2,395,Rioja,Rioja,61.94,1.792,Rioja Red,4,3
Contino,Reserva,2016,FALSE,4.2,392,Rioja,Rioja,19.98,1.3006,Rioja Red,4,3
Conreria d'Scala Dei,Les Brugueres,2018,FALSE,4.2,390,Priorato,Priorato,16.76,1.2243,Priorat Red,4,3
Mustiguillo,Finca Terrerazo,2017,FALSE,4.2,390,El Terrerazo,El Terrerazo,24.45,1.3883,Red,4,3
Matarromera,Gran Reserva,2011,FALSE,4.2,389,Ribera del Duero,Ribera del Duero,64.5,1.8096,Ribera Del Duero Red,5,3
Sei Solo,Preludio,2016,FALSE,4.2,388,Ribera del Duero,Ribera del Duero,31.63,1.5001,Ribera Del Duero Red,5,3
Vinedos de Paganos,El Puntido,2005,FALSE,4.2,384,Rioja,Rioja,73.0,1.8633,Rioja Red,4,3
La Vicalanda,Reserva,2015,FALSE,4.2,420,Rioja,Rioja,17.5,1.243,Rioja Red,NA,NA
Enrique Mendoza,Santa Rosa,2017,FALSE,4.2,420,Alicante,Alicante,18.9,1.2765,Red,NA,NA
Clos Pons,Roc Nu,2011,FALSE,4.2,420,Costers del Segre,Costers del Segre,23.95,1.3793,Red,NA,NA
Sierra Cantabria,Coleccion Privada,2012,FALSE,4.2,420,Rioja,Rioja,28.3,1.4518,Rioja Red,NA,NA
Imperial,Rioja Reserva,2004,FALSE,4.2,417,Rioja,Rioja,45.0,1.6532,Rioja Red,NA,NA
Losada,Altos de Losada,2018,FALSE,4.2,415,Bierzo,Bierzo,17.9,1.2529,Mencia,NA,NA
Mar de Frades,Rias Baixas Albarino Finca Valinas,2015,FALSE,4.2,414,Rias Baixas,Rias Baixas,16.78,1.2248,Albarino,NA,NA
La Rioja Alta,Vina Alberdi Crianza,2018,FALSE,4.2,410,Rioja,Rioja,13.58,1.1329,Rioja Red,NA,NA
Bodegas La Horra,Corimbo I,2015,FALSE,4.2,412,Ribera del Duero,Ribera del Duero,37.9,1.5786,Ribera Del Duero Red,NA,NA
Vina Pedrosa,Gran Reserva,2011,FALSE,4.2,410,Ribera del Duero,Ribera del Duero,51.35,1.7105,Ribera Del Duero Red,NA,NA
Campillo,Gran Reserva Rioja,2012,FALSE,4.2,410,Rioja,Rioja,22.99,1.3615,Rioja Red,NA,NA
Ramon do Casar,Treixadura,2020,FALSE,4.2,407,Ribeiro,Ribeiro,11.95,1.0774,NA,NA,NA
Lustau,Candela Cream Dulce Sweet,,TRUE,4.2,405,Jerez-Xeres-Sherry,Jerez-Xeres-Sherry,7.1,0.8513,Sherry,NA,NA
Portal del Priorat,Clos del Portal Somni,2014,FALSE,4.2,404,Priorato,Priorato,77.36,1.8885,Priorat Red,NA,NA
Binigrau,Nounat,2020,FALSE,4.2,404,Mallorca,Mallorca,19.9,1.2989,NA,NA,NA
Ramon Bilbao,Mirto,2011,FALSE,4.2,402,Rioja,Rioja,28.53,1.4553,Rioja Red,NA,NA
Matsu,El Viejo,2019,FALSE,4.2,400,Toro,Toro,27.89,1.4454,Toro Red,NA,NA
Artadi,Valdegines,2016,FALSE,4.2,398,Vino de Espana,Vino de Espana,48.96,1.6898,Tempranillo,NA,NA
Contino,Rioja Graciano,2011,FALSE,4.2,395,Rioja,Rioja,61.94,1.792,Rioja Red,NA,NA
Contino,Reserva,2016,FALSE,4.2,392,Rioja,Rioja,19.98,1.3006,Rioja Red,NA,NA
Conreria d'Scala Dei,Les Brugueres,2018,FALSE,4.2,390,Priorato,Priorato,16.76,1.2243,Priorat Red,NA,NA
Mustiguillo,Finca Terrerazo,2017,FALSE,4.2,390,El Terrerazo,El Terrerazo,24.45,1.3883,Red,NA,NA
Matarromera,Gran Reserva,2011,FALSE,4.2,389,Ribera del Duero,Ribera del Duero,64.5,1.8096,Ribera Del Duero Red,NA,NA
Sei Solo,Preludio,2016,FALSE,4.2,388,Ribera del Duero,Ribera del Duero,31.63,1.5001,Ribera Del Duero Red,NA,NA
Vinedos de Paganos,El Puntido,2005,FALSE,4.2,384,Rioja,Rioja,73.0,1.8633,Rioja Red,NA,NA
La Vicalanda,Reserva,2015,FALSE,4.2,420,Rioja,Rioja,17.5,1.243,Rioja Red,4,3
Enrique Mendoza,Santa Rosa,2017,FALSE,4.2,420,Alicante,Alicante,18.9,1.2765,Red,4,3
Clos Pons,Roc Nu,2011,FALSE,4.2,420,Costers del Segre,Costers del Segre,23.95,1.3793,Red,4,3
Sierra Cantabria,Coleccion Privada,2012,FALSE,4.2,420,Rioja,Rioja,28.3,1.4518,Rioja Red,4,3
Imperial,Rioja Reserva,2004,FALSE,4.2,417,Rioja,Rioja,45.0,1.6532,Rioja Red,4,3
Losada,Altos de Losada,2018,FALSE,4.2,415,Bierzo,Bierzo,17.9,1.2529,Mencia,3,3
Mar de Frades,Rias Baixas Albarino Finca Valinas,2015,FALSE,4.2,414,Rias Baixas,Rias Baixas,16.78,1.2248,Albarino,3,3
La Rioja Alta,Vina Alberdi Crianza,2018,FALSE,4.2,410,Rioja,Rioja,13.58,1.1329,Rioja Red,4,3
Bodegas La Horra,Corimbo I,2015,FALSE,4.2,412,Ribera del Duero,Ribera del Duero,37.9,1.5786,Ribera Del Duero Red,5,3
Vina Pedrosa,Gran Reserva,2011,FALSE,4.2,410,Ribera del Duero,Ribera del Duero,51.35,1.7105,Ribera Del Duero Red,5,3
Campillo,Gran Reserva Rioja,2012,FALSE,4.2,410,Rioja,Rioja,22.99,1.3615,Rioja Red,4,3
Ramon do Casar,Treixadura,2020,FALSE,4.2,407,Ribeiro,Ribeiro,11.95,1.0774,NA,NA,NA
Lustau,Candela Cream Dulce Sweet,,TRUE,4.2,405,Jerez-Xeres-Sherry,Jerez-Xeres-Sherry,7.1,0.8513,Sherry,4,3
Portal del Priorat,Clos del Portal Somni,2014,FALSE,4.2,404,Priorato,Priorato,77.36,1.8885,Priorat Red,4,3
Binigrau,Nounat,2020,FALSE,4.2,404,Mallorca,Mallorca,19.9,1.2989,NA,NA,NA
Ramon Bilbao,Mirto,2011,FALSE,4.2,402,Rioja,Rioja,28.53,1.4553,Rioja Red,4,3
Matsu,El Viejo,2019,FALSE,4.2,400,Toro,Toro,27.89,1.4454,Toro Red,5,3
Artadi,Valdegines,2016,FALSE,4.2,398,Vino de Espana,Vino de Espana,48.96,1.6898,Tempranillo,4,2
Contino,Rioja Graciano,2011,FALSE,4.2,395,Rioja,Rioja,61.94,1.792,Rioja Red,4,3
Contino,Reserva,2016,FALSE,4.2,392,Rioja,Rioja,19.98,1.3006,Rioja Red,4,3
Conreria d'Scala Dei,Les Brugueres,2018,FALSE,4.2,390,Priorato,Priorato,16.76,1.2243,Priorat Red,4,3
Mustiguillo,Finca Terrerazo,2017,FALSE,4.2,390,El Terrerazo,El Terrerazo,24.45,1.3883,Red,4,3
Matarromera,Gran Reserva,2011,FALSE,4.2,389,Ribera del Duero,Ribera del Duero,64.5,1.8096,Ribera Del Duero Red,5,3
Sei Solo,Preludio,2016,FALSE,4.2,388,Ribera del Duero,Ribera del Duero,31.63,1.5001,Ribera Del Duero Red,5,3
Vinedos de Paganos,El Puntido,2005,FALSE,4.2,384,Rioja,Rioja,73.0,1.8633,Rioja Red,4,3
La Vicalanda,Reserva,2015,FALSE,4.2,420,Rioja,Rioja,17.5,1.243,Rioja Red,NA,NA
Enrique Mendoza,Santa Rosa,2017,FALSE,4.2,420,Alicante,Alicante,18.9,1.2765,Red,NA,NA
Clos Pons,Roc Nu,2011,FALSE,4.2,420,Costers del Segre,Costers del Segre,23.95,1.3793,Red,NA,NA
Sierra Cantabria,Coleccion Privada,2012,FALSE,4.2,420,Rioja,Rioja,28.3,1.4518,Rioja Red,NA,NA
Imperial,Rioja Reserva,2004,FALSE,4.2,417,Rioja,Rioja,45.0,1.6532,Rioja Red,NA,NA
Losada,Altos de Losada,2018,FALSE,4.2,415,Bierzo,Bierzo,17.9,1.2529,Mencia,NA,NA
Mar de Frades,Rias Baixas Albarino Finca Valinas,2015,FALSE,4.2,414,Rias Baixas,Rias Baixas,16.78,1.2248,Albarino,NA,NA
La Rioja Alta,Vina Alberdi Crianza,2018,FALSE,4.2,410,Rioja,Rioja,13.58,1.1329,Rioja Red,NA,NA
Bodegas La Horra,Corimbo I,2015,FALSE,4.2,412,Ribera del Duero,Ribera del Duero,37.9,1.5786,Ribera Del Duero Red,NA,NA
Vina Pedrosa,Gran Reserva,2011,FALSE,4.2,410,Ribera del Duero,Ribera del Duero,51.35,1.7105,Ribera Del Duero Red,NA,NA
Campillo,Gran Reserva Rioja,2012,FALSE,4.2,410,Rioja,Rioja,22.99,1.3615,Rioja Red,NA,NA
Ramon do Casar,Treixadura,2020,FALSE,4.2,407,Ribeiro,Ribeiro,11.95,1.0774,NA,NA,NA
Lustau,Candela Cream Dulce Sweet,,TRUE,4.2,405,Jerez-Xeres-Sherry,Jerez-Xeres-Sherry,7.1,0.8513,Sherry,NA,NA
Portal del Priorat,Clos del Portal Somni,2014,FALSE,4.2,404,Priorato,Priorato,77.36,1.8885,Priorat Red,NA,NA
Binigrau,Nounat,2020,FALSE,4.2,404,Mallorca,Mallorca,19.9,1.2989,NA,NA,NA
Ramon Bilbao,Mirto,2011,FALSE,4.2,402,Rioja,Rioja,28.53,1.4553,Rioja Red,NA,NA
Matsu,El Viejo,2019,FALSE,4.2,400,Toro,Toro,27.89,1.4454,Toro Red,NA,NA
Artadi,Valdegines,2016,FALSE,4.2,398,Vino de Espana,Vino de Espana,48.96,1.6898,Tempranillo,NA,NA
Contino,Rioja Graciano,2011,FALSE,4.2,395,Rioja,Rioja,61.94,1.792,Rioja Red,NA,NA
Contino,Reserva,2016,FALSE,4.2,392,Rioja,Rioja,19.98,1.3006,Rioja Red,NA,NA
Conreria d'Scala Dei,Les Brugueres,2018,FALSE,4.2,390,Priorato,Priorato,16.76,1.2243,Priorat Red,NA,NA
Mustiguillo,Finca Terrerazo,2017,FALSE,4.2,390,El Terrerazo,El Terrerazo,24.45,1.3883,Red,NA,NA
Matarromera,Gran Reserva,2011,FALSE,4.2,389,Ribera del Duero,Ribera del Duero,64.5,1.8096,Ribera Del Duero Red,NA,NA
Sei Solo,Preludio,2016,FALSE,4.2,388,Ribera del Duero,Ribera del Duero,31.63,1.5001,Ribera Del Duero Red,NA,NA
Vinedos de Paganos,El Puntido,2005,FALSE,4.2,384,Rioja,Rioja,73.0,1.8633,Rioja Red,NA,NA
La Vicalanda,Reserva,2015,FALSE,4.2,420,Rioja,Rioja,17.5,1.243,Rioja Red,4,3
Enrique Mendoza,Santa Rosa,2017,FALSE,4.2,420,Alicante,Alicante,18.9,1.2765,Red,4,3
Clos Pons,Roc Nu,2011,FALSE,4.2,420,Costers del Segre,Costers del Segre,23.95,1.3793,Red,4,3
Sierra Cantabria,Coleccion Privada,2012,FALSE,4.2,420,Rioja,Rioja,28.3,1.4518,Rioja Red,4,3
Imperial,Rioja Reserva,2004,FALSE,4.2,417,Rioja,Rioja,45.0,1.6532,Rioja Red,4,3
Losada,Altos de Losada,2018,FALSE,4.2,415,Bierzo,Bierzo,17.9,1.2529,Mencia,3,3
Mar de Frades,Rias Baixas Albarino Finca Valinas,2015,FALSE,4.2,414,Rias Baixas,Rias Baixas,16.78,1.2248,Albarino,3,3
La Rioja Alta,Vina Alberdi Crianza,2018,FALSE,4.2,410,Rioja,Rioja,13.58,1.1329,Rioja Red,4,3
Bodegas La Horra,Corimbo I,2015,FALSE,4.2,412,Ribera del Duero,Ribera del Duero,37.9,1.5786,Ribera Del Duero Red,5,3
Vina Pedrosa,Gran Reserva,2011,FALSE,4.2,410,Ribera del Duero,Ribera del Duero,51.35,1.7105,Ribera Del Duero Red,5,3
Campillo,Gran Reserva Rioja,2012,FALSE,4.2,410,Rioja,Rioja,22.99,1.3615,Rioja Red,4,3
Ramon do Casar,Treixadura,2020,FALSE,4.2,407,Ribeiro,Ribeiro,11.95,1.0774,NA,NA,NA
Lustau,Candela Cream Dulce Sweet,,TRUE,4.2,405,Jerez-Xeres-Sherry,Jerez-Xeres-Sherry,7.1,0.8513,Sherry,4,3
Portal del Priorat,Clos del Portal Somni,2014,FALSE,4.2,404,Priorato,Priorato,77.36,1.8885,Priorat Red,4,3
Binigrau,Nounat,2020,FALSE,4.2,404,Mallorca,Mallorca,19.9,1.2989,NA,NA,NA
Ramon Bilbao,Mirto,2011,FALSE,4.2,402,Rioja,Rioja,28.53,1.4553,Rioja Red,4,3
Matsu,El Viejo,2019,FALSE,4.2,400,Toro,Toro,27.89,1.4454,Toro Red,5,3
Artadi,Valdegines,2016,FALSE,4.2,398,Vino de Espana,Vino de Espana,48.96,1.6898,Tempranillo,4,2
Contino,Rioja Graciano,2011,FALSE,4.2,395,Rioja,Rioja,61.94,1.792,Rioja Red,4,3
Contino,Reserva,2016,FALSE,4.2,392,Rioja,Rioja,19.98,1.3006,Rioja Red,4,3
Conreria d'Scala Dei,Les Brugueres,2018,FALSE,4.2,390,Priorato,Priorato,16.76,1.2243,Priorat Red,4,3
Mustiguillo,Finca Terrerazo,2017,FALSE,4.2,390,El Terrerazo,El Terrerazo,24.45,1.3883,Red,4,3
Matarromera,Gran Reserva,2011,FALSE,4.2,389,Ribera del Duero,Ribera del Duero,64.5,1.8096,Ribera Del Duero Red,5,3
Sei Solo,Preludio,2016,FALSE,4.2,388,Ribera del Duero,Ribera del Duero,31.63,1.5001,Ribera Del Duero Red,5,3
Vinedos de Paganos,El Puntido,2005,FALSE,4.2,384,Rioja,Rioja,73.0,1.8633,Rioja Red,4,3
La Vicalanda,Reserva,2015,FALSE,4.2,420,Rioja,Rioja,17.5,1.243,Rioja Red,4,3
Enrique Mendoza,Santa Rosa,2017,FALSE,4.2,420,Alicante,Alicante,18.9,1.2765,Red,4,3
Clos Pons,Roc Nu,2011,FALSE,4.2,420,Costers del Segre,Costers del Segre,23.95,1.3793,Red,4,3
Sierra Cantabria,Coleccion Privada,2012,FALSE,4.2,420,Rioja,Rioja,28.3,1.4518,Rioja Red,4,3
Imperial,Rioja Reserva,2004,FALSE,4.2,417,Rioja,Rioja,45.0,1.6532,Rioja Red,4,3
Losada,Altos de Losada,2018,FALSE,4.2,415,Bierzo,Bierzo,17.9,1.2529,Mencia,3,3
Mar de Frades,Rias Baixas Albarino Finca Valinas,2015,FALSE,4.2,414,Rias Baixas,Rias Baixas,16.78,1.2248,Albarino,3,3
La Rioja Alta,Vina Alberdi Crianza,2018,FALSE,4.2,410,Rioja,Rioja,13.58,1.1329,Rioja Red,4,3
Bodegas La Horra,Corimbo I,2015,FALSE,4.2,412,Ribera del Duero,Ribera del Duero,37.9,1.5786,Ribera Del Duero Red,5,3
Vina Pedrosa,Gran Reserva,2011,FALSE,4.2,410,Ribera del Duero,Ribera del Duero,51.35,1.7105,Ribera Del Duero Red,5,3
Campillo,Gran Reserva Rioja,2012,FALSE,4.2,410,Rioja,Rioja,22.99,1.3615,Rioja Red,4,3
Ramon do Casar,Treixadura,2020,FALSE,4.2,407,Ribeiro,Ribeiro,11.95,1.0774,NA,NA,NA
Lustau,Candela Cream Dulce Sweet,,TRUE,4.2,405,Jerez-Xeres-Sherry,Jerez-Xeres-Sherry,7.1,0.8513,Sherry,4,3
Portal del Priorat,Clos del Portal Somni,2014,FALSE,4.2,404,Priorato,Priorato,77.36,1.8885,Priorat Red,4,3
Binigrau,Nounat,2020,FALSE,4.2,404,Mallorca,Mallorca,19.9,1.2989,NA,NA,NA
Ramon Bilbao,Mirto,2011,FALSE,4.2,402,Rioja,Rioja,28.53,1.4553,Rioja Red,4,3
Matsu,El Viejo,2019,FALSE,4.2,400,Toro,Toro,27.89,1.4454,Toro Red,5,3
Artadi,Valdegines,2016,FALSE,4.2,398,Vino de Espana,Vino de Espana,48.96,1.6898,Tempranillo,4,2
Contino,Rioja Graciano,2011,FALSE,4.2,395,Rioja,Rioja,61.94,1.792,Rioja Red,4,3
Contino,Reserva,2016,FALSE,4.2,392,Rioja,Rioja,19.98,1.3006,Rioja Red,4,3
Conreria d'Scala Dei,Les Brugueres,2018,FALSE,4.2,390,Priorato,Priorato,16.76,1.2243,Priorat Red,4,3
Mustiguillo,Finca Terrerazo,2017,FALSE,4.2,390,El Terrerazo,El Terrerazo,24.45,1.3883,Red,4,3
Matarromera,Gran Reserva,2011,FALSE,4.2,389,Ribera del Duero,Ribera del Duero,64.5,1.8096,Ribera Del Duero Red,5,3
Sei Solo,Preludio,2016,FALSE,4.2,388,Ribera del Duero,Ribera del Duero,31.63,1.5001,Ribera Del Duero Red,5,3
Vinedos de Paganos,El Puntido,2005,FALSE,4.2,384,Rioja,Rioja,73.0,1.8633,Rioja Red,4,3
La Vicalanda,Reserva,2015,FALSE,4.2,420,Rioja,Rioja,17.5,1.243,Rioja Red,4,3
Enrique Mendoza,Santa Rosa,2017,FALSE,4.2,420,Alicante,Alicante,18.9,1.2765,Red,4,3
Clos Pons,Roc Nu,2011,FALSE,4.2,420,Costers del Segre,Costers del Segre,23.95,1.3793,Red,4,3
Sierra Cantabria,Coleccion Privada,2012,FALSE,4.2,420,Rioja,Rioja,28.3,1.4518,Rioja Red,4,3
Imperial,Rioja Reserva,2004,FALSE,4.2,417,Rioja,Rioja,45.0,1.6532,Rioja Red,4,3
Losada,Altos de Losada,2018,FALSE,4.2,415,Bierzo,Bierzo,17.9,1.2529,Mencia,3,3
Mar de Frades,Rias Baixas Albarino Finca Valinas,2015,FALSE,4.2,414,Rias Baixas,Rias Baixas,16.78,1.2248,Albarino,3,3
La Rioja Alta,Vina Alberdi Crianza,2018,FALSE,4.2,410,Rioja,Rioja,13.58,1.1329,Rioja Red,4,3
Bodegas La Horra,Corimbo I,2015,FALSE,4.2,412,Ribera del Duero,Ribera del Duero,37.9,1.5786,Ribera Del Duero Red,5,3
Vina Pedrosa,Gran Reserva,2011,FALSE,4.2,410,Ribera del Duero,Ribera del Duero,51.35,1.7105,Ribera Del Duero Red,5,3
Campillo,Gran Reserva Rioja,2012,FALSE,4.2,410,Rioja,Rioja,22.99,1.3615,Rioja Red,4,3
Ramon do Casar,Treixadura,2020,FALSE,4.2,407,Ribeiro,Ribeiro,11.95,1.0774,NA,NA,NA
Lustau,Candela Cream Dulce Sweet,,TRUE,4.2,405,Jerez-Xeres-Sherry,Jerez-Xeres-Sherry,7.1,0.8513,Sherry,4,3
Portal del Priorat,Clos del Portal Somni,2014,FALSE,4.2,404,Priorato,Priorato,77.36,1.8885,Priorat Red,4,3
Binigrau,Nounat,2020,FALSE,4.2,404,Mallorca,Mallorca,19.9,1.2989,NA,NA,NA
Ramon Bilbao,Mirto,2011,FALSE,4.2,402,Rioja,Rioja,28.53,1.4553,Rioja Red,4,3
Matsu,El Viejo,2019,FALSE,4.2,400,Toro,Toro,27.89,1.4454,Toro Red,5,3
Artadi,Valdegines,2016,FALSE,4.2,398,Vino de Espana,Vino de Espana,48.96,1.6898,Tempranillo,4,2
Contino,Rioja Graciano,2011,FALSE,4.2,395,Rioja,Rioja,61.94,1.792,Rioja Red,4,3
Contino,Reserva,2016,FALSE,4.2,392,Rioja,Rioja,19.98,1.3006,Rioja Red,4,3
Conreria d'Scala Dei,Les Brugueres,2018,FALSE,4.2,390,Priorato,Priorato,16.76,1.2243,Priorat Red,4,3
Mustiguillo,Finca Terrerazo,2017,FALSE,4.2,390,El Terrerazo,El Terrerazo,24.45,1.3883,Red,4,3
Matarromera,Gran Reserva,2011,FALSE,4.2,389,Ribera del Duero,Ribera del Duero,64.5,1.8096,Ribera Del Duero Red,5,3
Sei Solo,Preludio,2016,FALSE,4.2,388,Ribera del Duero,Ribera del Duero,31.63,1.5001,Ribera Del Duero Red,5,3
Vinedos de Paganos,El Puntido,2005,FALSE,4.2,384,Rioja,Rioja,73.0,1.8633,Rioja Red,4,3
La Vicalanda,Reserva,2015,FALSE,4.2,420,Rioja,Rioja,17.5,1.243,Rioja Red,4,3
Enrique Mendoza,Santa Rosa,2017,FALSE,4.2,420,Alicante,Alicante,18.9,1.2765,Red,4,3
Clos Pons,Roc Nu,2011,FALSE,4.2,420,Costers del Segre,Costers del Segre,23.95,1.3793,Red,4,3
Sierra Cantabria,Coleccion Privada,2012,FALSE,4.2,420,Rioja,Rioja,28.3,1.4518,Rioja Red,4,3
Imperial,Rioja Reserva,2004,FALSE,4.2,417,Rioja,Rioja,45.0,1.6532,Rioja Red,4,3
Losada,Altos de Losada,2018,FALSE,4.2,415,Bierzo,Bierzo,17.9,1.2529,Mencia,3,3
Mar de Frades,Rias Baixas Albarino Finca Valinas,2015,FALSE,4.2,414,Rias Baixas,Rias Baixas,16.78,1.2248,Albarino,3,3
La Rioja Alta,Vina Alberdi Crianza,2018,FALSE,4.2,410,Rioja,Rioja,13.58,1.1329,Rioja Red,4,3
Bodegas La Horra,Corimbo I,2015,FALSE,4.2,412,Ribera del Duero,Ribera del Duero,37.9,1.5786,Ribera Del Duero Red,5,3
Vina Pedrosa,Gran Reserva,2011,FALSE,4.2,410,Ribera del Duero,Ribera del Duero,51.35,1.7105,Ribera Del Duero Red,5,3
Campillo,Gran Reserva Rioja,2012,FALSE,4.2,410,Rioja,Rioja,22.99,1.3615,Rioja Red,4,3
Ramon do Casar,Treixadura,2020,FALSE,4.2,407,Ribeiro,Ribeiro,11.95,1.0774,NA,NA,NA
Lustau,Candela Cream Dulce Sweet,,TRUE,4.2,405,Jerez-Xeres-Sherry,Jerez-Xeres-Sherry,7.1,0.8513,Sherry,4,3
Portal del Priorat,Clos del Portal Somni,2014,FALSE,4.2,404,Priorato,Priorato,77.36,1.8885,Priorat Red,4,3
Binigrau,Nounat,2020,FALSE,4.2,404,Mallorca,Mallorca,19.9,1.2989,NA,NA,NA
Ramon Bilbao,Mirto,2011,FALSE,4.2,402,Rioja,Rioja,28.53,1.4553,Rioja Red,4,3
Matsu,El Viejo,2019,FALSE,4.2,400,Toro,Toro,27.89,1.4454,Toro Red,5,3
Artadi,Valdegines,2016,FALSE,4.2,398,Vino de Espana,Vino de Espana,48.96,1.6898,Tempranillo,4,2
Contino,Rioja Graciano,2011,FALSE,4.2,395,Rioja,Rioja,61.94,1.792,Rioja Red,4,3
Contino,Reserva,2016,FALSE,4.2,392,Rioja,Rioja,19.98,1.3006,Rioja Red,4,3
Conreria d'Scala Dei,Les Brugueres,2018,FALSE,4.2,390,Priorato,Priorato,16.76,1.2243,Priorat Red,4,3
Mustiguillo,Finca Terrerazo,2017,FALSE,4.2,390,El Terrerazo,El Terrerazo,24.45,1.3883,Red,4,3
Matarromera,Gran Reserva,2011,FALSE,4.2,389,Ribera del Duero,Ribera del Duero,64.5,1.8096,Ribera Del Duero Red,5,3
Sei Solo,Preludio,2016,FALSE,4.2,388,Ribera del Duero,Ribera del Duero,31.63,1.5001,Ribera Del Duero Red,5,3
Vinedos de Paganos,El Puntido,2005,FALSE,4.2,384,Rioja,Rioja,73.0,1.8633,Rioja Red,4,3
La Vicalanda,Reserva,2015,FALSE,4.2,420,Rioja,Rioja,17.5,1.243,Rioja Red,4,3
Enrique Mendoza,Santa Rosa,2017,FALSE,4.2,420,Alicante,Alicante,18.9,1.2765,Red,4,3
Clos Pons,Roc Nu,2011,FALSE,4.2,420,Costers del Segre,Costers del Segre,23.95,1.3793,Red,4,3
Sierra Cantabria,Coleccion Privada,2012,FALSE,4.2,420,Rioja,Rioja,28.3,1.4518,Rioja Red,4,3
Imperial,Rioja Reserva,2004,FALSE,4.2,417,Rioja,Rioja,45.0,1.6532,Rioja Red,4,3
Losada,Altos de Losada,2018,FALSE,4.2,415,Bierzo,Bierzo,17.9,1.2529,Mencia,3,3
Mar de Frades,Rias Baixas Albarino Finca Valinas,2015,FALSE,4.2,414,Rias Baixas,Rias Baixas,16.78,1.2248,Albarino,3,3
La Rioja Alta,Vina Alberdi Crianza,2018,FALSE,4.2,410,Rioja,Rioja,13.58,1.1329,Rioja Red,4,3
Bodegas La Horra,Corimbo I,2015,FALSE,4.2,412,Ribera del Duero,Ribera del Duero,37.9,1.5786,Ribera Del Duero Red,5,3
Vina Pedrosa,Gran Reserva,2011,FALSE,4.2,410,Ribera del Duero,Ribera del Duero,51.35,1.7105,Ribera Del Duero Red,5,3
Campillo,Gran Reserva Rioja,2012,FALSE,4.2,410,Rioja,Rioja,22.99,1.3615,Rioja Red,4,3
Ramon do Casar,Treixadura,2020,FALSE,4.2,407,Ribeiro,Ribeiro,11.95,1.0774,NA,NA,NA
Lustau,Candela Cream Dulce Sweet,,TRUE,4.2,405,Jerez-Xeres-Sherry,Jerez-Xeres-Sherry,7.1,0.8513,Sherry,4,3
Portal del Priorat,Clos del Portal Somni,2014,FALSE,4.2,404,Priorato,Priorato,77.36,1.8885,Priorat Red,4,3
Binigrau,Nounat,2020,FALSE,4.2,404,Mallorca,Mallorca,19.9,1.2989,NA,NA,NA
Ramon Bilbao,Mirto,2011,FALSE,4.2,402,Rioja,Rioja,28.53,1.4553,Rioja Red,4,3
Matsu,El Viejo,2019,FALSE,4.2,400,Toro,Toro,27.89,1.4454,Toro Red,5,3
Artadi,Valdegines,2016,FALSE,4.2,398,Vino de Espana,Vino de Espana,48.96,1.6898,Tempranillo,4,2
Contino,Rioja Graciano,2011,FALSE,4.2,395,Rioja,Rioja,61.94,1.792,Rioja Red,4,3
Contino,Reserva,2016,FALSE,4.2,392,Rioja,Rioja,19.98,1.3006,Rioja Red,4,3
Conreria d'Scala Dei,Les Brugueres,2018,FALSE,4.2,390,Priorato,Priorato,16.76,1.2243,Priorat Red,4,3
Mustiguillo,Finca Terrerazo,2017,FALSE,4.2,390,El Terrerazo,El Terrerazo,24.45,1.3883,Red,4,3
Matarromera,Gran Reserva,2011,FALSE,4.2,389,Ribera del Duero,Ribera del Duero,64.5,1.8096,Ribera Del Duero Red,5,3
Sei Solo,Preludio,2016,FALSE,4.2,388,Ribera del Duero,Ribera del Duero,31.63,1.5001,Ribera Del Duero Red,5,3
Vinedos de Paganos,El Puntido,2005,FALSE,4.2,384,Rioja,Rioja,73.0,1.8633,Rioja Red,4,3
La Vicalanda,Reserva,2015,FALSE,4.2,420,Rioja,Rioja,17.5,1.243,Rioja Red,4,3
Enrique Mendoza,Santa Rosa,2017,FALSE,4.2,420,Alicante,Alicante,18.9,1.2765,Red,4,3
Clos Pons,Roc Nu,2011,FALSE,4.2,420,Costers del Segre,Costers del Segre,23.95,1.3793,Red,4,3
Sierra Cantabria,Coleccion Privada,2012,FALSE,4.2,420,Rioja,Rioja,28.3,1.4518,Rioja Red,4,3
Imperial,Rioja Reserva,2004,FALSE,4.2,417,Rioja,Rioja,45.0,1.6532,Rioja Red,4,3
Losada,Altos de Losada,2018,FALSE,4.2,415,Bierzo,Bierzo,17.9,1.2529,Mencia,3,3
Mar de Frades,Rias Baixas Albarino Finca Valinas,2015,FALSE,4.2,414,Rias Baixas,Rias Baixas,16.78,1.2248,Albarino,3,3
La Rioja Alta,Vina Alberdi Crianza,2018,FALSE,4.2,410,Rioja,Rioja,13.58,1.1329,Rioja Red,4,3
Bodegas La Horra,Corimbo I,2015,FALSE,4.2,412,Ribera del Duero,Ribera del Duero,37.9,1.5786,Ribera Del Duero Red,5,3
Vina Pedrosa,Gran Reserva,2011,FALSE,4.2,410,Ribera del Duero,Ribera del Duero,51.35,1.7105,Ribera Del Duero Red,5,3
Campillo,Gran Reserva Rioja,2012,FALSE,4.2,410,Rioja,Rioja,22.99,1.3615,Rioja Red,4,3
Ramon do Casar,Treixadura,2020,FALSE,4.2,407,Ribeiro,Ribeiro,11.95,1.0774,NA,NA,NA
Lustau,Candela Cream Dulce Sweet,,TRUE,4.2,405,Jerez-Xeres-Sherry,Jerez-Xeres-Sherry,7.1,0.8513,Sherry,4,3
Portal del Priorat,Clos del Portal Somni,2014,FALSE,4.2,404,Priorato,Priorato,77.36,1.8885,Priorat Red,4,3
Binigrau,Nounat,2020,FALSE,4.2,404,Mallorca,Mallorca,19.9,1.2989,NA,NA,NA
Ramon Bilbao,Mirto,2011,FALSE,4.2,402,Rioja,Rioja,28.53,1.4553,Rioja Red,4,3
Matsu,El Viejo,2019,FALSE,4.2,400,Toro,Toro,27.89,1.4454,Toro Red,5,3
Artadi,Valdegines,2016,FALSE,4.2,398,Vino de Espana,Vino de Espana,48.96,1.6898,Tempranillo,4,2
Contino,Rioja Graciano,2011,FALSE,4.2,395,Rioja,Rioja,61.94,1.792,Rioja Red,4,3
Contino,Reserva,2016,FALSE,4.2,392,Rioja,Rioja,19.98,1.3006,Rioja Red,4,3
Conreria d'Scala Dei,Les Brugueres,2018,FALSE,4.2,390,Priorato,Priorato,16.76,1.2243,Priorat Red,4,3
Mustiguillo,Finca Terrerazo,2017,FALSE,4.2,390,El Terrerazo,El Terrerazo,24.45,1.3883,Red,4,3
Matarromera,Gran Reserva,2011,FALSE,4.2,389,Ribera del Duero,Ribera del Duero,64.5,1.8096,Ribera Del Duero Red,5,3
Sei Solo,Preludio,2016,FALSE,4.2,388,Ribera del Duero,Ribera del Duero,31.63,1.5001,Ribera Del Duero Red,5,3
Vinedos de Paganos,El Puntido,2005,FALSE,4.2,384,Rioja,Rioja,73.0,1.8633,Rioja Red,4,3
La Vicalanda,Reserva,2015,FALSE,4.2,420,Rioja,Rioja,17.5,1.243,Rioja Red,4,3
Enrique Mendoza,Santa Rosa,2017,FALSE,4.2,420,Alicante,Alicante,18.9,1.2765,Red,4,3
Clos Pons,Roc Nu,2011,FALSE,4.2,420,Costers del Segre,Costers del Segre,23.95,1.3793,Red,4,3
Sierra Cantabria,Coleccion Privada,2012,FALSE,4.2,420,Rioja,Rioja,28.3,1.4518,Rioja Red,4,3
Imperial,Rioja Reserva,2004,FALSE,4.2,417,Rioja,Rioja,45.0,1.6532,Rioja Red,4,3
Losada,Altos de Losada,2018,FALSE,4.2,415,Bierzo,Bierzo,17.9,1.2529,Mencia,3,3
Mar de Frades,Rias Baixas Albarino Finca Valinas,2015,FALSE,4.2,414,Rias Baixas,Rias Baixas,16.78,1.2248,Albarino,3,3
La Rioja Alta,Vina Alberdi Crianza,2018,FALSE,4.2,410,Rioja,Rioja,13.58,1.1329,Rioja Red,4,3
Bodegas La Horra,Corimbo I,2015,FALSE,4.2,412,Ribera del Duero,Ribera del Duero,37.9,1.5786,Ribera Del Duero Red,5,3
Vina Pedrosa,Gran Reserva,2011,FALSE,4.2,410,Ribera del Duero,Ribera del Duero,51.35,1.7105,Ribera Del Duero Red,5,3
Campillo,Gran Reserva Rioja,2012,FALSE,4.2,410,Rioja,Rioja,22.99,1.3615,Rioja Red,4,3
Ramon do Casar,Treixadura,2020,FALSE,4.2,407,Ribeiro,Ribeiro,11.95,1.0774,NA,NA,NA
Lustau,Candela Cream Dulce Sweet,,TRUE,4.2,405,Jerez-Xeres-Sherry,Jerez-Xeres-Sherry,7.1,0.8513,Sherry,4,3
Portal del Priorat,Clos del Portal Somni,2014,FALSE,4.2,404,Priorato,Priorato,77.36,1.8885,Priorat Red,4,3
Binigrau,Nounat,2020,FALSE,4.2,404,Mallorca,Mallorca,19.9,1.2989,NA,NA,NA
Ramon Bilbao,Mirto,2011,FALSE,4.2,402,Rioja,Rioja,28.53,1.4553,Rioja Red,4,3
Matsu,El Viejo,2019,FALSE,4.2,400,Toro,Toro,27.89,1.4454,Toro Red,5,3
Artadi,Valdegines,2016,FALSE,4.2,398,Vino de Espana,Vino de Espana,48.96,1.6898,Tempranillo,4,2
Contino,Rioja Graciano,2011,FALSE,4.2,395,Rioja,Rioja,61.94,1.792,Rioja Red,4,3
Contino,Reserva,2016,FALSE,4.2,392,Rioja,Rioja,19.98,1.3006,Rioja Red,4,3
Conreria d'Scala Dei,Les Brugueres,2018,FALSE,4.2,390,Priorato,Priorato,16.76,1.2243,Priorat Red,4,3
Mustiguillo,Finca Terrerazo,2017,FALSE,4.2,390,El Terrerazo,El Terrerazo,24.45,1.3883,Red,4,3
Matarromera,Gran Reserva,2011,FALSE,4.2,389,Ribera del Duero,Ribera del Duero,64.5,1.8096,Ribera Del Duero Red,5,3
Sei Solo,Preludio,2016,FALSE,4.2,388,Ribera del Duero,Ribera del Duero,31.63,1.5001,Ribera Del Duero Red,5,3
Vinedos de Paganos,El Puntido,2005,FALSE,4.2,384,Rioja,Rioja,73.0,1.8633,Rioja Red,4,3
La Vicalanda,Reserva,2015,FALSE,4.2,420,Rioja,Rioja,17.5,1.243,Rioja Red,4,3
Enrique Mendoza,Santa Rosa,2017,FALSE,4.2,420,Alicante,Alicante,18.9,1.2765,Red,4,3
Clos Pons,Roc Nu,2011,FALSE,4.2,420,Costers del Segre,Costers del Segre,23.95,1.3793,Red,4,3
Sierra Cantabria,Coleccion Privada,2012,FALSE,4.2,420,Rioja,Rioja,28.3,1.4518,Rioja Red,4,3
Imperial,Rioja Reserva,2004,FALSE,4.2,417,Rioja,Rioja,45.0,1.6532,Rioja Red,4,3
Losada,Altos de Losada,2018,FALSE,4.2,415,Bierzo,Bierzo,17.9,1.2529,Mencia,3,3
Mar de Frades,Rias Baixas Albarino Finca Valinas,2015,FALSE,4.2,414,Rias Baixas,Rias Baixas,16.78,1.2248,Albarino,3,3
La Rioja Alta,Vina Alberdi Crianza,2018,FALSE,4.2,410,Rioja,Rioja,13.58,1.1329,Rioja Red,4,3
Bodegas La Horra,Corimbo I,2015,FALSE,4.2,412,Ribera del Duero,Ribera del Duero,37.9,1.5786,Ribera Del Duero Red,5,3
Vina Pedrosa,Gran Reserva,2011,FALSE,4.2,410,Ribera del Duero,Ribera del Duero,51.35,1.7105,Ribera Del Duero Red,5,3
Campillo,Gran Reserva Rioja,2012,FALSE,4.2,410,Rioja,Rioja,22.99,1.3615,Rioja Red,4,3
Ramon do Casar,Treixadura,2020,FALSE,4.2,407,Ribeiro,Ribeiro,11.95,1.0774,NA,NA,NA
Lustau,Candela Cream Dulce Sweet,,TRUE,4.2,405,Jerez-Xeres-Sherry,Jerez-Xeres-Sherry,7.1,0.8513,Sherry,4,3
Portal del Priorat,Clos del Portal Somni,2014,FALSE,4.2,404,Priorato,Priorato,77.36,1.8885,Priorat Red,4,3
Binigrau,Nounat,2020,FALSE,4.2,404,Mallorca,Mallorca,19.9,1.2989,NA,NA,NA
Ramon Bilbao,Mirto,2011,FALSE,4.2,402,Rioja,Rioja,28.53,1.4553,Rioja Red,4,3
Matsu,El Viejo,2019,FALSE,4.2,400,Toro,Toro,27.89,1.4454,Toro Red,5,3
Artadi,Valdegines,2016,FALSE,4.2,398,Vino de Espana,Vino de Espana,48.96,1.6898,Tempranillo,4,2
Contino,Rioja Graciano,2011,FALSE,4.2,395,Rioja,Rioja,61.94,1.792,Rioja Red,4,3
Contino,Reserva,2016,FALSE,4.2,392,Rioja,Rioja,19.98,1.3006,Rioja Red,4,3
Conreria d'Scala Dei,Les Brugueres,2018,FALSE,4.2,390,Priorato,Priorato,16.76,1.2243,Priorat Red,4,3
Mustiguillo,Finca Terrerazo,2017,FALSE,4.2,390,El Terrerazo,El Terrerazo,24.45,1.3883,Red,4,3
Matarromera,Gran Reserva,2011,FALSE,4.2,389,Ribera del Duero,Ribera del Duero,64.5,1.8096,Ribera Del Duero Red,5,3
Sei Solo,Preludio,2016,FALSE,4.2,388,Ribera del Duero,Ribera del Duero,31.63,1.5001,Ribera Del Duero Red,5,3
Vinedos de Paganos,El Puntido,2005,FALSE,4.2,384,Rioja,Rioja,73.0,1.8633,Rioja Red,4,3
La Vicalanda,Reserva,2015,FALSE,4.2,420,Rioja,Rioja,17.5,1.243,Rioja Red,4,3
Enrique Mendoza,Santa Rosa,2017,FALSE,4.2,420,Alicante,Alicante,18.9,1.2765,Red,4,3
Clos Pons,Roc Nu,2011,FALSE,4.2,420,Costers del Segre,Costers del Segre,23.95,1.3793,Red,4,3
Sierra Cantabria,Coleccion Privada,2012,FALSE,4.2,420,Rioja,Rioja,28.3,1.4518,Rioja Red,4,3
Imperial,Rioja Reserva,2004,FALSE,4.2,417,Rioja,Rioja,45.0,1.6532,Rioja Red,4,3
Losada,Altos de Losada,2018,FALSE,4.2,415,Bierzo,Bierzo,17.9,1.2529,Mencia,3,3
Mar de Frades,Rias Baixas Albarino Finca Valinas,2015,FALSE,4.2,414,Rias Baixas,Rias Baixas,16.78,1.2248,Albarino,3,3
La Rioja Alta,Vina Alberdi Crianza,2018,FALSE,4.2,410,Rioja,Rioja,13.58,1.1329,Rioja Red,4,3
Bodegas La Horra,Corimbo I,2015,FALSE,4.2,412,Ribera del Duero,Ribera del Duero,37.9,1.5786,Ribera Del Duero Red,5,3
Vina Pedrosa,Gran Reserva,2011,FALSE,4.2,410,Ribera del Duero,Ribera del Duero,51.35,1.7105,Ribera Del Duero Red,5,3
Campillo,Gran Reserva Rioja,2012,FALSE,4.2,410,Rioja,Rioja,22.99,1.3615,Rioja Red,4,3
Ramon do Casar,Treixadura,2020,FALSE,4.2,407,Ribeiro,Ribeiro,11.95,1.0774,NA,NA,NA
Lustau,Candela Cream Dulce Sweet,,TRUE,4.2,405,Jerez-Xeres-Sherry,Jerez-Xeres-Sherry,7.1,0.8513,Sherry,4,3
Portal del Priorat,Clos del Portal Somni,2014,FALSE,4.2,404,Priorato,Priorato,77.36,1.8885,Priorat Red,4,3
Binigrau,Nounat,2020,FALSE,4.2,404,Mallorca,Mallorca,19.9,1.2989,NA,NA,NA
Ramon Bilbao,Mirto,2011,FALSE,4.2,402,Rioja,Rioja,28.53,1.4553,Rioja Red,4,3
Matsu,El Viejo,2019,FALSE,4.2,400,Toro,Toro,27.89,1.4454,Toro Red,5,3
Artadi,Valdegines,2016,FALSE,4.2,398,Vino de Espana,Vino de Espana,48.96,1.6898,Tempranillo,4,2
Contino,Rioja Graciano,2011,FALSE,4.2,395,Rioja,Rioja,61.94,1.792,Rioja Red,4,3
Contino,Reserva,2016,FALSE,4.2,392,Rioja,Rioja,19.98,1.3006,Rioja Red,4,3
Conreria d'Scala Dei,Les Brugueres,2018,FALSE,4.2,390,Priorato,Priorato,16.76,1.2243,Priorat Red,4,3
Mustiguillo,Finca Terrerazo,2017,FALSE,4.2,390,El Terrerazo,El Terrerazo,24.45,1.3883,Red,4,3
Matarromera,Gran Reserva,2011,FALSE,4.2,389,Ribera del Duero,Ribera del Duero,64.5,1.8096,Ribera Del Duero Red,5,3
Sei Solo,Preludio,2016,FALSE,4.2,388,Ribera del Duero,Ribera del Duero,31.63,1.5001,Ribera Del Duero Red,5,3
Vinedos de Paganos,El Puntido,2005,FALSE,4.2,384,Rioja,Rioja,73.0,1.8633,Rioja Red,4,3
La Vicalanda,Reserva,2015,FALSE,4.2,420,Rioja,Rioja,17.5,1.243,Rioja Red,4,3
Enrique Mendoza,Santa Rosa,2017,FALSE,4.2,420,Alicante,Alicante,18.9,1.2765,Red,4,3
Clos Pons,Roc Nu,2011,FALSE,4.2,420,Costers del Segre,Costers del Segre,23.95,1.3793,Red,4,3
Sierra Cantabria,Coleccion Privada,2012,FALSE,4.2,420,Rioja,Rioja,28.3,1.4518,Rioja Red,4,3
Imperial,Rioja Reserva,2004,FALSE,4.2,417,Rioja,Rioja,45.0,1.6532,Rioja Red,4,3
Losada,Altos de Losada,2018,FALSE,4.2,415,Bierzo,Bierzo,17.9,1.2529,Mencia,3,3
Mar de Frades,Rias Baixas Albarino Finca Valinas,2015,FALSE,4.2,414,Rias Baixas,Rias Baixas,16.78,1.2248,Albarino,3,3
La Rioja Alta,Vina Alberdi Crianza,2018,FALSE,4.2,410,Rioja,Rioja,13.58,1.1329,Rioja Red,4,3
Bodegas La Horra,Corimbo I,2015,FALSE,4.2,412,Ribera del Duero,Ribera del Duero,37.9,1.5786,Ribera Del Duero Red,5,3
Vina Pedrosa,Gran Reserva,2011,FALSE,4.2,410,Ribera del Duero,Ribera del Duero,51.35,1.7105,Ribera Del Duero Red,5,3
Campillo,Gran Reserva Rioja,2012,FALSE,4.2,410,Rioja,Rioja,22.99,1.3615,Rioja Red,4,3
Ramon do Casar,Treixadura,2020,FALSE,4.2,407,Ribeiro,Ribeiro,11.95,1.0774,NA,NA,NA
Lustau,Candela Cream Dulce Sweet,,TRUE,4.2,405,Jerez-Xeres-Sherry,Jerez-Xeres-Sherry,7.1,0.8513,Sherry,4,3
Portal del Priorat,Clos del Portal Somni,2014,FALSE,4.2,404,Priorato,Priorato,77.36,1.8885,Priorat Red,4,3
Binigrau,Nounat,2020,FALSE,4.2,404,Mallorca,Mallorca,19.9,1.2989,NA,NA,NA
Ramon Bilbao,Mirto,2011,FALSE,4.2,402,Rioja,Rioja,28.53,1.4553,Rioja Red,4,3
Matsu,El Viejo,2019,FALSE,4.2,400,Toro,Toro,27.89,1.4454,Toro Red,5,3
Artadi,Valdegines,2016,FALSE,4.2,398,Vino de Espana,Vino de Espana,48.96,1.6898,Tempranillo,4,2
Contino,Rioja Graciano,2011,FALSE,4.2,395,Rioja,Rioja,61.94,1.792,Rioja Red,4,3
Contino,Reserva,2016,FALSE,4.2,392,Rioja,Rioja,19.98,1.3006,Rioja Red,4,3
Conreria d'Scala Dei,Les Brugueres,2018,FALSE,4.2,390,Priorato,Priorato,16.76,1.2243,Priorat Red,4,3
Mustiguillo,Finca Terrerazo,2017,FALSE,4.2,390,El Terrerazo,El Terrerazo,24.45,1.3883,Red,4,3
Matarromera,Gran Reserva,2011,FALSE,4.2,389,Ribera del Duero,Ribera del Duero,64.5,1.8096,Ribera Del Duero Red,5,3
Sei Solo,Preludio,2016,FALSE,4.2,388,Ribera del Duero,Ribera del Duero,31.63,1.5001,Ribera Del Duero Red,5,3
Vinedos de Paganos,El Puntido,2005,FALSE,4.2,384,Rioja,Rioja,73.0,1.8633,Rioja Red,4,3
La Vicalanda,Reserva,2015,FALSE,4.2,420,Rioja,Rioja,17.5,1.243,Rioja Red,4,3
Enrique Mendoza,Santa Rosa,2017,FALSE,4.2,420,Alicante,Alicante,18.9,1.2765,Red,4,3
Clos Pons,Roc Nu,2011,FALSE,4.2,420,Costers del Segre,Costers del Segre,23.95,1.3793,Red,4,3
Sierra Cantabria,Coleccion Privada,2012,FALSE,4.2,420,Rioja,Rioja,28.3,1.4518,Rioja Red,4,3
Imperial,Rioja Reserva,2004,FALSE,4.2,417,Rioja,Rioja,45.0,1.6532,Rioja Red,4,3
Losada,Altos de Losada,2018,FALSE,4.2,415,Bierzo,Bierzo,17.9,1.2529,Mencia,3,3
Mar de Frades,Rias Baixas Albarino Finca Valinas,2015,FALSE,4.2,414,Rias Baixas,Rias Baixas,16.78,1.2248,Albarino,3,3
La Rioja Alta,Vina Alberdi Crianza,2018,FALSE,4.2,410,Rioja,Rioja,13.58,1.1329,Rioja Red,4,3
Bodegas La Horra,Corimbo I,2015,FALSE,4.2,412,Ribera del Duero,Ribera del Duero,37.9,1.5786,Ribera Del Duero Red,5,3
Vina Pedrosa,Gran Reserva,2011,FALSE,4.2,410,Ribera del Duero,Ribera del Duero,51.35,1.7105,Ribera Del Duero Red,5,3
Campillo,Gran Reserva Rioja,2012,FALSE,4.2,410,Rioja,Rioja,22.99,1.3615,Rioja Red,4,3
Ramon do Casar,Treixadura,2020,FALSE,4.2,407,Ribeiro,Ribeiro,11.95,1.0774,NA,NA,NA
Lustau,Candela Cream Dulce Sweet,,TRUE,4.2,405,Jerez-Xeres-Sherry,Jerez-Xeres-Sherry,7.1,0.8513,Sherry,4,3
Portal del Priorat,Clos del Portal Somni,2014,FALSE,4.2,404,Priorato,Priorato,77.36,1.8885,Priorat Red,4,3
Binigrau,Nounat,2020,FALSE,4.2,404,Mallorca,Mallorca,19.9,1.2989,NA,NA,NA
Ramon Bilbao,Mirto,2011,FALSE,4.2,402,Rioja,Rioja,28.53,1.4553,Rioja Red,4,3
Matsu,El Viejo,2019,FALSE,4.2,400,Toro,Toro,27.89,1.4454,Toro Red,5,3
Artadi,Valdegines,2016,FALSE,4.2,398,Vino de Espana,Vino de Espana,48.96,1.6898,Tempranillo,4,2
Contino,Rioja Graciano,2011,FALSE,4.2,395,Rioja,Rioja,61.94,1.792,Rioja Red,4,3
Contino,Reserva,2016,FALSE,4.2,392,Rioja,Rioja,19.98,1.3006,Rioja Red,4,3
Conreria d'Scala Dei,Les Brugueres,2018,FALSE,4.2,390,Priorato,Priorato,16.76,1.2243,Priorat Red,4,3
Mustiguillo,Finca Terrerazo,2017,FALSE,4.2,390,El Terrerazo,El Terrerazo,24.45,1.3883,Red,4,3
Matarromera,Gran Reserva,2011,FALSE,4.2,389,Ribera del Duero,Ribera del Duero,64.5,1.8096,Ribera Del Duero Red,5,3
Sei Solo,Preludio,2016,FALSE,4.2,388,Ribera del Duero,Ribera del Duero,31.63,1.5001,Ribera Del Duero Red,5,3
Vinedos de Paganos,El Puntido,2005,FALSE,4.2,384,Rioja,Rioja,73.0,1.8633,Rioja Red,4,3
La Vicalanda,Reserva,2015,FALSE,4.2,420,Rioja,Rioja,17.5,1.243,Rioja Red,NA,NA
Enrique Mendoza,Santa Rosa,2017,FALSE,4.2,420,Alicante,Alicante,18.9,1.2765,Red,NA,NA
Clos Pons,Roc Nu,2011,FALSE,4.2,420,Costers del Segre,Costers del Segre,23.95,1.3793,Red,NA,NA
Sierra Cantabria,Coleccion Privada,2012,FALSE,4.2,420,Rioja,Rioja,28.3,1.4518,Rioja Red,NA,NA
Imperial,Rioja Reserva,2004,FALSE,4.2,417,Rioja,Rioja,45.0,1.6532,Rioja Red,NA,NA
Losada,Altos de Losada,2018,FALSE,4.2,415,Bierzo,Bierzo,17.9,1.2529,Mencia,NA,NA
Mar de Frades,Rias Baixas Albarino Finca Valinas,2015,FALSE,4.2,414,Rias Baixas,Rias Baixas,16.78,1.2248,Albarino,NA,NA
La Rioja Alta,Vina Alberdi Crianza,2018,FALSE,4.2,410,Rioja,Rioja,13.58,1.1329,Rioja Red,NA,NA
Bodegas La Horra,Corimbo I,2015,FALSE,4.2,412,Ribera del Duero,Ribera del Duero,37.9,1.5786,Ribera Del Duero Red,NA,NA
Vina Pedrosa,Gran Reserva,2011,FALSE,4.2,410,Ribera del Duero,Ribera del Duero,51.35,1.7105,Ribera Del Duero Red,NA,NA
Campillo,Gran Reserva Rioja,2012,FALSE,4.2,410,Rioja,Rioja,22.99,1.3615,Rioja Red,NA,NA
Ramon do Casar,Treixadura,2020,FALSE,4.2,407,Ribeiro,Ribeiro,11.95,1.0774,NA,NA,NA
Lustau,Candela Cream Dulce Sweet,,TRUE,4.2,405,Jerez-Xeres-Sherry,Jerez-Xeres-Sherry,7.1,0.8513,Sherry,NA,NA
Portal del Priorat,Clos del Portal Somni,2014,FALSE,4.2,404,Priorato,Priorato,77.36,1.8885,Priorat Red,NA,NA
Binigrau,Nounat,2020,FALSE,4.2,404,Mallorca,Mallorca,19.9,1.2989,NA,NA,NA
Ramon Bilbao,Mirto,2011,FALSE,4.2,402,Rioja,Rioja,28.53,1.4553,Rioja Red,NA,NA
Matsu,El Viejo,2019,FALSE,4.2,400,Toro,Toro,27.89,1.4454,Toro Red,NA,NA
Artadi,Valdegines,2016,FALSE,4.2,398,Vino de Espana,Vino de Espana,48.96,1.6898,Tempranillo,NA,NA
Contino,Rioja Graciano,2011,FALSE,4.2,395,Rioja,Rioja,61.94,1.792,Rioja Red,NA,NA
Contino,Reserva,2016,FALSE,4.2,392,Rioja,Rioja,19.98,1.3006,Rioja Red,NA,NA
Conreria d'Scala Dei,Les Brugueres,2018,FALSE,4.2,390,Priorato,Priorato,16.76,1.2243,Priorat Red,NA,NA
Mustiguillo,Finca Terrerazo,2017,FALSE,4.2,390,El Terrerazo,El Terrerazo,24.45,1.3883,Red,NA,NA
Matarromera,Gran Reserva,2011,FALSE,4.2,389,Ribera del Duero,Ribera del Duero,64.5,1.8096,Ribera Del Duero Red,NA,NA
Sei Solo,Preludio,2016,FALSE,4.2,388,Ribera del Duero,Ribera del Duero,31.63,1.5001,Ribera Del Duero Red,NA,NA
Vinedos de Paganos,El Puntido,2005,FALSE,4.2,384,Rioja,Rioja,73.0,1.8633,Rioja Red,NA,NA
La Vicalanda,Reserva,2015,FALSE,4.2,420,Rioja,Rioja,17.5,1.243,Rioja Red,4,3
Enrique Mendoza,Santa Rosa,2017,FALSE,4.2,420,Alicante,Alicante,18.9,1.2765,Red,4,3
Clos Pons,Roc Nu,2011,FALSE,4.2,420,Costers del Segre,Costers del Segre,23.95,1.3793,Red,4,3
Sierra Cantabria,Coleccion Privada,2012,FALSE,4.2,420,Rioja,Rioja,28.3,1.4518,Rioja Red,4,3
Imperial,Rioja Reserva,2004,FALSE,4.2,417,Rioja,Rioja,45.0,1.6532,Rioja Red,4,3
Losada,Altos de Losada,2018,FALSE,4.2,415,Bierzo,Bierzo,17.9,1.2529,Mencia,3,3
Mar de Frades,Rias Baixas Albarino Finca Valinas,2015,FALSE,4.2,414,Rias Baixas,Rias Baixas,16.78,1.2248,Albarino,3,3
La Rioja Alta,Vina Alberdi Crianza,2018,FALSE,4.2,410,Rioja,Rioja,13.58,1.1329,Rioja Red,4,3
Bodegas La Horra,Corimbo I,2015,FALSE,4.2,412,Ribera del Duero,Ribera del Duero,37.9,1.5786,Ribera Del Duero Red,5,3
Vina Pedrosa,Gran Reserva,2011,FALSE,4.2,410,Ribera del Duero,Ribera del Duero,51.35,1.7105,Ribera Del Duero Red,5,3
Campillo,Gran Reserva Rioja,2012,FALSE,4.2,410,Rioja,Rioja,22.99,1.3615,Rioja Red,4,3
Ramon do Casar,Treixadura,2020,FALSE,4.2,407,Ribeiro,Ribeiro,11.95,1.0774,NA,NA,NA
Lustau,Candela Cream Dulce Sweet,,TRUE,4.2,405,Jerez-Xeres-Sherry,Jerez-Xeres-Sherry,7.1,0.8513,Sherry,4,3
Portal del Priorat,Clos del Portal Somni,2014,FALSE,4.2,404,Priorato,Priorato,77.36,1.8885,Priorat Red,4,3
Binigrau,Nounat,2020,FALSE,4.2,404,Mallorca,Mallorca,19.9,1.2989,NA,NA,NA
Ramon Bilbao,Mirto,2011,FALSE,4.2,402,Rioja,Rioja,28.53,1.4553,Rioja Red,4,3
Matsu,El Viejo,2019,FALSE,4.2,400,Toro,Toro,27.89,1.4454,Toro Red,5,3
Artadi,Valdegines,2016,FALSE,4.2,398,Vino de Espana,Vino de Espana,48.96,1.6898,Tempranillo,4,2
Contino,Rioja Graciano,2011,FALSE,4.2,395,Rioja,Rioja,61.94,1.792,Rioja Red,4,3
Contino,Reserva,2016,FALSE,4.2,392,Rioja,Rioja,19.98,1.3006,Rioja Red,4,3
Conreria d'Scala Dei,Les Brugueres,2018,FALSE,4.2,390,Priorato,Priorato,16.76,1.2243,Priorat Red,4,3
Mustiguillo,Finca Terrerazo,2017,FALSE,4.2,390,El Terrerazo,El Terrerazo,24.45,1.3883,Red,4,3
Matarromera,Gran Reserva,2011,FALSE,4.2,389,Ribera del Duero,Ribera del Duero,64.5,1.8096,Ribera Del Duero Red,5,3
Sei Solo,Preludio,2016,FALSE,4.2,388,Ribera del Duero,Ribera del Duero,31.63,1.5001,Ribera Del Duero Red,5,3
Vinedos de Paganos,El Puntido,2005,FALSE,4.2,384,Rioja,Rioja,73.0,1.8633,Rioja Red,4,3
La Vicalanda,Reserva,2015,FALSE,4.2,420,Rioja,Rioja,17.5,1.243,Rioja Red,4,3
Enrique Mendoza,Santa Rosa,2017,FALSE,4.2,420,Alicante,Alicante,18.9,1.2765,Red,4,3
Clos Pons,Roc Nu,2011,FALSE,4.2,420,Costers del Segre,Costers del Segre,23.95,1.3793,Red,4,3
Sierra Cantabria,Coleccion Privada,2012,FALSE,4.2,420,Rioja,Rioja,28.3,1.4518,Rioja Red,4,3
Imperial,Rioja Reserva,2004,FALSE,4.2,417,Rioja,Rioja,45.0,1.6532,Rioja Red,4,3
Losada,Altos de Losada,2018,FALSE,4.2,415,Bierzo,Bierzo,17.9,1.2529,Mencia,3,3
Mar de Frades,Rias Baixas Albarino Finca Valinas,2015,FALSE,4.2,414,Rias Baixas,Rias Baixas,16.78,1.2248,Albarino,3,3
La Rioja Alta,Vina Alberdi Crianza,2018,FALSE,4.2,410,Rioja,Rioja,13.58,1.1329,Rioja Red,4,3
Bodegas La Horra,Corimbo I,2015,FALSE,4.2,412,Ribera del Duero,Ribera del Duero,37.9,1.5786,Ribera Del Duero Red,5,3
Vina Pedrosa,Gran Reserva,2011,FALSE,4.2,410,Ribera del Duero,Ribera del Duero,51.35,1.7105,Ribera Del Duero Red,5,3
Campillo,Gran Reserva Rioja,2012,FALSE,4.2,410,Rioja,Rioja,22.99,1.3615,Rioja Red,4,3
Ramon do Casar,Treixadura,2020,FALSE,4.2,407,Ribeiro,Ribeiro,11.95,1.0774,NA,NA,NA
Lustau,Candela Cream Dulce Sweet,,TRUE,4.2,405,Jerez-Xeres-Sherry,Jerez-Xeres-Sherry,7.1,0.8513,Sherry,4,3
Portal del Priorat,Clos del Portal Somni,2014,FALSE,4.2,404,Priorato,Priorato,77.36,1.8885,Priorat Red,4,3
Binigrau,Nounat,2020,FALSE,4.2,404,Mallorca,Mallorca,19.9,1.2989,NA,NA,NA
Ramon Bilbao,Mirto,2011,FALSE,4.2,402,Rioja,Rioja,28.53,1.4553,Rioja Red,4,3
Matsu,El Viejo,2019,FALSE,4.2,400,Toro,Toro,27.89,1.4454,Toro Red,5,3
Artadi,Valdegines,2016,FALSE,4.2,398,Vino de Espana,Vino de Espana,48.96,1.6898,Tempranillo,4,2
Contino,Rioja Graciano,2011,FALSE,4.2,395,Rioja,Rioja,61.94,1.792,Rioja Red,4,3
Contino,Reserva,2016,FALSE,4.2,392,Rioja,Rioja,19.98,1.3006,Rioja Red,4,3
Conreria d'Scala Dei,Les Brugueres,2018,FALSE,4.2,390,Priorato,Priorato,16.76,1.2243,Priorat Red,4,3
Mustiguillo,Finca Terrerazo,2017,FALSE,4.2,390,El Terrerazo,El Terrerazo,24.45,1.3883,Red,4,3
Matarromera,Gran Reserva,2011,FALSE,4.2,389,Ribera del Duero,Ribera del Duero,64.5,1.8096,Ribera Del Duero Red,5,3
Sei Solo,Preludio,2016,FALSE,4.2,388,Ribera del Duero,Ribera del Duero,31.63,1.5001,Ribera Del Duero Red,5,3
Vinedos de Paganos,El Puntido,2005,FALSE,4.2,384,Rioja,Rioja,73.0,1.8633,Rioja Red,4,3
La Vicalanda,Reserva,2015,FALSE,4.2,420,Rioja,Rioja,17.5,1.243,Rioja Red,4,3
Enrique Mendoza,Santa Rosa,2017,FALSE,4.2,420,Alicante,Alicante,18.9,1.2765,Red,4,3
Clos Pons,Roc Nu,2011,FALSE,4.2,420,Costers del Segre,Costers del Segre,23.95,1.3793,Red,4,3
Sierra Cantabria,Coleccion Privada,2012,FALSE,4.2,420,Rioja,Rioja,28.3,1.4518,Rioja Red,4,3
Imperial,Rioja Reserva,2004,FALSE,4.2,417,Rioja,Rioja,45.0,1.6532,Rioja Red,4,3
Losada,Altos de Losada,2018,FALSE,4.2,415,Bierzo,Bierzo,17.9,1.2529,Mencia,3,3
Mar de Frades,Rias Baixas Albarino Finca Valinas,2015,FALSE,4.2,414,Rias Baixas,Rias Baixas,16.78,1.2248,Albarino,3,3
La Rioja Alta,Vina Alberdi Crianza,2018,FALSE,4.2,410,Rioja,Rioja,13.58,1.1329,Rioja Red,4,3
Bodegas La Horra,Corimbo I,2015,FALSE,4.2,412,Ribera del Duero,Ribera del Duero,37.9,1.5786,Ribera Del Duero Red,5,3
Vina Pedrosa,Gran Reserva,2011,FALSE,4.2,410,Ribera del Duero,Ribera del Duero,51.35,1.7105,Ribera Del Duero Red,5,3
Campillo,Gran Reserva Rioja,2012,FALSE,4.2,410,Rioja,Rioja,22.99,1.3615,Rioja Red,4,3
Ramon do Casar,Treixadura,2020,FALSE,4.2,407,Ribeiro,Ribeiro,11.95,1.0774,NA,NA,NA
Lustau,Candela Cream Dulce Sweet,,TRUE,4.2,405,Jerez-Xeres-Sherry,Jerez-Xeres-Sherry,7.1,0.8513,Sherry,4,3
Portal del Priorat,Clos del Portal Somni,2014,FALSE,4.2,404,Priorato,Priorato,77.36,1.8885,Priorat Red,4,3
Binigrau,Nounat,2020,FALSE,4.2,404,Mallorca,Mallorca,19.9,1.2989,NA,NA,NA
Ramon Bilbao,Mirto,2011,FALSE,4.2,402,Rioja,Rioja,28.53,1.4553,Rioja Red,4,3
Matsu,El Viejo,2019,FALSE,4.2,400,Toro,Toro,27.89,1.4454,Toro Red,5,3
Artadi,Valdegines,2016,FALSE,4.2,398,Vino de Espana,Vino de Espana,48.96,1.6898,Tempranillo,4,2
Contino,Rioja Graciano,2011,FALSE,4.2,395,Rioja,Rioja,61.94,1.792,Rioja Red,4,3
Contino,Reserva,2016,FALSE,4.2,392,Rioja,Rioja,19.98,1.3006,Rioja Red,4,3
Conreria d'Scala Dei,Les Brugueres,2018,FALSE,4.2,390,Priorato,Priorato,16.76,1.2243,Priorat Red,4,3
Mustiguillo,Finca Terrerazo,2017,FALSE,4.2,390,El Terrerazo,El Terrerazo,24.45,1.3883,Red,4,3
Matarromera,Gran Reserva,2011,FALSE,4.2,389,Ribera del Duero,Ribera del Duero,64.5,1.8096,Ribera Del Duero Red,5,3
Sei Solo,Preludio,2016,FALSE,4.2,388,Ribera del Duero,Ribera del Duero,31.63,1.5001,Ribera Del Duero Red,5,3
Vinedos de Paganos,El Puntido,2005,FALSE,4.2,384,Rioja,Rioja,73.0,1.8633,Rioja Red,4,3
La Vicalanda,Reserva,2015,FALSE,4.2,420,Rioja,Rioja,17.5,1.243,Rioja Red,4,3
Enrique Mendoza,Santa Rosa,2017,FALSE,4.2,420,Alicante,Alicante,18.9,1.2765,Red,4,3
Clos Pons,Roc Nu,2011,FALSE,4.2,420,Costers del Segre,Costers del Segre,23.95,1.3793,Red,4,3
Sierra Cantabria,Coleccion Privada,2012,FALSE,4.2,420,Rioja,Rioja,28.3,1.4518,Rioja Red,4,3
Imperial,Rioja Reserva,2004,FALSE,4.2,417,Rioja,Rioja,45.0,1.6532,Rioja Red,4,3
Losada,Altos de Losada,2018,FALSE,4.2,415,Bierzo,Bierzo,17.9,1.2529,Mencia,3,3
Mar de Frades,Rias Baixas Albarino Finca Valinas,2015,FALSE,4.2,414,Rias Baixas,Rias Baixas,16.78,1.2248,Albarino,3,3
La Rioja Alta,Vina Alberdi Crianza,2018,FALSE,4.2,410,Rioja,Rioja,13.58,1.1329,Rioja Red,4,3
Bodegas La Horra,Corimbo I,2015,FALSE,4.2,412,Ribera del Duero,Ribera del Duero,37.9,1.5786,Ribera Del Duero Red,5,3
Vina Pedrosa,Gran Reserva,2011,FALSE,4.2,410,Ribera del Duero,Ribera del Duero,51.35,1.7105,Ribera Del Duero Red,5,3
Campillo,Gran Reserva Rioja,2012,FALSE,4.2,410,Rioja,Rioja,22.99,1.3615,Rioja Red,4,3
Ramon do Casar,Treixadura,2020,FALSE,4.2,407,Ribeiro,Ribeiro,11.95,1.0774,NA,NA,NA
Lustau,Candela Cream Dulce Sweet,,TRUE,4.2,405,Jerez-Xeres-Sherry,Jerez-Xeres-Sherry,7.1,0.8513,Sherry,4,3
Portal del Priorat,Clos del Portal Somni,2014,FALSE,4.2,404,Priorato,Priorato,77.36,1.8885,Priorat Red,4,3
Binigrau,Nounat,2020,FALSE,4.2,404,Mallorca,Mallorca,19.9,1.2989,NA,NA,NA
Ramon Bilbao,Mirto,2011,FALSE,4.2,402,Rioja,Rioja,28.53,1.4553,Rioja Red,4,3
Matsu,El Viejo,2019,FALSE,4.2,400,Toro,Toro,27.89,1.4454,Toro Red,5,3
Artadi,Valdegines,2016,FALSE,4.2,398,Vino de Espana,Vino de Espana,48.96,1.6898,Tempranillo,4,2
Contino,Rioja Graciano,2011,FALSE,4.2,395,Rioja,Rioja,61.94,1.792,Rioja Red,4,3
Contino,Reserva,2016,FALSE,4.2,392,Rioja,Rioja,19.98,1.3006,Rioja Red,4,3
Conreria d'Scala Dei,Les Brugueres,2018,FALSE,4.2,390,Priorato,Priorato,16.76,1.2243,Priorat Red,4,3
Mustiguillo,Finca Terrerazo,2017,FALSE,4.2,390,El Terrerazo,El Terrerazo,24.45,1.3883,Red,4,3
Matarromera,Gran Reserva,2011,FALSE,4.2,389,Ribera del Duero,Ribera del Duero,64.5,1.8096,Ribera Del Duero Red,5,3
Sei Solo,Preludio,2016,FALSE,4.2,388,Ribera del Duero,Ribera del Duero,31.63,1.5001,Ribera Del Duero Red,5,3
Vinedos de Paganos,El Puntido,2005,FALSE,4.2,384,Rioja,Rioja,73.0,1.8633,Rioja Red,4,3
La Vicalanda,Reserva,2015,FALSE,4.2,420,Rioja,Rioja,17.5,1.243,Rioja Red,NA,NA
Enrique Mendoza,Santa Rosa,2017,FALSE,4.2,420,Alicante,Alicante,18.9,1.2765,Red,NA,NA
Clos Pons,Roc Nu,2011,FALSE,4.2,420,Costers del Segre,Costers del Segre,23.95,1.3793,Red,NA,NA
Sierra Cantabria,Coleccion Privada,2012,FALSE,4.2,420,Rioja,Rioja,28.3,1.4518,Rioja Red,NA,NA
Imperial,Rioja Reserva,2004,FALSE,4.2,417,Rioja,Rioja,45.0,1.6532,Rioja Red,NA,NA
Losada,Altos de Losada,2018,FALSE,4.2,415,Bierzo,Bierzo,17.9,1.2529,Mencia,NA,NA
Mar de Frades,Rias Baixas Albarino Finca Valinas,2015,FALSE,4.2,414,Rias Baixas,Rias Baixas,16.78,1.2248,Albarino,NA,NA
La Rioja Alta,Vina Alberdi Crianza,2018,FALSE,4.2,410,Rioja,Rioja,13.58,1.1329,Rioja Red,NA,NA
Bodegas La Horra,Corimbo I,2015,FALSE,4.2,412,Ribera del Duero,Ribera del Duero,37.9,1.5786,Ribera Del Duero Red,NA,NA
Vina Pedrosa,Gran Reserva,2011,FALSE,4.2,410,Ribera del Duero,Ribera del Duero,51.35,1.7105,Ribera Del Duero Red,NA,NA
Campillo,Gran Reserva Rioja,2012,FALSE,4.2,410,Rioja,Rioja,22.99,1.3615,Rioja Red,NA,NA
Ramon do Casar,Treixadura,2020,FALSE,4.2,407,Ribeiro,Ribeiro,11.95,1.0774,NA,NA,NA
Lustau,Candela Cream Dulce Sweet,,TRUE,4.2,405,Jerez-Xeres-Sherry,Jerez-Xeres-Sherry,7.1,0.8513,Sherry,NA,NA
Portal del Priorat,Clos del Portal Somni,2014,FALSE,4.2,404,Priorato,Priorato,77.36,1.8885,Priorat Red,NA,NA
Binigrau,Nounat,2020,FALSE,4.2,404,Mallorca,Mallorca,19.9,1.2989,NA,NA,NA
Ramon Bilbao,Mirto,2011,FALSE,4.2,402,Rioja,Rioja,28.53,1.4553,Rioja Red,NA,NA
Matsu,El Viejo,2019,FALSE,4.2,400,Toro,Toro,27.89,1.4454,Toro Red,NA,NA
Artadi,Valdegines,2016,FALSE,4.2,398,Vino de Espana,Vino de Espana,48.96,1.6898,Tempranillo,NA,NA
Contino,Rioja Graciano,2011,FALSE,4.2,395,Rioja,Rioja,61.94,1.792,Rioja Red,NA,NA
Contino,Reserva,2016,FALSE,4.2,392,Rioja,Rioja,19.98,1.3006,Rioja Red,NA,NA
Conreria d'Scala Dei,Les Brugueres,2018,FALSE,4.2,390,Priorato,Priorato,16.76,1.2243,Priorat Red,NA,NA
Mustiguillo,Finca Terrerazo,2017,FALSE,4.2,390,El Terrerazo,El Terrerazo,24.45,1.3883,Red,NA,NA
Matarromera,Gran Reserva,2011,FALSE,4.2,389,Ribera del Duero,Ribera del Duero,64.5,1.8096,Ribera Del Duero Red,NA,NA
Sei Solo,Preludio,2016,FALSE,4.2,388,Ribera del Duero,Ribera del Duero,31.63,1.5001,Ribera Del Duero Red,NA,NA
Vinedos de Paganos,El Puntido,2005,FALSE,4.2,384,Rioja,Rioja,73.0,1.8633,Rioja Red,NA,NA
La Vicalanda,Reserva,2015,FALSE,4.2,420,Rioja,Rioja,17.5,1.243,Rioja Red,4,3
Enrique Mendoza,Santa Rosa,2017,FALSE,4.2,420,Alicante,Alicante,18.9,1.2765,Red,4,3
Clos Pons,Roc Nu,2011,FALSE,4.2,420,Costers del Segre,Costers del Segre,23.95,1.3793,Red,4,3
Sierra Cantabria,Coleccion Privada,2012,FALSE,4.2,420,Rioja,Rioja,28.3,1.4518,Rioja Red,4,3
Imperial,Rioja Reserva,2004,FALSE,4.2,417,Rioja,Rioja,45.0,1.6532,Rioja Red,4,3
Losada,Altos de Losada,2018,FALSE,4.2,415,Bierzo,Bierzo,17.9,1.2529,Mencia,3,3
Mar de Frades,Rias Baixas Albarino Finca Valinas,2015,FALSE,4.2,414,Rias Baixas,Rias Baixas,16.78,1.2248,Albarino,3,3
La Rioja Alta,Vina Alberdi Crianza,2018,FALSE,4.2,410,Rioja,Rioja,13.58,1.1329,Rioja Red,4,3
Bodegas La Horra,Corimbo I,2015,FALSE,4.2,412,Ribera del Duero,Ribera del Duero,37.9,1.5786,Ribera Del Duero Red,5,3
Vina Pedrosa,Gran Reserva,2011,FALSE,4.2,410,Ribera del Duero,Ribera del Duero,51.35,1.7105,Ribera Del Duero Red,5,3
Campillo,Gran Reserva Rioja,2012,FALSE,4.2,410,Rioja,Rioja,22.99,1.3615,Rioja Red,4,3
Ramon do Casar,Treixadura,2020,FALSE,4.2,407,Ribeiro,Ribeiro,11.95,1.0774,NA,NA,NA
Lustau,Candela Cream Dulce Sweet,,TRUE,4.2,405,Jerez-Xeres-Sherry,Jerez-Xeres-Sherry,7.1,0.8513,Sherry,4,3
Portal del Priorat,Clos del Portal Somni,2014,FALSE,4.2,404,Priorato,Priorato,77.36,1.8885,Priorat Red,4,3
Binigrau,Nounat,2020,FALSE,4.2,404,Mallorca,Mallorca,19.9,1.2989,NA,NA,NA
Ramon Bilbao,Mirto,2011,FALSE,4.2,402,Rioja,Rioja,28.53,1.4553,Rioja Red,4,3
Matsu,El Viejo,2019,FALSE,4.2,400,Toro,Toro,27.89,1.4454,Toro Red,5,3
Artadi,Valdegines,2016,FALSE,4.2,398,Vino de Espana,Vino de Espana,48.96,1.6898,Tempranillo,4,2
Contino,Rioja Graciano,2011,FALSE,4.2,395,Rioja,Rioja,61.94,1.792,Rioja Red,4,3
Contino,Reserva,2016,FALSE,4.2,392,Rioja,Rioja,19.98,1.3006,Rioja Red,4,3
Conreria d'Scala Dei,Les Brugueres,2018,FALSE,4.2,390,Priorato,Priorato,16.76,1.2243,Priorat Red,4,3
Mustiguillo,Finca Terrerazo,2017,FALSE,4.2,390,El Terrerazo,El Terrerazo,24.45,1.3883,Red,4,3
Matarromera,Gran Reserva,2011,FALSE,4.2,389,Ribera del Duero,Ribera del Duero,64.5,1.8096,Ribera Del Duero Red,5,3
Sei Solo,Preludio,2016,FALSE,4.2,388,Ribera del Duero,Ribera del Duero,31.63,1.5001,Ribera Del Duero Red,5,3
Vinedos de Paganos,El Puntido,2005,FALSE,4.2,384,Rioja,Rioja,73.0,1.8633,Rioja Red,4,3
La Vicalanda,Reserva,2015,FALSE,4.2,420,Rioja,Rioja,17.5,1.243,Rioja Red,4,3
Enrique Mendoza,Santa Rosa,2017,FALSE,4.2,420,Alicante,Alicante,18.9,1.2765,Red,4,3
Clos Pons,Roc Nu,2011,FALSE,4.2,420,Costers del Segre,Costers del Segre,23.95,1.3793,Red,4,3
Sierra Cantabria,Coleccion Privada,2012,FALSE,4.2,420,Rioja,Rioja,28.3,1.4518,Rioja Red,4,3
Imperial,Rioja Reserva,2004,FALSE,4.2,417,Rioja,Rioja,45.0,1.6532,Rioja Red,4,3
Losada,Altos de Losada,2018,FALSE,4.2,415,Bierzo,Bierzo,17.9,1.2529,Mencia,3,3
Mar de Frades,Rias Baixas Albarino Finca Valinas,2015,FALSE,4.2,414,Rias Baixas,Rias Baixas,16.78,1.2248,Albarino,3,3
La Rioja Alta,Vina Alberdi Crianza,2018,FALSE,4.2,410,Rioja,Rioja,13.58,1.1329,Rioja Red,4,3
Bodegas La Horra,Corimbo I,2015,FALSE,4.2,412,Ribera del Duero,Ribera del Duero,37.9,1.5786,Ribera Del Duero Red,5,3
Vina Pedrosa,Gran Reserva,2011,FALSE,4.2,410,Ribera del Duero,Ribera del Duero,51.35,1.7105,Ribera Del Duero Red,5,3
Campillo,Gran Reserva Rioja,2012,FALSE,4.2,410,Rioja,Rioja,22.99,1.3615,Rioja Red,4,3
Ramon do Casar,Treixadura,2020,FALSE,4.2,407,Ribeiro,Ribeiro,11.95,1.0774,NA,NA,NA
Lustau,Candela Cream Dulce Sweet,,TRUE,4.2,405,Jerez-Xeres-Sherry,Jerez-Xeres-Sherry,7.1,0.8513,Sherry,4,3
Portal del Priorat,Clos del Portal Somni,2014,FALSE,4.2,404,Priorato,Priorato,77.36,1.8885,Priorat Red,4,3
Binigrau,Nounat,2020,FALSE,4.2,404,Mallorca,Mallorca,19.9,1.2989,NA,NA,NA
Ramon Bilbao,Mirto,2011,FALSE,4.2,402,Rioja,Rioja,28.53,1.4553,Rioja Red,4,3
Matsu,El Viejo,2019,FALSE,4.2,400,Toro,Toro,27.89,1.4454,Toro Red,5,3
Artadi,Valdegines,2016,FALSE,4.2,398,Vino de Espana,Vino de Espana,48.96,1.6898,Tempranillo,4,2
Contino,Rioja Graciano,2011,FALSE,4.2,395,Rioja,Rioja,61.94,1.792,Rioja Red,4,3
Contino,Reserva,2016,FALSE,4.2,392,Rioja,Rioja,19.98,1.3006,Rioja Red,4,3
Conreria d'Scala Dei,Les Brugueres,2018,FALSE,4.2,390,Priorato,Priorato,16.76,1.2243,Priorat Red,4,3
Mustiguillo,Finca Terrerazo,2017,FALSE,4.2,390,El Terrerazo,El Terrerazo,24.45,1.3883,Red,4,3
Matarromera,Gran Reserva,2011,FALSE,4.2,389,Ribera del Duero,Ribera del Duero,64.5,1.8096,Ribera Del Duero Red,5,3
Sei Solo,Preludio,2016,FALSE,4.2,388,Ribera del Duero,Ribera del Duero,31.63,1.5001,Ribera Del Duero Red,5,3
Vinedos de Paganos,El Puntido,2005,FALSE,4.2,384,Rioja,Rioja,73.0,1.8633,Rioja Red,4,3
La Vicalanda,Reserva,2015,FALSE,4.2,420,Rioja,Rioja,17.5,1.243,Rioja Red,4,3
Enrique Mendoza,Santa Rosa,2017,FALSE,4.2,420,Alicante,Alicante,18.9,1.2765,Red,4,3
Clos Pons,Roc Nu,2011,FALSE,4.2,420,Costers del Segre,Costers del Segre,23.95,1.3793,Red,4,3
Sierra Cantabria,Coleccion Privada,2012,FALSE,4.2,420,Rioja,Rioja,28.3,1.4518,Rioja Red,4,3
Imperial,Rioja Reserva,2004,FALSE,4.2,417,Rioja,Rioja,45.0,1.6532,Rioja Red,4,3
Losada,Altos de Losada,2018,FALSE,4.2,415,Bierzo,Bierzo,17.9,1.2529,Mencia,3,3
Mar de Frades,Rias Baixas Albarino Finca Valinas,2015,FALSE,4.2,414,Rias Baixas,Rias Baixas,16.78,1.2248,Albarino,3,3
La Rioja Alta,Vina Alberdi Crianza,2018,FALSE,4.2,410,Rioja,Rioja,13.58,1.1329,Rioja Red,4,3
Bodegas La Horra,Corimbo I,2015,FALSE,4.2,412,Ribera del Duero,Ribera del Duero,37.9,1.5786,Ribera Del Duero Red,5,3
Vina Pedrosa,Gran Reserva,2011,FALSE,4.2,410,Ribera del Duero,Ribera del Duero,51.35,1.7105,Ribera Del Duero Red,5,3
Campillo,Gran Reserva Rioja,2012,FALSE,4.2,410,Rioja,Rioja,22.99,1.3615,Rioja Red,4,3
Ramon do Casar,Treixadura,2020,FALSE,4.2,407,Ribeiro,Ribeiro,11.95,1.0774,NA,NA,NA
Lustau,Candela Cream Dulce Sweet,,TRUE,4.2,405,Jerez-Xeres-Sherry,Jerez-Xeres-Sherry,7.1,0.8513,Sherry,4,3
Portal del Priorat,Clos del Portal Somni,2014,FALSE,4.2,404,Priorato,Priorato,77.36,1.8885,Priorat Red,4,3
Binigrau,Nounat,2020,FALSE,4.2,404,Mallorca,Mallorca,19.9,1.2989,NA,NA,NA
Ramon Bilbao,Mirto,2011,FALSE,4.2,402,Rioja,Rioja,28.53,1.4553,Rioja Red,4,3
Matsu,El Viejo,2019,FALSE,4.2,400,Toro,Toro,27.89,1.4454,Toro Red,5,3
Artadi,Valdegines,2016,FALSE,4.2,398,Vino de Espana,Vino de Espana,48.96,1.6898,Tempranillo,4,2
Contino,Rioja Graciano,2011,FALSE,4.2,395,Rioja,Rioja,61.94,1.792,Rioja Red,4,3
Contino,Reserva,2016,FALSE,4.2,392,Rioja,Rioja,19.98,1.3006,Rioja Red,4,3
Conreria d'Scala Dei,Les Brugueres,2018,FALSE,4.2,390,Priorato,Priorato,16.76,1.2243,Priorat Red,4,3
Mustiguillo,Finca Terrerazo,2017,FALSE,4.2,390,El Terrerazo,El Terrerazo,24.45,1.3883,Red,4,3
Matarromera,Gran Reserva,2011,FALSE,4.2,389,Ribera del Duero,Ribera del Duero,64.5,1.8096,Ribera Del Duero Red,5,3
Sei Solo,Preludio,2016,FALSE,4.2,388,Ribera del Duero,Ribera del Duero,31.63,1.5001,Ribera Del Duero Red,5,3
Vinedos de Paganos,El Puntido,2005,FALSE,4.2,384,Rioja,Rioja,73.0,1.8633,Rioja Red,4,3
La Vicalanda,Reserva,2015,FALSE,4.2,420,Rioja,Rioja,17.5,1.243,Rioja Red,4,3
Enrique Mendoza,Santa Rosa,2017,FALSE,4.2,420,Alicante,Alicante,18.9,1.2765,Red,4,3
Clos Pons,Roc Nu,2011,FALSE,4.2,420,Costers del Segre,Costers del Segre,23.95,1.3793,Red,4,3
Sierra Cantabria,Coleccion Privada,2012,FALSE,4.2,420,Rioja,Rioja,28.3,1.4518,Rioja Red,4,3
Imperial,Rioja Reserva,2004,FALSE,4.2,417,Rioja,Rioja,45.0,1.6532,Rioja Red,4,3
Losada,Altos de Losada,2018,FALSE,4.2,415,Bierzo,Bierzo,17.9,1.2529,Mencia,3,3
Mar de Frades,Rias Baixas Albarino Finca Valinas,2015,FALSE,4.2,414,Rias Baixas,Rias Baixas,16.78,1.2248,Albarino,3,3
La Rioja Alta,Vina Alberdi Crianza,2018,FALSE,4.2,410,Rioja,Rioja,13.58,1.1329,Rioja Red,4,3
Bodegas La Horra,Corimbo I,2015,FALSE,4.2,412,Ribera del Duero,Ribera del Duero,37.9,1.5786,Ribera Del Duero Red,5,3
Vina Pedrosa,Gran Reserva,2011,FALSE,4.2,410,Ribera del Duero,Ribera del Duero,51.35,1.7105,Ribera Del Duero Red,5,3
Campillo,Gran Reserva Rioja,2012,FALSE,4.2,410,Rioja,Rioja,22.99,1.3615,Rioja Red,4,3
Ramon do Casar,Treixadura,2020,FALSE,4.2,407,Ribeiro,Ribeiro,11.95,1.0774,NA,NA,NA
Lustau,Candela Cream Dulce Sweet,,TRUE,4.2,405,Jerez-Xeres-Sherry,Jerez-Xeres-Sherry,7.1,0.8513,Sherry,4,3
Portal del Priorat,Clos del Portal Somni,2014,FALSE,4.2,404,Priorato,Priorato,77.36,1.8885,Priorat Red,4,3
Binigrau,Nounat,2020,FALSE,4.2,404,Mallorca,Mallorca,19.9,1.2989,NA,NA,NA
Ramon Bilbao,Mirto,2011,FALSE,4.2,402,Rioja,Rioja,28.53,1.4553,Rioja Red,4,3
Matsu,El Viejo,2019,FALSE,4.2,400,Toro,Toro,27.89,1.4454,Toro Red,5,3
Artadi,Valdegines,2016,FALSE,4.2,398,Vino de Espana,Vino de Espana,48.96,1.6898,Tempranillo,4,2
Contino,Rioja Graciano,2011,FALSE,4.2,395,Rioja,Rioja,61.94,1.792,Rioja Red,4,3
Contino,Reserva,2016,FALSE,4.2,392,Rioja,Rioja,19.98,1.3006,Rioja Red,4,3
Conreria d'Scala Dei,Les Brugueres,2018,FALSE,4.2,390,Priorato,Priorato,16.76,1.2243,Priorat Red,4,3
Mustiguillo,Finca Terrerazo,2017,FALSE,4.2,390,El Terrerazo,El Terrerazo,24.45,1.3883,Red,4,3
Matarromera,Gran Reserva,2011,FALSE,4.2,389,Ribera del Duero,Ribera del Duero,64.5,1.8096,Ribera Del Duero Red,5,3
Sei Solo,Preludio,2016,FALSE,4.2,388,Ribera del Duero,Ribera del Duero,31.63,1.5001,Ribera Del Duero Red,5,3
Vinedos de Paganos,El Puntido,2005,FALSE,4.2,384,Rioja,Rioja,73.0,1.8633,Rioja Red,4,3
Remirez de Ganuza,Rioja Blanco,2017,FALSE,4.2,421,Rioja,Rioja,29.15,1.4646,Rioja White,NA,NA
La Vicalanda,Reserva,2015,FALSE,4.2,420,Rioja,Rioja,17.5,1.243,Rioja Red,NA,NA
Enrique Mendoza,Santa Rosa,2017,FALSE,4.2,420,Alicante,Alicante,18.9,1.2765,Red,NA,NA
Clos Pons,Roc Nu,2011,FALSE,4.2,420,Costers del Segre,Costers del Segre,23.95,1.3793,Red,NA,NA
Sierra Cantabria,Coleccion Privada,2012,FALSE,4.2,420,Rioja,Rioja,28.3,1.4518,Rioja Red,NA,NA
Imperial,Rioja Reserva,2004,FALSE,4.2,417,Rioja,Rioja,45.0,1.6532,Rioja Red,NA,NA
Losada,Altos de Losada,2018,FALSE,4.2,415,Bierzo,Bierzo,17.9,1.2529,Mencia,NA,NA
Mar de Frades,Rias Baixas Albarino Finca Valinas,2015,FALSE,4.2,414,Rias Baixas,Rias Baixas,16.78,1.2248,Albarino,NA,NA
La Rioja Alta,Vina Alberdi Crianza,2018,FALSE,4.2,410,Rioja,Rioja,13.58,1.1329,Rioja Red,NA,NA
Bodegas La Horra,Corimbo I,2015,FALSE,4.2,412,Ribera del Duero,Ribera del Duero,37.9,1.5786,Ribera Del Duero Red,NA,NA
Vina Pedrosa,Gran Reserva,2011,FALSE,4.2,410,Ribera del Duero,Ribera del Duero,51.35,1.7105,Ribera Del Duero Red,NA,NA
Campillo,Gran Reserva Rioja,2012,FALSE,4.2,410,Rioja,Rioja,22.99,1.3615,Rioja Red,NA,NA
Ramon do Casar,Treixadura,2020,FALSE,4.2,407,Ribeiro,Ribeiro,11.95,1.0774,NA,NA,NA
Lustau,Candela Cream Dulce Sweet,,TRUE,4.2,405,Jerez-Xeres-Sherry,Jerez-Xeres-Sherry,7.1,0.8513,Sherry,NA,NA
Portal del Priorat,Clos del Portal Somni,2014,FALSE,4.2,404,Priorato,Priorato,77.36,1.8885,Priorat Red,NA,NA
Binigrau,Nounat,2020,FALSE,4.2,404,Mallorca,Mallorca,19.9,1.2989,NA,NA,NA
Ramon Bilbao,Mirto,2011,FALSE,4.2,402,Rioja,Rioja,28.53,1.4553,Rioja Red,NA,NA
Matsu,El Viejo,2019,FALSE,4.2,400,Toro,Toro,27.89,1.4454,Toro Red,NA,NA
Artadi,Valdegines,2016,FALSE,4.2,398,Vino de Espana,Vino de Espana,48.96,1.6898,Tempranillo,NA,NA
Contino,Rioja Graciano,2011,FALSE,4.2,395,Rioja,Rioja,61.94,1.792,Rioja Red,NA,NA
Contino,Reserva,2016,FALSE,4.2,392,Rioja,Rioja,19.98,1.3006,Rioja Red,NA,NA
Conreria d'Scala Dei,Les Brugueres,2018,FALSE,4.2,390,Priorato,Priorato,16.76,1.2243,Priorat Red,NA,NA
Mustiguillo,Finca Terrerazo,2017,FALSE,4.2,390,El Terrerazo,El Terrerazo,24.45,1.3883,Red,NA,NA
Matarromera,Gran Reserva,2011,FALSE,4.2,389,Ribera del Duero,Ribera del Duero,64.5,1.8096,Ribera Del Duero Red,NA,NA
Sei Solo,Preludio,2016,FALSE,4.2,388,Ribera del Duero,Ribera del Duero,31.63,1.5001,Ribera Del Duero Red,NA,NA
Remirez de Ganuza,Rioja Blanco,2017,FALSE,4.2,421,Rioja,Rioja,29.15,1.4646,Rioja White,NA,NA
La Vicalanda,Reserva,2015,FALSE,4.2,420,Rioja,Rioja,17.5,1.243,Rioja Red,NA,NA
Enrique Mendoza,Santa Rosa,2017,FALSE,4.2,420,Alicante,Alicante,18.9,1.2765,Red,NA,NA
Clos Pons,Roc Nu,2011,FALSE,4.2,420,Costers del Segre,Costers del Segre,23.95,1.3793,Red,NA,NA
Sierra Cantabria,Coleccion Privada,2012,FALSE,4.2,420,Rioja,Rioja,28.3,1.4518,Rioja Red,NA,NA
Imperial,Rioja Reserva,2004,FALSE,4.2,417,Rioja,Rioja,45.0,1.6532,Rioja Red,NA,NA
Losada,Altos de Losada,2018,FALSE,4.2,415,Bierzo,Bierzo,17.9,1.2529,Mencia,NA,NA
Mar de Frades,Rias Baixas Albarino Finca Valinas,2015,FALSE,4.2,414,Rias Baixas,Rias Baixas,16.78,1.2248,Albarino,NA,NA
La Rioja Alta,Vina Alberdi Crianza,2018,FALSE,4.2,410,Rioja,Rioja,13.58,1.1329,Rioja Red,NA,NA
Bodegas La Horra,Corimbo I,2015,FALSE,4.2,412,Ribera del Duero,Ribera del Duero,37.9,1.5786,Ribera Del Duero Red,NA,NA
Vina Pedrosa,Gran Reserva,2011,FALSE,4.2,410,Ribera del Duero,Ribera del Duero,51.35,1.7105,Ribera Del Duero Red,NA,NA
Campillo,Gran Reserva Rioja,2012,FALSE,4.2,410,Rioja,Rioja,22.99,1.3615,Rioja Red,NA,NA
Ramon do Casar,Treixadura,2020,FALSE,4.2,407,Ribeiro,Ribeiro,11.95,1.0774,NA,NA,NA
Lustau,Candela Cream Dulce Sweet,,TRUE,4.2,405,Jerez-Xeres-Sherry,Jerez-Xeres-Sherry,7.1,0.8513,Sherry,NA,NA
Portal del Priorat,Clos del Portal Somni,2014,FALSE,4.2,404,Priorato,Priorato,77.36,1.8885,Priorat Red,NA,NA
Binigrau,Nounat,2020,FALSE,4.2,404,Mallorca,Mallorca,19.9,1.2989,NA,NA,NA
Ramon Bilbao,Mirto,2011,FALSE,4.2,402,Rioja,Rioja,28.53,1.4553,Rioja Red,NA,NA
Matsu,El Viejo,2019,FALSE,4.2,400,Toro,Toro,27.89,1.4454,Toro Red,NA,NA
Artadi,Valdegines,2016,FALSE,4.2,398,Vino de Espana,Vino de Espana,48.96,1.6898,Tempranillo,NA,NA
Contino,Rioja Graciano,2011,FALSE,4.2,395,Rioja,Rioja,61.94,1.792,Rioja Red,NA,NA
Contino,Reserva,2016,FALSE,4.2,392,Rioja,Rioja,19.98,1.3006,Rioja Red,NA,NA
Conreria d'Scala Dei,Les Brugueres,2018,FALSE,4.2,390,Priorato,Priorato,16.76,1.2243,Priorat Red,NA,NA
Mustiguillo,Finca Terrerazo,2017,FALSE,4.2,390,El Terrerazo,El Terrerazo,24.45,1.3883,Red,NA,NA
Matarromera,Gran Reserva,2011,FALSE,4.2,389,Ribera del Duero,Ribera del Duero,64.5,1.8096,Ribera Del Duero Red,NA,NA
Sei Solo,Preludio,2016,FALSE,4.2,388,Ribera del Duero,Ribera del Duero,31.63,1.5001,Ribera Del Duero Red,NA,NA
Remirez de Ganuza,Rioja Blanco,2017,FALSE,4.2,421,Rioja,Rioja,29.15,1.4646,Rioja White,3,3
La Vicalanda,Reserva,2015,FALSE,4.2,420,Rioja,Rioja,17.5,1.243,Rioja Red,4,3
Enrique Mendoza,Santa Rosa,2017,FALSE,4.2,420,Alicante,Alicante,18.9,1.2765,Red,4,3
Clos Pons,Roc Nu,2011,FALSE,4.2,420,Costers del Segre,Costers del Segre,23.95,1.3793,Red,4,3
Sierra Cantabria,Coleccion Privada,2012,FALSE,4.2,420,Rioja,Rioja,28.3,1.4518,Rioja Red,4,3
Imperial,Rioja Reserva,2004,FALSE,4.2,417,Rioja,Rioja,45.0,1.6532,Rioja Red,4,3
Losada,Altos de Losada,2018,FALSE,4.2,415,Bierzo,Bierzo,17.9,1.2529,Mencia,3,3
Mar de Frades,Rias Baixas Albarino Finca Valinas,2015,FALSE,4.2,414,Rias Baixas,Rias Baixas,16.78,1.2248,Albarino,3,3
La Rioja Alta,Vina Alberdi Crianza,2018,FALSE,4.2,410,Rioja,Rioja,13.58,1.1329,Rioja Red,4,3
Bodegas La Horra,Corimbo I,2015,FALSE,4.2,412,Ribera del Duero,Ribera del Duero,37.9,1.5786,Ribera Del Duero Red,5,3
Vina Pedrosa,Gran Reserva,2011,FALSE,4.2,410,Ribera del Duero,Ribera del Duero,51.35,1.7105,Ribera Del Duero Red,5,3
Campillo,Gran Reserva Rioja,2012,FALSE,4.2,410,Rioja,Rioja,22.99,1.3615,Rioja Red,4,3
Ramon do Casar,Treixadura,2020,FALSE,4.2,407,Ribeiro,Ribeiro,11.95,1.0774,NA,NA,NA
Lustau,Candela Cream Dulce Sweet,,TRUE,4.2,405,Jerez-Xeres-Sherry,Jerez-Xeres-Sherry,7.1,0.8513,Sherry,4,3
Portal del Priorat,Clos del Portal Somni,2014,FALSE,4.2,404,Priorato,Priorato,77.36,1.8885,Priorat Red,4,3
Binigrau,Nounat,2020,FALSE,4.2,404,Mallorca,Mallorca,19.9,1.2989,NA,NA,NA
Ramon Bilbao,Mirto,2011,FALSE,4.2,402,Rioja,Rioja,28.53,1.4553,Rioja Red,4,3
Matsu,El Viejo,2019,FALSE,4.2,400,Toro,Toro,27.89,1.4454,Toro Red,5,3
Artadi,Valdegines,2016,FALSE,4.2,398,Vino de Espana,Vino de Espana,48.96,1.6898,Tempranillo,4,2
Contino,Rioja Graciano,2011,FALSE,4.2,395,Rioja,Rioja,61.94,1.792,Rioja Red,4,3
Contino,Reserva,2016,FALSE,4.2,392,Rioja,Rioja,19.98,1.3006,Rioja Red,4,3
Conreria d'Scala Dei,Les Brugueres,2018,FALSE,4.2,390,Priorato,Priorato,16.76,1.2243,Priorat Red,4,3
Mustiguillo,Finca Terrerazo,2017,FALSE,4.2,390,El Terrerazo,El Terrerazo,24.45,1.3883,Red,4,3
Matarromera,Gran Reserva,2011,FALSE,4.2,389,Ribera del Duero,Ribera del Duero,64.5,1.8096,Ribera Del Duero Red,5,3
Sei Solo,Preludio,2016,FALSE,4.2,388,Ribera del Duero,Ribera del Duero,31.63,1.5001,Ribera Del Duero Red,5,3
Remirez de Ganuza,Rioja Blanco,2017,FALSE,4.2,421,Rioja,Rioja,29.15,1.4646,Rioja White,3,3
La Vicalanda,Reserva,2015,FALSE,4.2,420,Rioja,Rioja,17.5,1.243,Rioja Red,4,3
Enrique Mendoza,Santa Rosa,2017,FALSE,4.2,420,Alicante,Alicante,18.9,1.2765,Red,4,3
Clos Pons,Roc Nu,2011,FALSE,4.2,420,Costers del Segre,Costers del Segre,23.95,1.3793,Red,4,3
Sierra Cantabria,Coleccion Privada,2012,FALSE,4.2,420,Rioja,Rioja,28.3,1.4518,Rioja Red,4,3
Imperial,Rioja Reserva,2004,FALSE,4.2,417,Rioja,Rioja,45.0,1.6532,Rioja Red,4,3
Losada,Altos de Losada,2018,FALSE,4.2,415,Bierzo,Bierzo,17.9,1.2529,Mencia,3,3
Mar de Frades,Rias Baixas Albarino Finca Valinas,2015,FALSE,4.2,414,Rias Baixas,Rias Baixas,16.78,1.2248,Albarino,3,3
La Rioja Alta,Vina Alberdi Crianza,2018,FALSE,4.2,410,Rioja,Rioja,13.58,1.1329,Rioja Red,4,3
Bodegas La Horra,Corimbo I,2015,FALSE,4.2,412,Ribera del Duero,Ribera del Duero,37.9,1.5786,Ribera Del Duero Red,5,3
Vina Pedrosa,Gran Reserva,2011,FALSE,4.2,410,Ribera del Duero,Ribera del Duero,51.35,1.7105,Ribera Del Duero Red,5,3
Campillo,Gran Reserva Rioja,2012,FALSE,4.2,410,Rioja,Rioja,22.99,1.3615,Rioja Red,4,3
Ramon do Casar,Treixadura,2020,FALSE,4.2,407,Ribeiro,Ribeiro,11.95,1.0774,NA,NA,NA
Lustau,Candela Cream Dulce Sweet,,TRUE,4.2,405,Jerez-Xeres-Sherry,Jerez-Xeres-Sherry,7.1,0.8513,Sherry,4,3
Portal del Priorat,Clos del Portal Somni,2014,FALSE,4.2,404,Priorato,Priorato,77.36,1.8885,Priorat Red,4,3
Binigrau,Nounat,2020,FALSE,4.2,404,Mallorca,Mallorca,19.9,1.2989,NA,NA,NA
Ramon Bilbao,Mirto,2011,FALSE,4.2,402,Rioja,Rioja,28.53,1.4553,Rioja Red,4,3
Matsu,El Viejo,2019,FALSE,4.2,400,Toro,Toro,27.89,1.4454,Toro Red,5,3
Artadi,Valdegines,2016,FALSE,4.2,398,Vino de Espana,Vino de Espana,48.96,1.6898,Tempranillo,4,2
Contino,Rioja Graciano,2011,FALSE,4.2,395,Rioja,Rioja,61.94,1.792,Rioja Red,4,3
Contino,Reserva,2016,FALSE,4.2,392,Rioja,Rioja,19.98,1.3006,Rioja Red,4,3
Conreria d'Scala Dei,Les Brugueres,2018,FALSE,4.2,390,Priorato,Priorato,16.76,1.2243,Priorat Red,4,3
Mustiguillo,Finca Terrerazo,2017,FALSE,4.2,390,El Terrerazo,El Terrerazo,24.45,1.3883,Red,4,3
Matarromera,Gran Reserva,2011,FALSE,4.2,389,Ribera del Duero,Ribera del Duero,64.5,1.8096,Ribera Del Duero Red,5,3
Sei Solo,Preludio,2016,FALSE,4.2,388,Ribera del Duero,Ribera del Duero,31.63,1.5001,Ribera Del Duero Red,5,3
Remirez de Ganuza,Rioja Blanco,2017,FALSE,4.2,421,Rioja,Rioja,29.15,1.4646,Rioja White,3,3
La Vicalanda,Reserva,2015,FALSE,4.2,420,Rioja,Rioja,17.5,1.243,Rioja Red,4,3
Enrique Mendoza,Santa Rosa,2017,FALSE,4.2,420,Alicante,Alicante,18.9,1.2765,Red,4,3
Clos Pons,Roc Nu,2011,FALSE,4.2,420,Costers del Segre,Costers del Segre,23.95,1.3793,Red,4,3
Sierra Cantabria,Coleccion Privada,2012,FALSE,4.2,420,Rioja,Rioja,28.3,1.4518,Rioja Red,4,3
Imperial,Rioja Reserva,2004,FALSE,4.2,417,Rioja,Rioja,45.0,1.6532,Rioja Red,4,3
Losada,Altos de Losada,2018,FALSE,4.2,415,Bierzo,Bierzo,17.9,1.2529,Mencia,3,3
Mar de Frades,Rias Baixas Albarino Finca Valinas,2015,FALSE,4.2,414,Rias Baixas,Rias Baixas,16.78,1.2248,Albarino,3,3
La Rioja Alta,Vina Alberdi Crianza,2018,FALSE,4.2,410,Rioja,Rioja,13.58,1.1329,Rioja Red,4,3
Bodegas La Horra,Corimbo I,2015,FALSE,4.2,412,Ribera del Duero,Ribera del Duero,37.9,1.5786,Ribera Del Duero Red,5,3
Vina Pedrosa,Gran Reserva,2011,FALSE,4.2,410,Ribera del Duero,Ribera del Duero,51.35,1.7105,Ribera Del Duero Red,5,3
Campillo,Gran Reserva Rioja,2012,FALSE,4.2,410,Rioja,Rioja,22.99,1.3615,Rioja Red,4,3
Ramon do Casar,Treixadura,2020,FALSE,4.2,407,Ribeiro,Ribeiro,11.95,1.0774,NA,NA,NA
Lustau,Candela Cream Dulce Sweet,,TRUE,4.2,405,Jerez-Xeres-Sherry,Jerez-Xeres-Sherry,7.1,0.8513,Sherry,4,3
Portal del Priorat,Clos del Portal Somni,2014,FALSE,4.2,404,Priorato,Priorato,77.36,1.8885,Priorat Red,4,3
Binigrau,Nounat,2020,FALSE,4.2,404,Mallorca,Mallorca,19.9,1.2989,NA,NA,NA
Ramon Bilbao,Mirto,2011,FALSE,4.2,402,Rioja,Rioja,28.53,1.4553,Rioja Red,4,3
Matsu,El Viejo,2019,FALSE,4.2,400,Toro,Toro,27.89,1.4454,Toro Red,5,3
Artadi,Valdegines,2016,FALSE,4.2,398,Vino de Espana,Vino de Espana,48.96,1.6898,Tempranillo,4,2
Contino,Rioja Graciano,2011,FALSE,4.2,395,Rioja,Rioja,61.94,1.792,Rioja Red,4,3
Contino,Reserva,2016,FALSE,4.2,392,Rioja,Rioja,19.98,1.3006,Rioja Red,4,3
Conreria d'Scala Dei,Les Brugueres,2018,FALSE,4.2,390,Priorato,Priorato,16.76,1.2243,Priorat Red,4,3
Mustiguillo,Finca Terrerazo,2017,FALSE,4.2,390,El Terrerazo,El Terrerazo,24.45,1.3883,Red,4,3
Matarromera,Gran Reserva,2011,FALSE,4.2,389,Ribera del Duero,Ribera del Duero,64.5,1.8096,Ribera Del Duero Red,5,3
Sei Solo,Preludio,2016,FALSE,4.2,388,Ribera del Duero,Ribera del Duero,31.63,1.5001,Ribera Del Duero Red,5,3
Remirez de Ganuza,Rioja Blanco,2017,FALSE,4.2,421,Rioja,Rioja,29.15,1.4646,Rioja White,3,3
La Vicalanda,Reserva,2015,FALSE,4.2,420,Rioja,Rioja,17.5,1.243,Rioja Red,4,3
Enrique Mendoza,Santa Rosa,2017,FALSE,4.2,420,Alicante,Alicante,18.9,1.2765,Red,4,3
Clos Pons,Roc Nu,2011,FALSE,4.2,420,Costers del Segre,Costers del Segre,23.95,1.3793,Red,4,3
Sierra Cantabria,Coleccion Privada,2012,FALSE,4.2,420,Rioja,Rioja,28.3,1.4518,Rioja Red,4,3
Imperial,Rioja Reserva,2004,FALSE,4.2,417,Rioja,Rioja,45.0,1.6532,Rioja Red,4,3
Losada,Altos de Losada,2018,FALSE,4.2,415,Bierzo,Bierzo,17.9,1.2529,Mencia,3,3
Mar de Frades,Rias Baixas Albarino Finca Valinas,2015,FALSE,4.2,414,Rias Baixas,Rias Baixas,16.78,1.2248,Albarino,3,3
La Rioja Alta,Vina Alberdi Crianza,2018,FALSE,4.2,410,Rioja,Rioja,13.58,1.1329,Rioja Red,4,3
Bodegas La Horra,Corimbo I,2015,FALSE,4.2,412,Ribera del Duero,Ribera del Duero,37.9,1.5786,Ribera Del Duero Red,5,3
Vina Pedrosa,Gran Reserva,2011,FALSE,4.2,410,Ribera del Duero,Ribera del Duero,51.35,1.7105,Ribera Del Duero Red,5,3
Campillo,Gran Reserva Rioja,2012,FALSE,4.2,410,Rioja,Rioja,22.99,1.3615,Rioja Red,4,3
Ramon do Casar,Treixadura,2020,FALSE,4.2,407,Ribeiro,Ribeiro,11.95,1.0774,NA,NA,NA
Lustau,Candela Cream Dulce Sweet,,TRUE,4.2,405,Jerez-Xeres-Sherry,Jerez-Xeres-Sherry,7.1,0.8513,Sherry,4,3
Portal del Priorat,Clos del Portal Somni,2014,FALSE,4.2,404,Priorato,Priorato,77.36,1.8885,Priorat Red,4,3
Binigrau,Nounat,2020,FALSE,4.2,404,Mallorca,Mallorca,19.9,1.2989,NA,NA,NA
Ramon Bilbao,Mirto,2011,FALSE,4.2,402,Rioja,Rioja,28.53,1.4553,Rioja Red,4,3
Matsu,El Viejo,2019,FALSE,4.2,400,Toro,Toro,27.89,1.4454,Toro Red,5,3
Artadi,Valdegines,2016,FALSE,4.2,398,Vino de Espana,Vino de Espana,48.96,1.6898,Tempranillo,4,2
Contino,Rioja Graciano,2011,FALSE,4.2,395,Rioja,Rioja,61.94,1.792,Rioja Red,4,3
Contino,Reserva,2016,FALSE,4.2,392,Rioja,Rioja,19.98,1.3006,Rioja Red,4,3
Conreria d'Scala Dei,Les Brugueres,2018,FALSE,4.2,390,Priorato,Priorato,16.76,1.2243,Priorat Red,4,3
Mustiguillo,Finca Terrerazo,2017,FALSE,4.2,390,El Terrerazo,El Terrerazo,24.45,1.3883,Red,4,3
Matarromera,Gran Reserva,2011,FALSE,4.2,389,Ribera del Duero,Ribera del Duero,64.5,1.8096,Ribera Del Duero Red,5,3
Sei Solo,Preludio,2016,FALSE,4.2,388,Ribera del Duero,Ribera del Duero,31.63,1.5001,Ribera Del Duero Red,5,3
Remirez de Ganuza,Rioja Blanco,2017,FALSE,4.2,421,Rioja,Rioja,29.15,1.4646,Rioja White,3,3
La Vicalanda,Reserva,2015,FALSE,4.2,420,Rioja,Rioja,17.5,1.243,Rioja Red,4,3
Enrique Mendoza,Santa Rosa,2017,FALSE,4.2,420,Alicante,Alicante,18.9,1.2765,Red,4,3
Clos Pons,Roc Nu,2011,FALSE,4.2,420,Costers del Segre,Costers del Segre,23.95,1.3793,Red,4,3
Sierra Cantabria,Coleccion Privada,2012,FALSE,4.2,420,Rioja,Rioja,28.3,1.4518,Rioja Red,4,3
Imperial,Rioja Reserva,2004,FALSE,4.2,417,Rioja,Rioja,45.0,1.6532,Rioja Red,4,3
Losada,Altos de Losada,2018,FALSE,4.2,415,Bierzo,Bierzo,17.9,1.2529,Mencia,3,3
Mar de Frades,Rias Baixas Albarino Finca Valinas,2015,FALSE,4.2,414,Rias Baixas,Rias Baixas,16.78,1.2248,Albarino,3,3
La Rioja Alta,Vina Alberdi Crianza,2018,FALSE,4.2,410,Rioja,Rioja,13.58,1.1329,Rioja Red,4,3
Bodegas La Horra,Corimbo I,2015,FALSE,4.2,412,Ribera del Duero,Ribera del Duero,37.9,1.5786,Ribera Del Duero Red,5,3
Vina Pedrosa,Gran Reserva,2011,FALSE,4.2,410,Ribera del Duero,Ribera del Duero,51.35,1.7105,Ribera Del Duero Red,5,3
Campillo,Gran Reserva Rioja,2012,FALSE,4.2,410,Rioja,Rioja,22.99,1.3615,Rioja Red,4,3
Ramon do Casar,Treixadura,2020,FALSE,4.2,407,Ribeiro,Ribeiro,11.95,1.0774,NA,NA,NA
Lustau,Candela Cream Dulce Sweet,,TRUE,4.2,405,Jerez-Xeres-Sherry,Jerez-Xeres-Sherry,7.1,0.8513,Sherry,4,3
Portal del Priorat,Clos del Portal Somni,2014,FALSE,4.2,404,Priorato,Priorato,77.36,1.8885,Priorat Red,4,3
Binigrau,Nounat,2020,FALSE,4.2,404,Mallorca,Mallorca,19.9,1.2989,NA,NA,NA
Ramon Bilbao,Mirto,2011,FALSE,4.2,402,Rioja,Rioja,28.53,1.4553,Rioja Red,4,3
Matsu,El Viejo,2019,FALSE,4.2,400,Toro,Toro,27.89,1.4454,Toro Red,5,3
Artadi,Valdegines,2016,FALSE,4.2,398,Vino de Espana,Vino de Espana,48.96,1.6898,Tempranillo,4,2
Contino,Rioja Graciano,2011,FALSE,4.2,395,Rioja,Rioja,61.94,1.792,Rioja Red,4,3
Contino,Reserva,2016,FALSE,4.2,392,Rioja,Rioja,19.98,1.3006,Rioja Red,4,3
Conreria d'Scala Dei,Les Brugueres,2018,FALSE,4.2,390,Priorato,Priorato,16.76,1.2243,Priorat Red,4,3
Mustiguillo,Finca Terrerazo,2017,FALSE,4.2,390,El Terrerazo,El Terrerazo,24.45,1.3883,Red,4,3
Matarromera,Gran Reserva,2011,FALSE,4.2,389,Ribera del Duero,Ribera del Duero,64.5,1.8096,Ribera Del Duero Red,5,3
Sei Solo,Preludio,2016,FALSE,4.2,388,Ribera del Duero,Ribera del Duero,31.63,1.5001,Ribera Del Duero Red,5,3
Remirez de Ganuza,Rioja Blanco,2017,FALSE,4.2,421,Rioja,Rioja,29.15,1.4646,Rioja White,NA,NA
La Vicalanda,Reserva,2015,FALSE,4.2,420,Rioja,Rioja,17.5,1.243,Rioja Red,NA,NA
Enrique Mendoza,Santa Rosa,2017,FALSE,4.2,420,Alicante,Alicante,18.9,1.2765,Red,NA,NA
Clos Pons,Roc Nu,2011,FALSE,4.2,420,Costers del Segre,Costers del Segre,23.95,1.3793,Red,NA,NA
Sierra Cantabria,Coleccion Privada,2012,FALSE,4.2,420,Rioja,Rioja,28.3,1.4518,Rioja Red,NA,NA
Imperial,Rioja Reserva,2004,FALSE,4.2,417,Rioja,Rioja,45.0,1.6532,Rioja Red,NA,NA
Losada,Altos de Losada,2018,FALSE,4.2,415,Bierzo,Bierzo,17.9,1.2529,Mencia,NA,NA
Mar de Frades,Rias Baixas Albarino Finca Valinas,2015,FALSE,4.2,414,Rias Baixas,Rias Baixas,16.78,1.2248,Albarino,NA,NA
La Rioja Alta,Vina Alberdi Crianza,2018,FALSE,4.2,410,Rioja,Rioja,13.58,1.1329,Rioja Red,NA,NA
Bodegas La Horra,Corimbo I,2015,FALSE,4.2,412,Ribera del Duero,Ribera del Duero,37.9,1.5786,Ribera Del Duero Red,NA,NA
Vina Pedrosa,Gran Reserva,2011,FALSE,4.2,410,Ribera del Duero,Ribera del Duero,51.35,1.7105,Ribera Del Duero Red,NA,NA
Campillo,Gran Reserva Rioja,2012,FALSE,4.2,410,Rioja,Rioja,22.99,1.3615,Rioja Red,NA,NA
Ramon do Casar,Treixadura,2020,FALSE,4.2,407,Ribeiro,Ribeiro,11.95,1.0774,NA,NA,NA
Lustau,Candela Cream Dulce Sweet,,TRUE,4.2,405,Jerez-Xeres-Sherry,Jerez-Xeres-Sherry,7.1,0.8513,Sherry,NA,NA
Portal del Priorat,Clos del Portal Somni,2014,FALSE,4.2,404,Priorato,Priorato,77.36,1.8885,Priorat Red,NA,NA
Binigrau,Nounat,2020,FALSE,4.2,404,Mallorca,Mallorca,19.9,1.2989,NA,NA,NA
Ramon Bilbao,Mirto,2011,FALSE,4.2,402,Rioja,Rioja,28.53,1.4553,Rioja Red,NA,NA
Matsu,El Viejo,2019,FALSE,4.2,400,Toro,Toro,27.89,1.4454,Toro Red,NA,NA
Artadi,Valdegines,2016,FALSE,4.2,398,Vino de Espana,Vino de Espana,48.96,1.6898,Tempranillo,NA,NA
Contino,Rioja Graciano,2011,FALSE,4.2,395,Rioja,Rioja,61.94,1.792,Rioja Red,NA,NA
Contino,Reserva,2016,FALSE,4.2,392,Rioja,Rioja,19.98,1.3006,Rioja Red,NA,NA
Conreria d'Scala Dei,Les Brugueres,2018,FALSE,4.2,390,Priorato,Priorato,16.76,1.2243,Priorat Red,NA,NA
Mustiguillo,Finca Terrerazo,2017,FALSE,4.2,390,El Terrerazo,El Terrerazo,24.45,1.3883,Red,NA,NA
Matarromera,Gran Reserva,2011,FALSE,4.2,389,Ribera del Duero,Ribera del Duero,64.5,1.8096,Ribera Del Duero Red,NA,NA
Sei Solo,Preludio,2016,FALSE,4.2,388,Ribera del Duero,Ribera del Duero,31.63,1.5001,Ribera Del Duero Red,NA,NA
Remirez de Ganuza,Rioja Blanco,2017,FALSE,4.2,421,Rioja,Rioja,29.15,1.4646,Rioja White,3,3
La Vicalanda,Reserva,2015,FALSE,4.2,420,Rioja,Rioja,17.5,1.243,Rioja Red,4,3
Enrique Mendoza,Santa Rosa,2017,FALSE,4.2,420,Alicante,Alicante,18.9,1.2765,Red,4,3
Clos Pons,Roc Nu,2011,FALSE,4.2,420,Costers del Segre,Costers del Segre,23.95,1.3793,Red,4,3
Sierra Cantabria,Coleccion Privada,2012,FALSE,4.2,420,Rioja,Rioja,28.3,1.4518,Rioja Red,4,3
Imperial,Rioja Reserva,2004,FALSE,4.2,417,Rioja,Rioja,45.0,1.6532,Rioja Red,4,3
Losada,Altos de Losada,2018,FALSE,4.2,415,Bierzo,Bierzo,17.9,1.2529,Mencia,3,3
Mar de Frades,Rias Baixas Albarino Finca Valinas,2015,FALSE,4.2,414,Rias Baixas,Rias Baixas,16.78,1.2248,Albarino,3,3
La Rioja Alta,Vina Alberdi Crianza,2018,FALSE,4.2,410,Rioja,Rioja,13.58,1.1329,Rioja Red,4,3
Bodegas La Horra,Corimbo I,2015,FALSE,4.2,412,Ribera del Duero,Ribera del Duero,37.9,1.5786,Ribera Del Duero Red,5,3
Vina Pedrosa,Gran Reserva,2011,FALSE,4.2,410,Ribera del Duero,Ribera del Duero,51.35,1.7105,Ribera Del Duero Red,5,3
Campillo,Gran Reserva Rioja,2012,FALSE,4.2,410,Rioja,Rioja,22.99,1.3615,Rioja Red,4,3
Ramon do Casar,Treixadura,2020,FALSE,4.2,407,Ribeiro,Ribeiro,11.95,1.0774,NA,NA,NA
Lustau,Candela Cream Dulce Sweet,,TRUE,4.2,405,Jerez-Xeres-Sherry,Jerez-Xeres-Sherry,7.1,0.8513,Sherry,4,3
Portal del Priorat,Clos del Portal Somni,2014,FALSE,4.2,404,Priorato,Priorato,77.36,1.8885,Priorat Red,4,3
Binigrau,Nounat,2020,FALSE,4.2,404,Mallorca,Mallorca,19.9,1.2989,NA,NA,NA
Ramon Bilbao,Mirto,2011,FALSE,4.2,402,Rioja,Rioja,28.53,1.4553,Rioja Red,4,3
Matsu,El Viejo,2019,FALSE,4.2,400,Toro,Toro,27.89,1.4454,Toro Red,5,3
Artadi,Valdegines,2016,FALSE,4.2,398,Vino de Espana,Vino de Espana,48.96,1.6898,Tempranillo,4,2
Contino,Rioja Graciano,2011,FALSE,4.2,395,Rioja,Rioja,61.94,1.792,Rioja Red,4,3
Contino,Reserva,2016,FALSE,4.2,392,Rioja,Rioja,19.98,1.3006,Rioja Red,4,3
Conreria d'Scala Dei,Les Brugueres,2018,FALSE,4.2,390,Priorato,Priorato,16.76,1.2243,Priorat Red,4,3
Mustiguillo,Finca Terrerazo,2017,FALSE,4.2,390,El Terrerazo,El Terrerazo,24.45,1.3883,Red,4,3
Matarromera,Gran Reserva,2011,FALSE,4.2,389,Ribera del Duero,Ribera del Duero,64.5,1.8096,Ribera Del Duero Red,5,3
Sei Solo,Preludio,2016,FALSE,4.2,388,Ribera del Duero,Ribera del Duero,31.63,1.5001,Ribera Del Duero Red,5,3
Remirez de Ganuza,Rioja Blanco,2017,FALSE,4.2,421,Rioja,Rioja,29.15,1.4646,Rioja White,3,3
La Vicalanda,Reserva,2015,FALSE,4.2,420,Rioja,Rioja,17.5,1.243,Rioja Red,4,3
Enrique Mendoza,Santa Rosa,2017,FALSE,4.2,420,Alicante,Alicante,18.9,1.2765,Red,4,3
Clos Pons,Roc Nu,2011,FALSE,4.2,420,Costers del Segre,Costers del Segre,23.95,1.3793,Red,4,3
Sierra Cantabria,Coleccion Privada,2012,FALSE,4.2,420,Rioja,Rioja,28.3,1.4518,Rioja Red,4,3
Imperial,Rioja Reserva,2004,FALSE,4.2,417,Rioja,Rioja,45.0,1.6532,Rioja Red,4,3
Losada,Altos de Losada,2018,FALSE,4.2,415,Bierzo,Bierzo,17.9,1.2529,Mencia,3,3
Mar de Frades,Rias Baixas Albarino Finca Valinas,2015,FALSE,4.2,414,Rias Baixas,Rias Baixas,16.78,1.2248,Albarino,3,3
La Rioja Alta,Vina Alberdi Crianza,2018,FALSE,4.2,410,Rioja,Rioja,13.58,1.1329,Rioja Red,4,3
Bodegas La Horra,Corimbo I,2015,FALSE,4.2,412,Ribera del Duero,Ribera del Duero,37.9,1.5786,Ribera Del Duero Red,5,3
Vina Pedrosa,Gran Reserva,2011,FALSE,4.2,410,Ribera del Duero,Ribera del Duero,51.35,1.7105,Ribera Del Duero Red,5,3
Campillo,Gran Reserva Rioja,2012,FALSE,4.2,410,Rioja,Rioja,22.99,1.3615,Rioja Red,4,3
Ramon do Casar,Treixadura,2020,FALSE,4.2,407,Ribeiro,Ribeiro,11.95,1.0774,NA,NA,NA
Lustau,Candela Cream Dulce Sweet,,TRUE,4.2,405,Jerez-Xeres-Sherry,Jerez-Xeres-Sherry,7.1,0.8513,Sherry,4,3
Portal del Priorat,Clos del Portal Somni,2014,FALSE,4.2,404,Priorato,Priorato,77.36,1.8885,Priorat Red,4,3
Binigrau,Nounat,2020,FALSE,4.2,404,Mallorca,Mallorca,19.9,1.2989,NA,NA,NA
Ramon Bilbao,Mirto,2011,FALSE,4.2,402,Rioja,Rioja,28.53,1.4553,Rioja Red,4,3
Matsu,El Viejo,2019,FALSE,4.2,400,Toro,Toro,27.89,1.4454,Toro Red,5,3
Artadi,Valdegines,2016,FALSE,4.2,398,Vino de Espana,Vino de Espana,48.96,1.6898,Tempranillo,4,2
Contino,Rioja Graciano,2011,FALSE,4.2,395,Rioja,Rioja,61.94,1.792,Rioja Red,4,3
Contino,Reserva,2016,FALSE,4.2,392,Rioja,Rioja,19.98,1.3006,Rioja Red,4,3
Conreria d'Scala Dei,Les Brugueres,2018,FALSE,4.2,390,Priorato,Priorato,16.76,1.2243,Priorat Red,4,3
Mustiguillo,Finca Terrerazo,2017,FALSE,4.2,390,El Terrerazo,El Terrerazo,24.45,1.3883,Red,4,3
Matarromera,Gran Reserva,2011,FALSE,4.2,389,Ribera del Duero,Ribera del Duero,64.5,1.8096,Ribera Del Duero Red,5,3
Sei Solo,Preludio,2016,FALSE,4.2,388,Ribera del Duero,Ribera del Duero,31.63,1.5001,Ribera Del Duero Red,5,3
Remirez de Ganuza,Rioja Blanco,2017,FALSE,4.2,421,Rioja,Rioja,29.15,1.4646,Rioja White,3,3
La Vicalanda,Reserva,2015,FALSE,4.2,420,Rioja,Rioja,17.5,1.243,Rioja Red,4,3
Enrique Mendoza,Santa Rosa,2017,FALSE,4.2,420,Alicante,Alicante,18.9,1.2765,Red,4,3
Clos Pons,Roc Nu,2011,FALSE,4.2,420,Costers del Segre,Costers del Segre,23.95,1.3793,Red,4,3
Sierra Cantabria,Coleccion Privada,2012,FALSE,4.2,420,Rioja,Rioja,28.3,1.4518,Rioja Red,4,3
Imperial,Rioja Reserva,2004,FALSE,4.2,417,Rioja,Rioja,45.0,1.6532,Rioja Red,4,3
Losada,Altos de Losada,2018,FALSE,4.2,415,Bierzo,Bierzo,17.9,1.2529,Mencia,3,3
Mar de Frades,Rias Baixas Albarino Finca Valinas,2015,FALSE,4.2,414,Rias Baixas,Rias Baixas,16.78,1.2248,Albarino,3,3
La Rioja Alta,Vina Alberdi Crianza,2018,FALSE,4.2,410,Rioja,Rioja,13.58,1.1329,Rioja Red,4,3
Bodegas La Horra,Corimbo I,2015,FALSE,4.2,412,Ribera del Duero,Ribera del Duero,37.9,1.5786,Ribera Del Duero Red,5,3
Vina Pedrosa,Gran Reserva,2011,FALSE,4.2,410,Ribera del Duero,Ribera del Duero,51.35,1.7105,Ribera Del Duero Red,5,3
Campillo,Gran Reserva Rioja,2012,FALSE,4.2,410,Rioja,Rioja,22.99,1.3615,Rioja Red,4,3
Ramon do Casar,Treixadura,2020,FALSE,4.2,407,Ribeiro,Ribeiro,11.95,1.0774,NA,NA,NA
Lustau,Candela Cream Dulce Sweet,,TRUE,4.2,405,Jerez-Xeres-Sherry,Jerez-Xeres-Sherry,7.1,0.8513,Sherry,4,3
Portal del Priorat,Clos del Portal Somni,2014,FALSE,4.2,404,Priorato,Priorato,77.36,1.8885,Priorat Red,4,3
Binigrau,Nounat,2020,FALSE,4.2,404,Mallorca,Mallorca,19.9,1.2989,NA,NA,NA
Ramon Bilbao,Mirto,2011,FALSE,4.2,402,Rioja,Rioja,28.53,1.4553,Rioja Red,4,3
Matsu,El Viejo,2019,FALSE,4.2,400,Toro,Toro,27.89,1.4454,Toro Red,5,3
Artadi,Valdegines,2016,FALSE,4.2,398,Vino de Espana,Vino de Espana,48.96,1.6898,Tempranillo,4,2
Contino,Rioja Graciano,2011,FALSE,4.2,395,Rioja,Rioja,61.94,1.792,Rioja Red,4,3
Contino,Reserva,2016,FALSE,4.2,392,Rioja,Rioja,19.98,1.3006,Rioja Red,4,3
Conreria d'Scala Dei,Les Brugueres,2018,FALSE,4.2,390,Priorato,Priorato,16.76,1.2243,Priorat Red,4,3
Mustiguillo,Finca Terrerazo,2017,FALSE,4.2,390,El Terrerazo,El Terrerazo,24.45,1.3883,Red,4,3
Matarromera,Gran Reserva,2011,FALSE,4.2,389,Ribera del Duero,Ribera del Duero,64.5,1.8096,Ribera Del Duero Red,5,3
Sei Solo,Preludio,2016,FALSE,4.2,388,Ribera del Duero,Ribera del Duero,31.63,1.5001,Ribera Del Duero Red,5,3
Remirez de Ganuza,Rioja Blanco,2017,FALSE,4.2,421,Rioja,Rioja,29.15,1.4646,Rioja White,3,3
La Vicalanda,Reserva,2015,FALSE,4.2,420,Rioja,Rioja,17.5,1.243,Rioja Red,4,3
Enrique Mendoza,Santa Rosa,2017,FALSE,4.2,420,Alicante,Alicante,18.9,1.2765,Red,4,3
Clos Pons,Roc Nu,2011,FALSE,4.2,420,Costers del Segre,Costers del Segre,23.95,1.3793,Red,4,3
Sierra Cantabria,Coleccion Privada,2012,FALSE,4.2,420,Rioja,Rioja,28.3,1.4518,Rioja Red,4,3
Imperial,Rioja Reserva,2004,FALSE,4.2,417,Rioja,Rioja,45.0,1.6532,Rioja Red,4,3
Losada,Altos de Losada,2018,FALSE,4.2,415,Bierzo,Bierzo,17.9,1.2529,Mencia,3,3
Mar de Frades,Rias Baixas Albarino Finca Valinas,2015,FALSE,4.2,414,Rias Baixas,Rias Baixas,16.78,1.2248,Albarino,3,3
La Rioja Alta,Vina Alberdi Crianza,2018,FALSE,4.2,410,Rioja,Rioja,13.58,1.1329,Rioja Red,4,3
Bodegas La Horra,Corimbo I,2015,FALSE,4.2,412,Ribera del Duero,Ribera del Duero,37.9,1.5786,Ribera Del Duero Red,5,3
Vina Pedrosa,Gran Reserva,2011,FALSE,4.2,410,Ribera del Duero,Ribera del Duero,51.35,1.7105,Ribera Del Duero Red,5,3
Campillo,Gran Reserva Rioja,2012,FALSE,4.2,410,Rioja,Rioja,22.99,1.3615,Rioja Red,4,3
Ramon do Casar,Treixadura,2020,FALSE,4.2,407,Ribeiro,Ribeiro,11.95,1.0774,NA,NA,NA
Lustau,Candela Cream Dulce Sweet,,TRUE,4.2,405,Jerez-Xeres-Sherry,Jerez-Xeres-Sherry,7.1,0.8513,Sherry,4,3
Portal del Priorat,Clos del Portal Somni,2014,FALSE,4.2,404,Priorato,Priorato,77.36,1.8885,Priorat Red,4,3
Binigrau,Nounat,2020,FALSE,4.2,404,Mallorca,Mallorca,19.9,1.2989,NA,NA,NA
Ramon Bilbao,Mirto,2011,FALSE,4.2,402,Rioja,Rioja,28.53,1.4553,Rioja Red,4,3
Matsu,El Viejo,2019,FALSE,4.2,400,Toro,Toro,27.89,1.4454,Toro Red,5,3
Artadi,Valdegines,2016,FALSE,4.2,398,Vino de Espana,Vino de Espana,48.96,1.6898,Tempranillo,4,2
Contino,Rioja Graciano,2011,FALSE,4.2,395,Rioja,Rioja,61.94,1.792,Rioja Red,4,3
Contino,Reserva,2016,FALSE,4.2,392,Rioja,Rioja,19.98,1.3006,Rioja Red,4,3
Conreria d'Scala Dei,Les Brugueres,2018,FALSE,4.2,390,Priorato,Priorato,16.76,1.2243,Priorat Red,4,3
Mustiguillo,Finca Terrerazo,2017,FALSE,4.2,390,El Terrerazo,El Terrerazo,24.45,1.3883,Red,4,3
Matarromera,Gran Reserva,2011,FALSE,4.2,389,Ribera del Duero,Ribera del Duero,64.5,1.8096,Ribera Del Duero Red,5,3
Sei Solo,Preludio,2016,FALSE,4.2,388,Ribera del Duero,Ribera del Duero,31.63,1.5001,Ribera Del Duero Red,5,3
Remirez de Ganuza,Rioja Blanco,2017,FALSE,4.2,421,Rioja,Rioja,29.15,1.4646,Rioja White,3,3
La Vicalanda,Reserva,2015,FALSE,4.2,420,Rioja,Rioja,17.5,1.243,Rioja Red,4,3
Enrique Mendoza,Santa Rosa,2017,FALSE,4.2,420,Alicante,Alicante,18.9,1.2765,Red,4,3
Clos Pons,Roc Nu,2011,FALSE,4.2,420,Costers del Segre,Costers del Segre,23.95,1.3793,Red,4,3
Sierra Cantabria,Coleccion Privada,2012,FALSE,4.2,420,Rioja,Rioja,28.3,1.4518,Rioja Red,4,3
Imperial,Rioja Reserva,2004,FALSE,4.2,417,Rioja,Rioja,45.0,1.6532,Rioja Red,4,3
Losada,Altos de Losada,2018,FALSE,4.2,415,Bierzo,Bierzo,17.9,1.2529,Mencia,3,3
Mar de Frades,Rias Baixas Albarino Finca Valinas,2015,FALSE,4.2,414,Rias Baixas,Rias Baixas,16.78,1.2248,Albarino,3,3
La Rioja Alta,Vina Alberdi Crianza,2018,FALSE,4.2,410,Rioja,Rioja,13.58,1.1329,Rioja Red,4,3
Bodegas La Horra,Corimbo I,2015,FALSE,4.2,412,Ribera del Duero,Ribera del Duero,37.9,1.5786,Ribera Del Duero Red,5,3
Vina Pedrosa,Gran Reserva,2011,FALSE,4.2,410,Ribera del Duero,Ribera del Duero,51.35,1.7105,Ribera Del Duero Red,5,3
Campillo,Gran Reserva Rioja,2012,FALSE,4.2,410,Rioja,Rioja,22.99,1.3615,Rioja Red,4,3
Ramon do Casar,Treixadura,2020,FALSE,4.2,407,Ribeiro,Ribeiro,11.95,1.0774,NA,NA,NA
Lustau,Candela Cream Dulce Sweet,,TRUE,4.2,405,Jerez-Xeres-Sherry,Jerez-Xeres-Sherry,7.1,0.8513,Sherry,4,3
Portal del Priorat,Clos del Portal Somni,2014,FALSE,4.2,404,Priorato,Priorato,77.36,1.8885,Priorat Red,4,3
Binigrau,Nounat,2020,FALSE,4.2,404,Mallorca,Mallorca,19.9,1.2989,NA,NA,NA
Ramon Bilbao,Mirto,2011,FALSE,4.2,402,Rioja,Rioja,28.53,1.4553,Rioja Red,4,3
Matsu,El Viejo,2019,FALSE,4.2,400,Toro,Toro,27.89,1.4454,Toro Red,5,3
Artadi,Valdegines,2016,FALSE,4.2,398,Vino de Espana,Vino de Espana,48.96,1.6898,Tempranillo,4,2
Contino,Rioja Graciano,2011,FALSE,4.2,395,Rioja,Rioja,61.94,1.792,Rioja Red,4,3
Contino,Reserva,2016,FALSE,4.2,392,Rioja,Rioja,19.98,1.3006,Rioja Red,4,3
Conreria d'Scala Dei,Les Brugueres,2018,FALSE,4.2,390,Priorato,Priorato,16.76,1.2243,Priorat Red,4,3
Mustiguillo,Finca Terrerazo,2017,FALSE,4.2,390,El Terrerazo,El Terrerazo,24.45,1.3883,Red,4,3
Matarromera,Gran Reserva,2011,FALSE,4.2,389,Ribera del Duero,Ribera del Duero,64.5,1.8096,Ribera Del Duero Red,5,3
Sei Solo,Preludio,2016,FALSE,4.2,388,Ribera del Duero,Ribera del Duero,31.63,1.5001,Ribera Del Duero Red,5,3
Remirez de Ganuza,Rioja Blanco,2017,FALSE,4.2,421,Rioja,Rioja,29.15,1.4646,Rioja White,3,3
La Vicalanda,Reserva,2015,FALSE,4.2,420,Rioja,Rioja,17.5,1.243,Rioja Red,4,3
Enrique Mendoza,Santa Rosa,2017,FALSE,4.2,420,Alicante,Alicante,18.9,1.2765,Red,4,3
Clos Pons,Roc Nu,2011,FALSE,4.2,420,Costers del Segre,Costers del Segre,23.95,1.3793,Red,4,3
Sierra Cantabria,Coleccion Privada,2012,FALSE,4.2,420,Rioja,Rioja,28.3,1.4518,Rioja Red,4,3
Imperial,Rioja Reserva,2004,FALSE,4.2,417,Rioja,Rioja,45.0,1.6532,Rioja Red,4,3
Losada,Altos de Losada,2018,FALSE,4.2,415,Bierzo,Bierzo,17.9,1.2529,Mencia,3,3
Mar de Frades,Rias Baixas Albarino Finca Valinas,2015,FALSE,4.2,414,Rias Baixas,Rias Baixas,16.78,1.2248,Albarino,3,3
La Rioja Alta,Vina Alberdi Crianza,2018,FALSE,4.2,410,Rioja,Rioja,13.58,1.1329,Rioja Red,4,3
Bodegas La Horra,Corimbo I,2015,FALSE,4.2,412,Ribera del Duero,Ribera del Duero,37.9,1.5786,Ribera Del Duero Red,5,3
Vina Pedrosa,Gran Reserva,2011,FALSE,4.2,410,Ribera del Duero,Ribera del Duero,51.35,1.7105,Ribera Del Duero Red,5,3
Campillo,Gran Reserva Rioja,2012,FALSE,4.2,410,Rioja,Rioja,22.99,1.3615,Rioja Red,4,3
Ramon do Casar,Treixadura,2020,FALSE,4.2,407,Ribeiro,Ribeiro,11.95,1.0774,NA,NA,NA
Lustau,Candela Cream Dulce Sweet,,TRUE,4.2,405,Jerez-Xeres-Sherry,Jerez-Xeres-Sherry,7.1,0.8513,Sherry,4,3
Portal del Priorat,Clos del Portal Somni,2014,FALSE,4.2,404,Priorato,Priorato,77.36,1.8885,Priorat Red,4,3
Binigrau,Nounat,2020,FALSE,4.2,404,Mallorca,Mallorca,19.9,1.2989,NA,NA,NA
Ramon Bilbao,Mirto,2011,FALSE,4.2,402,Rioja,Rioja,28.53,1.4553,Rioja Red,4,3
Matsu,El Viejo,2019,FALSE,4.2,400,Toro,Toro,27.89,1.4454,Toro Red,5,3
Artadi,Valdegines,2016,FALSE,4.2,398,Vino de Espana,Vino de Espana,48.96,1.6898,Tempranillo,4,2
Contino,Rioja Graciano,2011,FALSE,4.2,395,Rioja,Rioja,61.94,1.792,Rioja Red,4,3
Contino,Reserva,2016,FALSE,4.2,392,Rioja,Rioja,19.98,1.3006,Rioja Red,4,3
Conreria d'Scala Dei,Les Brugueres,2018,FALSE,4.2,390,Priorato,Priorato,16.76,1.2243,Priorat Red,4,3
Mustiguillo,Finca Terrerazo,2017,FALSE,4.2,390,El Terrerazo,El Terrerazo,24.45,1.3883,Red,4,3
Matarromera,Gran Reserva,2011,FALSE,4.2,389,Ribera del Duero,Ribera del Duero,64.5,1.8096,Ribera Del Duero Red,5,3
Sei Solo,Preludio,2016,FALSE,4.2,388,Ribera del Duero,Ribera del Duero,31.63,1.5001,Ribera Del Duero Red,5,3
Remirez de Ganuza,Rioja Blanco,2017,FALSE,4.2,421,Rioja,Rioja,29.15,1.4646,Rioja White,3,3
La Vicalanda,Reserva,2015,FALSE,4.2,420,Rioja,Rioja,17.5,1.243,Rioja Red,4,3
Enrique Mendoza,Santa Rosa,2017,FALSE,4.2,420,Alicante,Alicante,18.9,1.2765,Red,4,3
Clos Pons,Roc Nu,2011,FALSE,4.2,420,Costers del Segre,Costers del Segre,23.95,1.3793,Red,4,3
Sierra Cantabria,Coleccion Privada,2012,FALSE,4.2,420,Rioja,Rioja,28.3,1.4518,Rioja Red,4,3
Imperial,Rioja Reserva,2004,FALSE,4.2,417,Rioja,Rioja,45.0,1.6532,Rioja Red,4,3
Losada,Altos de Losada,2018,FALSE,4.2,415,Bierzo,Bierzo,17.9,1.2529,Mencia,3,3
Mar de Frades,Rias Baixas Albarino Finca Valinas,2015,FALSE,4.2,414,Rias Baixas,Rias Baixas,16.78,1.2248,Albarino,3,3
La Rioja Alta,Vina Alberdi Crianza,2018,FALSE,4.2,410,Rioja,Rioja,13.58,1.1329,Rioja Red,4,3
Bodegas La Horra,Corimbo I,2015,FALSE,4.2,412,Ribera del Duero,Ribera del Duero,37.9,1.5786,Ribera Del Duero Red,5,3
Vina Pedrosa,Gran Reserva,2011,FALSE,4.2,410,Ribera del Duero,Ribera del Duero,51.35,1.7105,Ribera Del Duero Red,5,3
Campillo,Gran Reserva Rioja,2012,FALSE,4.2,410,Rioja,Rioja,22.99,1.3615,Rioja Red,4,3
Ramon do Casar,Treixadura,2020,FALSE,4.2,407,Ribeiro,Ribeiro,11.95,1.0774,NA,NA,NA
Lustau,Candela Cream Dulce Sweet,,TRUE,4.2,405,Jerez-Xeres-Sherry,Jerez-Xeres-Sherry,7.1,0.8513,Sherry,4,3
Portal del Priorat,Clos del Portal Somni,2014,FALSE,4.2,404,Priorato,Priorato,77.36,1.8885,Priorat Red,4,3
Binigrau,Nounat,2020,FALSE,4.2,404,Mallorca,Mallorca,19.9,1.2989,NA,NA,NA
Ramon Bilbao,Mirto,2011,FALSE,4.2,402,Rioja,Rioja,28.53,1.4553,Rioja Red,4,3
Matsu,El Viejo,2019,FALSE,4.2,400,Toro,Toro,27.89,1.4454,Toro Red,5,3
Artadi,Valdegines,2016,FALSE,4.2,398,Vino de Espana,Vino de Espana,48.96,1.6898,Tempranillo,4,2
Contino,Rioja Graciano,2011,FALSE,4.2,395,Rioja,Rioja,61.94,1.792,Rioja Red,4,3
Contino,Reserva,2016,FALSE,4.2,392,Rioja,Rioja,19.98,1.3006,Rioja Red,4,3
Conreria d'Scala Dei,Les Brugueres,2018,FALSE,4.2,390,Priorato,Priorato,16.76,1.2243,Priorat Red,4,3
Mustiguillo,Finca Terrerazo,2017,FALSE,4.2,390,El Terrerazo,El Terrerazo,24.45,1.3883,Red,4,3
Matarromera,Gran Reserva,2011,FALSE,4.2,389,Ribera del Duero,Ribera del Duero,64.5,1.8096,Ribera Del Duero Red,5,3
Sei Solo,Preludio,2016,FALSE,4.2,388,Ribera del Duero,Ribera del Duero,31.63,1.5001,Ribera Del Duero Red,5,3
Remirez de Ganuza,Rioja Blanco,2017,FALSE,4.2,421,Rioja,Rioja,29.15,1.4646,Rioja White,NA,NA
La Vicalanda,Reserva,2015,FALSE,4.2,420,Rioja,Rioja,17.5,1.243,Rioja Red,NA,NA
Enrique Mendoza,Santa Rosa,2017,FALSE,4.2,420,Alicante,Alicante,18.9,1.2765,Red,NA,NA
Clos Pons,Roc Nu,2011,FALSE,4.2,420,Costers del Segre,Costers del Segre,23.95,1.3793,Red,NA,NA
Sierra Cantabria,Coleccion Privada,2012,FALSE,4.2,420,Rioja,Rioja,28.3,1.4518,Rioja Red,NA,NA
Imperial,Rioja Reserva,2004,FALSE,4.2,417,Rioja,Rioja,45.0,1.6532,Rioja Red,NA,NA
Losada,Altos de Losada,2018,FALSE,4.2,415,Bierzo,Bierzo,17.9,1.2529,Mencia,NA,NA
Mar de Frades,Rias Baixas Albarino Finca Valinas,2015,FALSE,4.2,414,Rias Baixas,Rias Baixas,16.78,1.2248,Albarino,NA,NA
La Rioja Alta,Vina Alberdi Crianza,2018,FALSE,4.2,410,Rioja,Rioja,13.58,1.1329,Rioja Red,NA,NA
Bodegas La Horra,Corimbo I,2015,FALSE,4.2,412,Ribera del Duero,Ribera del Duero,37.9,1.5786,Ribera Del Duero Red,NA,NA
Vina Pedrosa,Gran Reserva,2011,FALSE,4.2,410,Ribera del Duero,Ribera del Duero,51.35,1.7105,Ribera Del Duero Red,NA,NA
Campillo,Gran Reserva Rioja,2012,FALSE,4.2,410,Rioja,Rioja,22.99,1.3615,Rioja Red,NA,NA
Ramon do Casar,Treixadura,2020,FALSE,4.2,407,Ribeiro,Ribeiro,11.95,1.0774,NA,NA,NA
Lustau,Candela Cream Dulce Sweet,,TRUE,4.2,405,Jerez-Xeres-Sherry,Jerez-Xeres-Sherry,7.1,0.8513,Sherry,NA,NA
Portal del Priorat,Clos del Portal Somni,2014,FALSE,4.2,404,Priorato,Priorato,77.36,1.8885,Priorat Red,NA,NA
Binigrau,Nounat,2020,FALSE,4.2,404,Mallorca,Mallorca,19.9,1.2989,NA,NA,NA
Ramon Bilbao,Mirto,2011,FALSE,4.2,402,Rioja,Rioja,28.53,1.4553,Rioja Red,NA,NA
Matsu,El Viejo,2019,FALSE,4.2,400,Toro,Toro,27.89,1.4454,Toro Red,NA,NA
Artadi,Valdegines,2016,FALSE,4.2,398,Vino de Espana,Vino de Espana,48.96,1.6898,Tempranillo,NA,NA
Contino,Rioja Graciano,2011,FALSE,4.2,395,Rioja,Rioja,61.94,1.792,Rioja Red,NA,NA
Contino,Reserva,2016,FALSE,4.2,392,Rioja,Rioja,19.98,1.3006,Rioja Red,NA,NA
Conreria d'Scala Dei,Les Brugueres,2018,FALSE,4.2,390,Priorato,Priorato,16.76,1.2243,Priorat Red,NA,NA
Mustiguillo,Finca Terrerazo,2017,FALSE,4.2,390,El Terrerazo,El Terrerazo,24.45,1.3883,Red,NA,NA
Matarromera,Gran Reserva,2011,FALSE,4.2,389,Ribera del Duero,Ribera del Duero,64.5,1.8096,Ribera Del Duero Red,NA,NA
Sei Solo,Preludio,2016,FALSE,4.2,388,Ribera del Duero,Ribera del Duero,31.63,1.5001,Ribera Del Duero Red,NA,NA
Remirez de Ganuza,Rioja Blanco,2017,FALSE,4.2,421,Rioja,Rioja,29.15,1.4646,Rioja White,3,3
La Vicalanda,Reserva,2015,FALSE,4.2,420,Rioja,Rioja,17.5,1.243,Rioja Red,4,3
Enrique Mendoza,Santa Rosa,2017,FALSE,4.2,420,Alicante,Alicante,18.9,1.2765,Red,4,3
Clos Pons,Roc Nu,2011,FALSE,4.2,420,Costers del Segre,Costers del Segre,23.95,1.3793,Red,4,3
Sierra Cantabria,Coleccion Privada,2012,FALSE,4.2,420,Rioja,Rioja,28.3,1.4518,Rioja Red,4,3
Imperial,Rioja Reserva,2004,FALSE,4.2,417,Rioja,Rioja,45.0,1.6532,Rioja Red,4,3
Losada,Altos de Losada,2018,FALSE,4.2,415,Bierzo,Bierzo,17.9,1.2529,Mencia,3,3
Mar de Frades,Rias Baixas Albarino Finca Valinas,2015,FALSE,4.2,414,Rias Baixas,Rias Baixas,16.78,1.2248,Albarino,3,3
La Rioja Alta,Vina Alberdi Crianza,2018,FALSE,4.2,410,Rioja,Rioja,13.58,1.1329,Rioja Red,4,3
Bodegas La Horra,Corimbo I,2015,FALSE,4.2,412,Ribera del Duero,Ribera del Duero,37.9,1.5786,Ribera Del Duero Red,5,3
Vina Pedrosa,Gran Reserva,2011,FALSE,4.2,410,Ribera del Duero,Ribera del Duero,51.35,1.7105,Ribera Del Duero Red,5,3
Campillo,Gran Reserva Rioja,2012,FALSE,4.2,410,Rioja,Rioja,22.99,1.3615,Rioja Red,4,3
Ramon do Casar,Treixadura,2020,FALSE,4.2,407,Ribeiro,Ribeiro,11.95,1.0774,NA,NA,NA
Lustau,Candela Cream Dulce Sweet,,TRUE,4.2,405,Jerez-Xeres-Sherry,Jerez-Xeres-Sherry,7.1,0.8513,Sherry,4,3
Portal del Priorat,Clos del Portal Somni,2014,FALSE,4.2,404,Priorato,Priorato,77.36,1.8885,Priorat Red,4,3
Binigrau,Nounat,2020,FALSE,4.2,404,Mallorca,Mallorca,19.9,1.2989,NA,NA,NA
Ramon Bilbao,Mirto,2011,FALSE,4.2,402,Rioja,Rioja,28.53,1.4553,Rioja Red,4,3
Matsu,El Viejo,2019,FALSE,4.2,400,Toro,Toro,27.89,1.4454,Toro Red,5,3
Artadi,Valdegines,2016,FALSE,4.2,398,Vino de Espana,Vino de Espana,48.96,1.6898,Tempranillo,4,2
Contino,Rioja Graciano,2011,FALSE,4.2,395,Rioja,Rioja,61.94,1.792,Rioja Red,4,3
Contino,Reserva,2016,FALSE,4.2,392,Rioja,Rioja,19.98,1.3006,Rioja Red,4,3
Conreria d'Scala Dei,Les Brugueres,2018,FALSE,4.2,390,Priorato,Priorato,16.76,1.2243,Priorat Red,4,3
Mustiguillo,Finca Terrerazo,2017,FALSE,4.2,390,El Terrerazo,El Terrerazo,24.45,1.3883,Red,4,3
Matarromera,Gran Reserva,2011,FALSE,4.2,389,Ribera del Duero,Ribera del Duero,64.5,1.8096,Ribera Del Duero Red,5,3
Sei Solo,Preludio,2016,FALSE,4.2,388,Ribera del Duero,Ribera del Duero,31.63,1.5001,Ribera Del Duero Red,5,3
Remirez de Ganuza,Rioja Blanco,2017,FALSE,4.2,421,Rioja,Rioja,29.15,1.4646,Rioja White,3,3
La Vicalanda,Reserva,2015,FALSE,4.2,420,Rioja,Rioja,17.5,1.243,Rioja Red,4,3
Enrique Mendoza,Santa Rosa,2017,FALSE,4.2,420,Alicante,Alicante,18.9,1.2765,Red,4,3
Clos Pons,Roc Nu,2011,FALSE,4.2,420,Costers del Segre,Costers del Segre,23.95,1.3793,Red,4,3
Sierra Cantabria,Coleccion Privada,2012,FALSE,4.2,420,Rioja,Rioja,28.3,1.4518,Rioja Red,4,3
Imperial,Rioja Reserva,2004,FALSE,4.2,417,Rioja,Rioja,45.0,1.6532,Rioja Red,4,3
Losada,Altos de Losada,2018,FALSE,4.2,415,Bierzo,Bierzo,17.9,1.2529,Mencia,3,3
Mar de Frades,Rias Baixas Albarino Finca Valinas,2015,FALSE,4.2,414,Rias Baixas,Rias Baixas,16.78,1.2248,Albarino,3,3
La Rioja Alta,Vina Alberdi Crianza,2018,FALSE,4.2,410,Rioja,Rioja,13.58,1.1329,Rioja Red,4,3
Bodegas La Horra,Corimbo I,2015,FALSE,4.2,412,Ribera del Duero,Ribera del Duero,37.9,1.5786,Ribera Del Duero Red,5,3
Vina Pedrosa,Gran Reserva,2011,FALSE,4.2,410,Ribera del Duero,Ribera del Duero,51.35,1.7105,Ribera Del Duero Red,5,3
Campillo,Gran Reserva Rioja,2012,FALSE,4.2,410,Rioja,Rioja,22.99,1.3615,Rioja Red,4,3
Ramon do Casar,Treixadura,2020,FALSE,4.2,407,Ribeiro,Ribeiro,11.95,1.0774,NA,NA,NA
Lustau,Candela Cream Dulce Sweet,,TRUE,4.2,405,Jerez-Xeres-Sherry,Jerez-Xeres-Sherry,7.1,0.8513,Sherry,4,3
Portal del Priorat,Clos del Portal Somni,2014,FALSE,4.2,404,Priorato,Priorato,77.36,1.8885,Priorat Red,4,3
Binigrau,Nounat,2020,FALSE,4.2,404,Mallorca,Mallorca,19.9,1.2989,NA,NA,NA
Ramon Bilbao,Mirto,2011,FALSE,4.2,402,Rioja,Rioja,28.53,1.4553,Rioja Red,4,3
Matsu,El Viejo,2019,FALSE,4.2,400,Toro,Toro,27.89,1.4454,Toro Red,5,3
Artadi,Valdegines,2016,FALSE,4.2,398,Vino de Espana,Vino de Espana,48.96,1.6898,Tempranillo,4,2
Contino,Rioja Graciano,2011,FALSE,4.2,395,Rioja,Rioja,61.94,1.792,Rioja Red,4,3
Contino,Reserva,2016,FALSE,4.2,392,Rioja,Rioja,19.98,1.3006,Rioja Red,4,3
Conreria d'Scala Dei,Les Brugueres,2018,FALSE,4.2,390,Priorato,Priorato,16.76,1.2243,Priorat Red,4,3
Mustiguillo,Finca Terrerazo,2017,FALSE,4.2,390,El Terrerazo,El Terrerazo,24.45,1.3883,Red,4,3
Matarromera,Gran Reserva,2011,FALSE,4.2,389,Ribera del Duero,Ribera del Duero,64.5,1.8096,Ribera Del Duero Red,5,3
Sei Solo,Preludio,2016,FALSE,4.2,388,Ribera del Duero,Ribera del Duero,31.63,1.5001,Ribera Del Duero Red,5,3
Remirez de Ganuza,Rioja Blanco,2017,FALSE,4.2,421,Rioja,Rioja,29.15,1.4646,Rioja White,3,3
La Vicalanda,Reserva,2015,FALSE,4.2,420,Rioja,Rioja,17.5,1.243,Rioja Red,4,3
Enrique Mendoza,Santa Rosa,2017,FALSE,4.2,420,Alicante,Alicante,18.9,1.2765,Red,4,3
Clos Pons,Roc Nu,2011,FALSE,4.2,420,Costers del Segre,Costers del Segre,23.95,1.3793,Red,4,3
Sierra Cantabria,Coleccion Privada,2012,FALSE,4.2,420,Rioja,Rioja,28.3,1.4518,Rioja Red,4,3
Imperial,Rioja Reserva,2004,FALSE,4.2,417,Rioja,Rioja,45.0,1.6532,Rioja Red,4,3
Losada,Altos de Losada,2018,FALSE,4.2,415,Bierzo,Bierzo,17.9,1.2529,Mencia,3,3
Mar de Frades,Rias Baixas Albarino Finca Valinas,2015,FALSE,4.2,414,Rias Baixas,Rias Baixas,16.78,1.2248,Albarino,3,3
La Rioja Alta,Vina Alberdi Crianza,2018,FALSE,4.2,410,Rioja,Rioja,13.58,1.1329,Rioja Red,4,3
Bodegas La Horra,Corimbo I,2015,FALSE,4.2,412,Ribera del Duero,Ribera del Duero,37.9,1.5786,Ribera Del Duero Red,5,3
Vina Pedrosa,Gran Reserva,2011,FALSE,4.2,410,Ribera del Duero,Ribera del Duero,51.35,1.7105,Ribera Del Duero Red,5,3
Campillo,Gran Reserva Rioja,2012,FALSE,4.2,410,Rioja,Rioja,22.99,1.3615,Rioja Red,4,3
Ramon do Casar,Treixadura,2020,FALSE,4.2,407,Ribeiro,Ribeiro,11.95,1.0774,NA,NA,NA
Lustau,Candela Cream Dulce Sweet,,TRUE,4.2,405,Jerez-Xeres-Sherry,Jerez-Xeres-Sherry,7.1,0.8513,Sherry,4,3
Portal del Priorat,Clos del Portal Somni,2014,FALSE,4.2,404,Priorato,Priorato,77.36,1.8885,Priorat Red,4,3
Binigrau,Nounat,2020,FALSE,4.2,404,Mallorca,Mallorca,19.9,1.2989,NA,NA,NA
Ramon Bilbao,Mirto,2011,FALSE,4.2,402,Rioja,Rioja,28.53,1.4553,Rioja Red,4,3
Matsu,El Viejo,2019,FALSE,4.2,400,Toro,Toro,27.89,1.4454,Toro Red,5,3
Artadi,Valdegines,2016,FALSE,4.2,398,Vino de Espana,Vino de Espana,48.96,1.6898,Tempranillo,4,2
Contino,Rioja Graciano,2011,FALSE,4.2,395,Rioja,Rioja,61.94,1.792,Rioja Red,4,3
Contino,Reserva,2016,FALSE,4.2,392,Rioja,Rioja,19.98,1.3006,Rioja Red,4,3
Conreria d'Scala Dei,Les Brugueres,2018,FALSE,4.2,390,Priorato,Priorato,16.76,1.2243,Priorat Red,4,3
Mustiguillo,Finca Terrerazo,2017,FALSE,4.2,390,El Terrerazo,El Terrerazo,24.45,1.3883,Red,4,3
Matarromera,Gran Reserva,2011,FALSE,4.2,389,Ribera del Duero,Ribera del Duero,64.5,1.8096,Ribera Del Duero Red,5,3
Sei Solo,Preludio,2016,FALSE,4.2,388,Ribera del Duero,Ribera del Duero,31.63,1.5001,Ribera Del Duero Red,5,3
Remirez de Ganuza,Rioja Blanco,2017,FALSE,4.2,421,Rioja,Rioja,29.15,1.4646,Rioja White,3,3
La Vicalanda,Reserva,2015,FALSE,4.2,420,Rioja,Rioja,17.5,1.243,Rioja Red,4,3
Enrique Mendoza,Santa Rosa,2017,FALSE,4.2,420,Alicante,Alicante,18.9,1.2765,Red,4,3
Clos Pons,Roc Nu,2011,FALSE,4.2,420,Costers del Segre,Costers del Segre,23.95,1.3793,Red,4,3
Sierra Cantabria,Coleccion Privada,2012,FALSE,4.2,420,Rioja,Rioja,28.3,1.4518,Rioja Red,4,3
Imperial,Rioja Reserva,2004,FALSE,4.2,417,Rioja,Rioja,45.0,1.6532,Rioja Red,4,3
Losada,Altos de Losada,2018,FALSE,4.2,415,Bierzo,Bierzo,17.9,1.2529,Mencia,3,3
Mar de Frades,Rias Baixas Albarino Finca Valinas,2015,FALSE,4.2,414,Rias Baixas,Rias Baixas,16.78,1.2248,Albarino,3,3
La Rioja Alta,Vina Alberdi Crianza,2018,FALSE,4.2,410,Rioja,Rioja,13.58,1.1329,Rioja Red,4,3
Bodegas La Horra,Corimbo I,2015,FALSE,4.2,412,Ribera del Duero,Ribera del Duero,37.9,1.5786,Ribera Del Duero Red,5,3
Vina Pedrosa,Gran Reserva,2011,FALSE,4.2,410,Ribera del Duero,Ribera del Duero,51.35,1.7105,Ribera Del Duero Red,5,3
Campillo,Gran Reserva Rioja,2012,FALSE,4.2,410,Rioja,Rioja,22.99,1.3615,Rioja Red,4,3
Ramon do Casar,Treixadura,2020,FALSE,4.2,407,Ribeiro,Ribeiro,11.95,1.0774,NA,NA,NA
Lustau,Candela Cream Dulce Sweet,,TRUE,4.2,405,Jerez-Xeres-Sherry,Jerez-Xeres-Sherry,7.1,0.8513,Sherry,4,3
Portal del Priorat,Clos del Portal Somni,2014,FALSE,4.2,404,Priorato,Priorato,77.36,1.8885,Priorat Red,4,3
Binigrau,Nounat,2020,FALSE,4.2,404,Mallorca,Mallorca,19.9,1.2989,NA,NA,NA
Ramon Bilbao,Mirto,2011,FALSE,4.2,402,Rioja,Rioja,28.53,1.4553,Rioja Red,4,3
Matsu,El Viejo,2019,FALSE,4.2,400,Toro,Toro,27.89,1.4454,Toro Red,5,3
Artadi,Valdegines,2016,FALSE,4.2,398,Vino de Espana,Vino de Espana,48.96,1.6898,Tempranillo,4,2
Contino,Rioja Graciano,2011,FALSE,4.2,395,Rioja,Rioja,61.94,1.792,Rioja Red,4,3
Contino,Reserva,2016,FALSE,4.2,392,Rioja,Rioja,19.98,1.3006,Rioja Red,4,3
Conreria d'Scala Dei,Les Brugueres,2018,FALSE,4.2,390,Priorato,Priorato,16.76,1.2243,Priorat Red,4,3
Mustiguillo,Finca Terrerazo,2017,FALSE,4.2,390,El Terrerazo,El Terrerazo,24.45,1.3883,Red,4,3
Matarromera,Gran Reserva,2011,FALSE,4.2,389,Ribera del Duero,Ribera del Duero,64.5,1.8096,Ribera Del Duero Red,5,3
Sei Solo,Preludio,2016,FALSE,4.2,388,Ribera del Duero,Ribera del Duero,31.63,1.5001,Ribera Del Duero Red,5,3
Remirez de Ganuza,Rioja Blanco,2017,FALSE,4.2,421,Rioja,Rioja,29.15,1.4646,Rioja White,3,3
La Vicalanda,Reserva,2015,FALSE,4.2,420,Rioja,Rioja,17.5,1.243,Rioja Red,4,3
Enrique Mendoza,Santa Rosa,2017,FALSE,4.2,420,Alicante,Alicante,18.9,1.2765,Red,4,3
Clos Pons,Roc Nu,2011,FALSE,4.2,420,Costers del Segre,Costers del Segre,23.95,1.3793,Red,4,3
Sierra Cantabria,Coleccion Privada,2012,FALSE,4.2,420,Rioja,Rioja,28.3,1.4518,Rioja Red,4,3
Imperial,Rioja Reserva,2004,FALSE,4.2,417,Rioja,Rioja,45.0,1.6532,Rioja Red,4,3
Losada,Altos de Losada,2018,FALSE,4.2,415,Bierzo,Bierzo,17.9,1.2529,Mencia,3,3
Mar de Frades,Rias Baixas Albarino Finca Valinas,2015,FALSE,4.2,414,Rias Baixas,Rias Baixas,16.78,1.2248,Albarino,3,3
La Rioja Alta,Vina Alberdi Crianza,2018,FALSE,4.2,410,Rioja,Rioja,13.58,1.1329,Rioja Red,4,3
Bodegas La Horra,Corimbo I,2015,FALSE,4.2,412,Ribera del Duero,Ribera del Duero,37.9,1.5786,Ribera Del Duero Red,5,3
Vina Pedrosa,Gran Reserva,2011,FALSE,4.2,410,Ribera del Duero,Ribera del Duero,51.35,1.7105,Ribera Del Duero Red,5,3
Campillo,Gran Reserva Rioja,2012,FALSE,4.2,410,Rioja,Rioja,22.99,1.3615,Rioja Red,4,3
Ramon do Casar,Treixadura,2020,FALSE,4.2,407,Ribeiro,Ribeiro,11.95,1.0774,NA,NA,NA
Lustau,Candela Cream Dulce Sweet,,TRUE,4.2,405,Jerez-Xeres-Sherry,Jerez-Xeres-Sherry,7.1,0.8513,Sherry,4,3
Portal del Priorat,Clos del Portal Somni,2014,FALSE,4.2,404,Priorato,Priorato,77.36,1.8885,Priorat Red,4,3
Binigrau,Nounat,2020,FALSE,4.2,404,Mallorca,Mallorca,19.9,1.2989,NA,NA,NA
Ramon Bilbao,Mirto,2011,FALSE,4.2,402,Rioja,Rioja,28.53,1.4553,Rioja Red,4,3
Matsu,El Viejo,2019,FALSE,4.2,400,Toro,Toro,27.89,1.4454,Toro Red,5,3
Artadi,Valdegines,2016,FALSE,4.2,398,Vino de Espana,Vino de Espana,48.96,1.6898,Tempranillo,4,2
Contino,Rioja Graciano,2011,FALSE,4.2,395,Rioja,Rioja,61.94,1.792,Rioja Red,4,3
Contino,Reserva,2016,FALSE,4.2,392,Rioja,Rioja,19.98,1.3006,Rioja Red,4,3
Conreria d'Scala Dei,Les Brugueres,2018,FALSE,4.2,390,Priorato,Priorato,16.76,1.2243,Priorat Red,4,3
Mustiguillo,Finca Terrerazo,2017,FALSE,4.2,390,El Terrerazo,El Terrerazo,24.45,1.3883,Red,4,3
Matarromera,Gran Reserva,2011,FALSE,4.2,389,Ribera del Duero,Ribera del Duero,64.5,1.8096,Ribera Del Duero Red,5,3
Sei Solo,Preludio,2016,FALSE,4.2,388,Ribera del Duero,Ribera del Duero,31.63,1.5001,Ribera Del Duero Red,5,3
Remirez de Ganuza,Rioja Blanco,2017,FALSE,4.2,421,Rioja,Rioja,29.15,1.4646,Rioja White,3,3
La Vicalanda,Reserva,2015,FALSE,4.2,420,Rioja,Rioja,17.5,1.243,Rioja Red,4,3
Enrique Mendoza,Santa Rosa,2017,FALSE,4.2,420,Alicante,Alicante,18.9,1.2765,Red,4,3
Clos Pons,Roc Nu,2011,FALSE,4.2,420,Costers del Segre,Costers del Segre,23.95,1.3793,Red,4,3
Sierra Cantabria,Coleccion Privada,2012,FALSE,4.2,420,Rioja,Rioja,28.3,1.4518,Rioja Red,4,3
Imperial,Rioja Reserva,2004,FALSE,4.2,417,Rioja,Rioja,45.0,1.6532,Rioja Red,4,3
Losada,Altos de Losada,2018,FALSE,4.2,415,Bierzo,Bierzo,17.9,1.2529,Mencia,3,3
Mar de Frades,Rias Baixas Albarino Finca Valinas,2015,FALSE,4.2,414,Rias Baixas,Rias Baixas,16.78,1.2248,Albarino,3,3
La Rioja Alta,Vina Alberdi Crianza,2018,FALSE,4.2,410,Rioja,Rioja,13.58,1.1329,Rioja Red,4,3
Bodegas La Horra,Corimbo I,2015,FALSE,4.2,412,Ribera del Duero,Ribera del Duero,37.9,1.5786,Ribera Del Duero Red,5,3
Vina Pedrosa,Gran Reserva,2011,FALSE,4.2,410,Ribera del Duero,Ribera del Duero,51.35,1.7105,Ribera Del Duero Red,5,3
Campillo,Gran Reserva Rioja,2012,FALSE,4.2,410,Rioja,Rioja,22.99,1.3615,Rioja Red,4,3
Ramon do Casar,Treixadura,2020,FALSE,4.2,407,Ribeiro,Ribeiro,11.95,1.0774,NA,NA,NA
Lustau,Candela Cream Dulce Sweet,,TRUE,4.2,405,Jerez-Xeres-Sherry,Jerez-Xeres-Sherry,7.1,0.8513,Sherry,4,3
Portal del Priorat,Clos del Portal Somni,2014,FALSE,4.2,404,Priorato,Priorato,77.36,1.8885,Priorat Red,4,3
Binigrau,Nounat,2020,FALSE,4.2,404,Mallorca,Mallorca,19.9,1.2989,NA,NA,NA
Ramon Bilbao,Mirto,2011,FALSE,4.2,402,Rioja,Rioja,28.53,1.4553,Rioja Red,4,3
Matsu,El Viejo,2019,FALSE,4.2,400,Toro,Toro,27.89,1.4454,Toro Red,5,3
Artadi,Valdegines,2016,FALSE,4.2,398,Vino de Espana,Vino de Espana,48.96,1.6898,Tempranillo,4,2
Contino,Rioja Graciano,2011,FALSE,4.2,395,Rioja,Rioja,61.94,1.792,Rioja Red,4,3
Contino,Reserva,2016,FALSE,4.2,392,Rioja,Rioja,19.98,1.3006,Rioja Red,4,3
Conreria d'Scala Dei,Les Brugueres,2018,FALSE,4.2,390,Priorato,Priorato,16.76,1.2243,Priorat Red,4,3
Mustiguillo,Finca Terrerazo,2017,FALSE,4.2,390,El Terrerazo,El Terrerazo,24.45,1.3883,Red,4,3
Matarromera,Gran Reserva,2011,FALSE,4.2,389,Ribera del Duero,Ribera del Duero,64.5,1.8096,Ribera Del Duero Red,5,3
Sei Solo,Preludio,2016,FALSE,4.2,388,Ribera del Duero,Ribera del Duero,31.63,1.5001,Ribera Del Duero Red,5,3
Remirez de Ganuza,Rioja Blanco,2017,FALSE,4.2,421,Rioja,Rioja,29.15,1.4646,Rioja White,3,3
La Vicalanda,Reserva,2015,FALSE,4.2,420,Rioja,Rioja,17.5,1.243,Rioja Red,4,3
Enrique Mendoza,Santa Rosa,2017,FALSE,4.2,420,Alicante,Alicante,18.9,1.2765,Red,4,3
Clos Pons,Roc Nu,2011,FALSE,4.2,420,Costers del Segre,Costers del Segre,23.95,1.3793,Red,4,3
Sierra Cantabria,Coleccion Privada,2012,FALSE,4.2,420,Rioja,Rioja,28.3,1.4518,Rioja Red,4,3
Imperial,Rioja Reserva,2004,FALSE,4.2,417,Rioja,Rioja,45.0,1.6532,Rioja Red,4,3
Losada,Altos de Losada,2018,FALSE,4.2,415,Bierzo,Bierzo,17.9,1.2529,Mencia,3,3
Mar de Frades,Rias Baixas Albarino Finca Valinas,2015,FALSE,4.2,414,Rias Baixas,Rias Baixas,16.78,1.2248,Albarino,3,3
La Rioja Alta,Vina Alberdi Crianza,2018,FALSE,4.2,410,Rioja,Rioja,13.58,1.1329,Rioja Red,4,3
Bodegas La Horra,Corimbo I,2015,FALSE,4.2,412,Ribera del Duero,Ribera del Duero,37.9,1.5786,Ribera Del Duero Red,5,3
Vina Pedrosa,Gran Reserva,2011,FALSE,4.2,410,Ribera del Duero,Ribera del Duero,51.35,1.7105,Ribera Del Duero Red,5,3
Campillo,Gran Reserva Rioja,2012,FALSE,4.2,410,Rioja,Rioja,22.99,1.3615,Rioja Red,4,3
Ramon do Casar,Treixadura,2020,FALSE,4.2,407,Ribeiro,Ribeiro,11.95,1.0774,NA,NA,NA
Lustau,Candela Cream Dulce Sweet,,TRUE,4.2,405,Jerez-Xeres-Sherry,Jerez-Xeres-Sherry,7.1,0.8513,Sherry,4,3
Portal del Priorat,Clos del Portal Somni,2014,FALSE,4.2,404,Priorato,Priorato,77.36,1.8885,Priorat Red,4,3
Binigrau,Nounat,2020,FALSE,4.2,404,Mallorca,Mallorca,19.9,1.2989,NA,NA,NA
Ramon Bilbao,Mirto,2011,FALSE,4.2,402,Rioja,Rioja,28.53,1.4553,Rioja Red,4,3
Matsu,El Viejo,2019,FALSE,4.2,400,Toro,Toro,27.89,1.4454,Toro Red,5,3
Artadi,Valdegines,2016,FALSE,4.2,398,Vino de Espana,Vino de Espana,48.96,1.6898,Tempranillo,4,2
Contino,Rioja Graciano,2011,FALSE,4.2,395,Rioja,Rioja,61.94,1.792,Rioja Red,4,3
Contino,Reserva,2016,FALSE,4.2,392,Rioja,Rioja,19.98,1.3006,Rioja Red,4,3
Conreria d'Scala Dei,Les Brugueres,2018,FALSE,4.2,390,Priorato,Priorato,16.76,1.2243,Priorat Red,4,3
Mustiguillo,Finca Terrerazo,2017,FALSE,4.2,390,El Terrerazo,El Terrerazo,24.45,1.3883,Red,4,3
Matarromera,Gran Reserva,2011,FALSE,4.2,389,Ribera del Duero,Ribera del Duero,64.5,1.8096,Ribera Del Duero Red,5,3
Sei Solo,Preludio,2016,FALSE,4.2,388,Ribera del Duero,Ribera del Duero,31.63,1.5001,Ribera Del Duero Red,5,3
Remirez de Ganuza,Rioja Blanco,2017,FALSE,4.2,421,Rioja,Rioja,29.15,1.4646,Rioja White,3,3
La Vicalanda,Reserva,2015,FALSE,4.2,420,Rioja,Rioja,17.5,1.243,Rioja Red,4,3
Enrique Mendoza,Santa Rosa,2017,FALSE,4.2,420,Alicante,Alicante,18.9,1.2765,Red,4,3
Clos Pons,Roc Nu,2011,FALSE,4.2,420,Costers del Segre,Costers del Segre,23.95,1.3793,Red,4,3
Sierra Cantabria,Coleccion Privada,2012,FALSE,4.2,420,Rioja,Rioja,28.3,1.4518,Rioja Red,4,3
Imperial,Rioja Reserva,2004,FALSE,4.2,417,Rioja,Rioja,45.0,1.6532,Rioja Red,4,3
Losada,Altos de Losada,2018,FALSE,4.2,415,Bierzo,Bierzo,17.9,1.2529,Mencia,3,3
Mar de Frades,Rias Baixas Albarino Finca Valinas,2015,FALSE,4.2,414,Rias Baixas,Rias Baixas,16.78,1.2248,Albarino,3,3
La Rioja Alta,Vina Alberdi Crianza,2018,FALSE,4.2,410,Rioja,Rioja,13.58,1.1329,Rioja Red,4,3
Bodegas La Horra,Corimbo I,2015,FALSE,4.2,412,Ribera del Duero,Ribera del Duero,37.9,1.5786,Ribera Del Duero Red,5,3
Vina Pedrosa,Gran Reserva,2011,FALSE,4.2,410,Ribera del Duero,Ribera del Duero,51.35,1.7105,Ribera Del Duero Red,5,3
Campillo,Gran Reserva Rioja,2012,FALSE,4.2,410,Rioja,Rioja,22.99,1.3615,Rioja Red,4,3
Ramon do Casar,Treixadura,2020,FALSE,4.2,407,Ribeiro,Ribeiro,11.95,1.0774,NA,NA,NA
Lustau,Candela Cream Dulce Sweet,,TRUE,4.2,405,Jerez-Xeres-Sherry,Jerez-Xeres-Sherry,7.1,0.8513,Sherry,4,3
Portal del Priorat,Clos del Portal Somni,2014,FALSE,4.2,404,Priorato,Priorato,77.36,1.8885,Priorat Red,4,3
Binigrau,Nounat,2020,FALSE,4.2,404,Mallorca,Mallorca,19.9,1.2989,NA,NA,NA
Ramon Bilbao,Mirto,2011,FALSE,4.2,402,Rioja,Rioja,28.53,1.4553,Rioja Red,4,3
Matsu,El Viejo,2019,FALSE,4.2,400,Toro,Toro,27.89,1.4454,Toro Red,5,3
Artadi,Valdegines,2016,FALSE,4.2,398,Vino de Espana,Vino de Espana,48.96,1.6898,Tempranillo,4,2
Contino,Rioja Graciano,2011,FALSE,4.2,395,Rioja,Rioja,61.94,1.792,Rioja Red,4,3
Contino,Reserva,2016,FALSE,4.2,392,Rioja,Rioja,19.98,1.3006,Rioja Red,4,3
Conreria d'Scala Dei,Les Brugueres,2018,FALSE,4.2,390,Priorato,Priorato,16.76,1.2243,Priorat Red,4,3
Mustiguillo,Finca Terrerazo,2017,FALSE,4.2,390,El Terrerazo,El Terrerazo,24.45,1.3883,Red,4,3
Matarromera,Gran Reserva,2011,FALSE,4.2,389,Ribera del Duero,Ribera del Duero,64.5,1.8096,Ribera Del Duero Red,5,3
Sei Solo,Preludio,2016,FALSE,4.2,388,Ribera del Duero,Ribera del Duero,31.63,1.5001,Ribera Del Duero Red,5,3
Remirez de Ganuza,Rioja Blanco,2017,FALSE,4.2,421,Rioja,Rioja,29.15,1.4646,Rioja White,3,3
La Vicalanda,Reserva,2015,FALSE,4.2,420,Rioja,Rioja,17.5,1.243,Rioja Red,4,3
Enrique Mendoza,Santa Rosa,2017,FALSE,4.2,420,Alicante,Alicante,18.9,1.2765,Red,4,3
Clos Pons,Roc Nu,2011,FALSE,4.2,420,Costers del Segre,Costers del Segre,23.95,1.3793,Red,4,3
Sierra Cantabria,Coleccion Privada,2012,FALSE,4.2,420,Rioja,Rioja,28.3,1.4518,Rioja Red,4,3
Imperial,Rioja Reserva,2004,FALSE,4.2,417,Rioja,Rioja,45.0,1.6532,Rioja Red,4,3
Losada,Altos de Losada,2018,FALSE,4.2,415,Bierzo,Bierzo,17.9,1.2529,Mencia,3,3
Mar de Frades,Rias Baixas Albarino Finca Valinas,2015,FALSE,4.2,414,Rias Baixas,Rias Baixas,16.78,1.2248,Albarino,3,3
La Rioja Alta,Vina Alberdi Crianza,2018,FALSE,4.2,410,Rioja,Rioja,13.58,1.1329,Rioja Red,4,3
Bodegas La Horra,Corimbo I,2015,FALSE,4.2,412,Ribera del Duero,Ribera del Duero,37.9,1.5786,Ribera Del Duero Red,5,3
Vina Pedrosa,Gran Reserva,2011,FALSE,4.2,410,Ribera del Duero,Ribera del Duero,51.35,1.7105,Ribera Del Duero Red,5,3
Campillo,Gran Reserva Rioja,2012,FALSE,4.2,410,Rioja,Rioja,22.99,1.3615,Rioja Red,4,3
Ramon do Casar,Treixadura,2020,FALSE,4.2,407,Ribeiro,Ribeiro,11.95,1.0774,NA,NA,NA
Lustau,Candela Cream Dulce Sweet,,TRUE,4.2,405,Jerez-Xeres-Sherry,Jerez-Xeres-Sherry,7.1,0.8513,Sherry,4,3
Portal del Priorat,Clos del Portal Somni,2014,FALSE,4.2,404,Priorato,Priorato,77.36,1.8885,Priorat Red,4,3
Binigrau,Nounat,2020,FALSE,4.2,404,Mallorca,Mallorca,19.9,1.2989,NA,NA,NA
Ramon Bilbao,Mirto,2011,FALSE,4.2,402,Rioja,Rioja,28.53,1.4553,Rioja Red,4,3
Matsu,El Viejo,2019,FALSE,4.2,400,Toro,Toro,27.89,1.4454,Toro Red,5,3
Artadi,Valdegines,2016,FALSE,4.2,398,Vino de Espana,Vino de Espana,48.96,1.6898,Tempranillo,4,2
Contino,Rioja Graciano,2011,FALSE,4.2,395,Rioja,Rioja,61.94,1.792,Rioja Red,4,3
Contino,Reserva,2016,FALSE,4.2,392,Rioja,Rioja,19.98,1.3006,Rioja Red,4,3
Conreria d'Scala Dei,Les Brugueres,2018,FALSE,4.2,390,Priorato,Priorato,16.76,1.2243,Priorat Red,4,3
Mustiguillo,Finca Terrerazo,2017,FALSE,4.2,390,El Terrerazo,El Terrerazo,24.45,1.3883,Red,4,3
Matarromera,Gran Reserva,2011,FALSE,4.2,389,Ribera del Duero,Ribera del Duero,64.5,1.8096,Ribera Del Duero Red,5,3
Sei Solo,Preludio,2016,FALSE,4.2,388,Ribera del Duero,Ribera del Duero,31.63,1.5001,Ribera Del Duero Red,5,3
Remirez de Ganuza,Rioja Blanco,2017,FALSE,4.2,421,Rioja,Rioja,29.15,1.4646,Rioja White,3,3
La Vicalanda,Reserva,2015,FALSE,4.2,420,Rioja,Rioja,17.5,1.243,Rioja Red,4,3
Enrique Mendoza,Santa Rosa,2017,FALSE,4.2,420,Alicante,Alicante,18.9,1.2765,Red,4,3
Clos Pons,Roc Nu,2011,FALSE,4.2,420,Costers del Segre,Costers del Segre,23.95,1.3793,Red,4,3
Sierra Cantabria,Coleccion Privada,2012,FALSE,4.2,420,Rioja,Rioja,28.3,1.4518,Rioja Red,4,3
Imperial,Rioja Reserva,2004,FALSE,4.2,417,Rioja,Rioja,45.0,1.6532,Rioja Red,4,3
Losada,Altos de Losada,2018,FALSE,4.2,415,Bierzo,Bierzo,17.9,1.2529,Mencia,3,3
Mar de Frades,Rias Baixas Albarino Finca Valinas,2015,FALSE,4.2,414,Rias Baixas,Rias Baixas,16.78,1.2248,Albarino,3,3
La Rioja Alta,Vina Alberdi Crianza,2018,FALSE,4.2,410,Rioja,Rioja,13.58,1.1329,Rioja Red,4,3
Bodegas La Horra,Corimbo I,2015,FALSE,4.2,412,Ribera del Duero,Ribera del Duero,37.9,1.5786,Ribera Del Duero Red,5,3
Vina Pedrosa,Gran Reserva,2011,FALSE,4.2,410,Ribera del Duero,Ribera del Duero,51.35,1.7105,Ribera Del Duero Red,5,3
Campillo,Gran Reserva Rioja,2012,FALSE,4.2,410,Rioja,Rioja,22.99,1.3615,Rioja Red,4,3
Ramon do Casar,Treixadura,2020,FALSE,4.2,407,Ribeiro,Ribeiro,11.95,1.0774,NA,NA,NA
Lustau,Candela Cream Dulce Sweet,,TRUE,4.2,405,Jerez-Xeres-Sherry,Jerez-Xeres-Sherry,7.1,0.8513,Sherry,4,3
Portal del Priorat,Clos del Portal Somni,2014,FALSE,4.2,404,Priorato,Priorato,77.36,1.8885,Priorat Red,4,3
Binigrau,Nounat,2020,FALSE,4.2,404,Mallorca,Mallorca,19.9,1.2989,NA,NA,NA
Ramon Bilbao,Mirto,2011,FALSE,4.2,402,Rioja,Rioja,28.53,1.4553,Rioja Red,4,3
Matsu,El Viejo,2019,FALSE,4.2,400,Toro,Toro,27.89,1.4454,Toro Red,5,3
Artadi,Valdegines,2016,FALSE,4.2,398,Vino de Espana,Vino de Espana,48.96,1.6898,Tempranillo,4,2
Contino,Rioja Graciano,2011,FALSE,4.2,395,Rioja,Rioja,61.94,1.792,Rioja Red,4,3
Contino,Reserva,2016,FALSE,4.2,392,Rioja,Rioja,19.98,1.3006,Rioja Red,4,3
Conreria d'Scala Dei,Les Brugueres,2018,FALSE,4.2,390,Priorato,Priorato,16.76,1.2243,Priorat Red,4,3
Mustiguillo,Finca Terrerazo,2017,FALSE,4.2,390,El Terrerazo,El Terrerazo,24.45,1.3883,Red,4,3
Matarromera,Gran Reserva,2011,FALSE,4.2,389,Ribera del Duero,Ribera del Duero,64.5,1.8096,Ribera Del Duero Red,5,3
Sei Solo,Preludio,2016,FALSE,4.2,388,Ribera del Duero,Ribera del Duero,31.63,1.5001,Ribera Del Duero Red,5,3
Remirez de Ganuza,Rioja Blanco,2017,FALSE,4.2,421,Rioja,Rioja,29.15,1.4646,Rioja White,3,3
La Vicalanda,Reserva,2015,FALSE,4.2,420,Rioja,Rioja,17.5,1.243,Rioja Red,4,3
Enrique Mendoza,Santa Rosa,2017,FALSE,4.2,420,Alicante,Alicante,18.9,1.2765,Red,4,3
Clos Pons,Roc Nu,2011,FALSE,4.2,420,Costers del Segre,Costers del Segre,23.95,1.3793,Red,4,3
Sierra Cantabria,Coleccion Privada,2012,FALSE,4.2,420,Rioja,Rioja,28.3,1.4518,Rioja Red,4,3
Imperial,Rioja Reserva,2004,FALSE,4.2,417,Rioja,Rioja,45.0,1.6532,Rioja Red,4,3
Losada,Altos de Losada,2018,FALSE,4.2,415,Bierzo,Bierzo,17.9,1.2529,Mencia,3,3
Mar de Frades,Rias Baixas Albarino Finca Valinas,2015,FALSE,4.2,414,Rias Baixas,Rias Baixas,16.78,1.2248,Albarino,3,3
La Rioja Alta,Vina Alberdi Crianza,2018,FALSE,4.2,410,Rioja,Rioja,13.58,1.1329,Rioja Red,4,3
Bodegas La Horra,Corimbo I,2015,FALSE,4.2,412,Ribera del Duero,Ribera del Duero,37.9,1.5786,Ribera Del Duero Red,5,3
Vina Pedrosa,Gran Reserva,2011,FALSE,4.2,410,Ribera del Duero,Ribera del Duero,51.35,1.7105,Ribera Del Duero Red,5,3
Campillo,Gran Reserva Rioja,2012,FALSE,4.2,410,Rioja,Rioja,22.99,1.3615,Rioja Red,4,3
Ramon do Casar,Treixadura,2020,FALSE,4.2,407,Ribeiro,Ribeiro,11.95,1.0774,NA,NA,NA
Lustau,Candela Cream Dulce Sweet,,TRUE,4.2,405,Jerez-Xeres-Sherry,Jerez-Xeres-Sherry,7.1,0.8513,Sherry,4,3
Portal del Priorat,Clos del Portal Somni,2014,FALSE,4.2,404,Priorato,Priorato,77.36,1.8885,Priorat Red,4,3
Binigrau,Nounat,2020,FALSE,4.2,404,Mallorca,Mallorca,19.9,1.2989,NA,NA,NA
Ramon Bilbao,Mirto,2011,FALSE,4.2,402,Rioja,Rioja,28.53,1.4553,Rioja Red,4,3
Matsu,El Viejo,2019,FALSE,4.2,400,Toro,Toro,27.89,1.4454,Toro Red,5,3
Artadi,Valdegines,2016,FALSE,4.2,398,Vino de Espana,Vino de Espana,48.96,1.6898,Tempranillo,4,2
Contino,Rioja Graciano,2011,FALSE,4.2,395,Rioja,Rioja,61.94,1.792,Rioja Red,4,3
Contino,Reserva,2016,FALSE,4.2,392,Rioja,Rioja,19.98,1.3006,Rioja Red,4,3
Conreria d'Scala Dei,Les Brugueres,2018,FALSE,4.2,390,Priorato,Priorato,16.76,1.2243,Priorat Red,4,3
Mustiguillo,Finca Terrerazo,2017,FALSE,4.2,390,El Terrerazo,El Terrerazo,24.45,1.3883,Red,4,3
Matarromera,Gran Reserva,2011,FALSE,4.2,389,Ribera del Duero,Ribera del Duero,64.5,1.8096,Ribera Del Duero Red,5,3
Sei Solo,Preludio,2016,FALSE,4.2,388,Ribera del Duero,Ribera del Duero,31.63,1.5001,Ribera Del Duero Red,5,3
Remirez de Ganuza,Rioja Blanco,2017,FALSE,4.2,421,Rioja,Rioja,29.15,1.4646,Rioja White,3,3
La Vicalanda,Reserva,2015,FALSE,4.2,420,Rioja,Rioja,17.5,1.243,Rioja Red,4,3
Enrique Mendoza,Santa Rosa,2017,FALSE,4.2,420,Alicante,Alicante,18.9,1.2765,Red,4,3
Clos Pons,Roc Nu,2011,FALSE,4.2,420,Costers del Segre,Costers del Segre,23.95,1.3793,Red,4,3
Sierra Cantabria,Coleccion Privada,2012,FALSE,4.2,420,Rioja,Rioja,28.3,1.4518,Rioja Red,4,3
Imperial,Rioja Reserva,2004,FALSE,4.2,417,Rioja,Rioja,45.0,1.6532,Rioja Red,4,3
Losada,Altos de Losada,2018,FALSE,4.2,415,Bierzo,Bierzo,17.9,1.2529,Mencia,3,3
Mar de Frades,Rias Baixas Albarino Finca Valinas,2015,FALSE,4.2,414,Rias Baixas,Rias Baixas,16.78,1.2248,Albarino,3,3
La Rioja Alta,Vina Alberdi Crianza,2018,FALSE,4.2,410,Rioja,Rioja,13.58,1.1329,Rioja Red,4,3
Bodegas La Horra,Corimbo I,2015,FALSE,4.2,412,Ribera del Duero,Ribera del Duero,37.9,1.5786,Ribera Del Duero Red,5,3
Vina Pedrosa,Gran Reserva,2011,FALSE,4.2,410,Ribera del Duero,Ribera del Duero,51.35,1.7105,Ribera Del Duero Red,5,3
Campillo,Gran Reserva Rioja,2012,FALSE,4.2,410,Rioja,Rioja,22.99,1.3615,Rioja Red,4,3
Ramon do Casar,Treixadura,2020,FALSE,4.2,407,Ribeiro,Ribeiro,11.95,1.0774,NA,NA,NA
Lustau,Candela Cream Dulce Sweet,,TRUE,4.2,405,Jerez-Xeres-Sherry,Jerez-Xeres-Sherry,7.1,0.8513,Sherry,4,3
Portal del Priorat,Clos del Portal Somni,2014,FALSE,4.2,404,Priorato,Priorato,77.36,1.8885,Priorat Red,4,3
Binigrau,Nounat,2020,FALSE,4.2,404,Mallorca,Mallorca,19.9,1.2989,NA,NA,NA
Ramon Bilbao,Mirto,2011,FALSE,4.2,402,Rioja,Rioja,28.53,1.4553,Rioja Red,4,3
Matsu,El Viejo,2019,FALSE,4.2,400,Toro,Toro,27.89,1.4454,Toro Red,5,3
Artadi,Valdegines,2016,FALSE,4.2,398,Vino de Espana,Vino de Espana,48.96,1.6898,Tempranillo,4,2
Contino,Rioja Graciano,2011,FALSE,4.2,395,Rioja,Rioja,61.94,1.792,Rioja Red,4,3
Contino,Reserva,2016,FALSE,4.2,392,Rioja,Rioja,19.98,1.3006,Rioja Red,4,3
Conreria d'Scala Dei,Les Brugueres,2018,FALSE,4.2,390,Priorato,Priorato,16.76,1.2243,Priorat Red,4,3
Mustiguillo,Finca Terrerazo,2017,FALSE,4.2,390,El Terrerazo,El Terrerazo,24.45,1.3883,Red,4,3
Matarromera,Gran Reserva,2011,FALSE,4.2,389,Ribera del Duero,Ribera del Duero,64.5,1.8096,Ribera Del Duero Red,5,3
Sei Solo,Preludio,2016,FALSE,4.2,388,Ribera del Duero,Ribera del Duero,31.63,1.5001,Ribera Del Duero Red,5,3
Remirez de Ganuza,Rioja Blanco,2017,FALSE,4.2,421,Rioja,Rioja,29.15,1.4646,Rioja White,3,3
La Vicalanda,Reserva,2015,FALSE,4.2,420,Rioja,Rioja,17.5,1.243,Rioja Red,4,3
Enrique Mendoza,Santa Rosa,2017,FALSE,4.2,420,Alicante,Alicante,18.9,1.2765,Red,4,3
Clos Pons,Roc Nu,2011,FALSE,4.2,420,Costers del Segre,Costers del Segre,23.95,1.3793,Red,4,3
Sierra Cantabria,Coleccion Privada,2012,FALSE,4.2,420,Rioja,Rioja,28.3,1.4518,Rioja Red,4,3
Imperial,Rioja Reserva,2004,FALSE,4.2,417,Rioja,Rioja,45.0,1.6532,Rioja Red,4,3
Losada,Altos de Losada,2018,FALSE,4.2,415,Bierzo,Bierzo,17.9,1.2529,Mencia,3,3
Mar de Frades,Rias Baixas Albarino Finca Valinas,2015,FALSE,4.2,414,Rias Baixas,Rias Baixas,16.78,1.2248,Albarino,3,3
La Rioja Alta,Vina Alberdi Crianza,2018,FALSE,4.2,410,Rioja,Rioja,13.58,1.1329,Rioja Red,4,3
Bodegas La Horra,Corimbo I,2015,FALSE,4.2,412,Ribera del Duero,Ribera del Duero,37.9,1.5786,Ribera Del Duero Red,5,3
Vina Pedrosa,Gran Reserva,2011,FALSE,4.2,410,Ribera del Duero,Ribera del Duero,51.35,1.7105,Ribera Del Duero Red,5,3
Campillo,Gran Reserva Rioja,2012,FALSE,4.2,410,Rioja,Rioja,22.99,1.3615,Rioja Red,4,3
Ramon do Casar,Treixadura,2020,FALSE,4.2,407,Ribeiro,Ribeiro,11.95,1.0774,NA,NA,NA
Lustau,Candela Cream Dulce Sweet,,TRUE,4.2,405,Jerez-Xeres-Sherry,Jerez-Xeres-Sherry,7.1,0.8513,Sherry,4,3
Portal del Priorat,Clos del Portal Somni,2014,FALSE,4.2,404,Priorato,Priorato,77.36,1.8885,Priorat Red,4,3
Binigrau,Nounat,2020,FALSE,4.2,404,Mallorca,Mallorca,19.9,1.2989,NA,NA,NA
Ramon Bilbao,Mirto,2011,FALSE,4.2,402,Rioja,Rioja,28.53,1.4553,Rioja Red,4,3
Matsu,El Viejo,2019,FALSE,4.2,400,Toro,Toro,27.89,1.4454,Toro Red,5,3
Artadi,Valdegines,2016,FALSE,4.2,398,Vino de Espana,Vino de Espana,48.96,1.6898,Tempranillo,4,2
Contino,Rioja Graciano,2011,FALSE,4.2,395,Rioja,Rioja,61.94,1.792,Rioja Red,4,3
Contino,Reserva,2016,FALSE,4.2,392,Rioja,Rioja,19.98,1.3006,Rioja Red,4,3
Conreria d'Scala Dei,Les Brugueres,2018,FALSE,4.2,390,Priorato,Priorato,16.76,1.2243,Priorat Red,4,3
Mustiguillo,Finca Terrerazo,2017,FALSE,4.2,390,El Terrerazo,El Terrerazo,24.45,1.3883,Red,4,3
Matarromera,Gran Reserva,2011,FALSE,4.2,389,Ribera del Duero,Ribera del Duero,64.5,1.8096,Ribera Del Duero Red,5,3
Sei Solo,Preludio,2016,FALSE,4.2,388,Ribera del Duero,Ribera del Duero,31.63,1.5001,Ribera Del Duero Red,5,3
Remirez de Ganuza,Rioja Blanco,2017,FALSE,4.2,421,Rioja,Rioja,29.15,1.4646,Rioja White,3,3
La Vicalanda,Reserva,2015,FALSE,4.2,420,Rioja,Rioja,17.5,1.243,Rioja Red,4,3
Enrique Mendoza,Santa Rosa,2017,FALSE,4.2,420,Alicante,Alicante,18.9,1.2765,Red,4,3
Clos Pons,Roc Nu,2011,FALSE,4.2,420,Costers del Segre,Costers del Segre,23.95,1.3793,Red,4,3
Sierra Cantabria,Coleccion Privada,2012,FALSE,4.2,420,Rioja,Rioja,28.3,1.4518,Rioja Red,4,3
Imperial,Rioja Reserva,2004,FALSE,4.2,417,Rioja,Rioja,45.0,1.6532,Rioja Red,4,3
Losada,Altos de Losada,2018,FALSE,4.2,415,Bierzo,Bierzo,17.9,1.2529,Mencia,3,3
Mar de Frades,Rias Baixas Albarino Finca Valinas,2015,FALSE,4.2,414,Rias Baixas,Rias Baixas,16.78,1.2248,Albarino,3,3
La Rioja Alta,Vina Alberdi Crianza,2018,FALSE,4.2,410,Rioja,Rioja,13.58,1.1329,Rioja Red,4,3
Bodegas La Horra,Corimbo I,2015,FALSE,4.2,412,Ribera del Duero,Ribera del Duero,37.9,1.5786,Ribera Del Duero Red,5,3
Vina Pedrosa,Gran Reserva,2011,FALSE,4.2,410,Ribera del Duero,Ribera del Duero,51.35,1.7105,Ribera Del Duero Red,5,3
Campillo,Gran Reserva Rioja,2012,FALSE,4.2,410,Rioja,Rioja,22.99,1.3615,Rioja Red,4,3
Ramon do Casar,Treixadura,2020,FALSE,4.2,407,Ribeiro,Ribeiro,11.95,1.0774,NA,NA,NA
Lustau,Candela Cream Dulce Sweet,,TRUE,4.2,405,Jerez-Xeres-Sherry,Jerez-Xeres-Sherry,7.1,0.8513,Sherry,4,3
Portal del Priorat,Clos del Portal Somni,2014,FALSE,4.2,404,Priorato,Priorato,77.36,1.8885,Priorat Red,4,3
Binigrau,Nounat,2020,FALSE,4.2,404,Mallorca,Mallorca,19.9,1.2989,NA,NA,NA
Ramon Bilbao,Mirto,2011,FALSE,4.2,402,Rioja,Rioja,28.53,1.4553,Rioja Red,4,3
Matsu,El Viejo,2019,FALSE,4.2,400,Toro,Toro,27.89,1.4454,Toro Red,5,3
Artadi,Valdegines,2016,FALSE,4.2,398,Vino de Espana,Vino de Espana,48.96,1.6898,Tempranillo,4,2
Contino,Rioja Graciano,2011,FALSE,4.2,395,Rioja,Rioja,61.94,1.792,Rioja Red,4,3
Contino,Reserva,2016,FALSE,4.2,392,Rioja,Rioja,19.98,1.3006,Rioja Red,4,3
Conreria d'Scala Dei,Les Brugueres,2018,FALSE,4.2,390,Priorato,Priorato,16.76,1.2243,Priorat Red,4,3
Mustiguillo,Finca Terrerazo,2017,FALSE,4.2,390,El Terrerazo,El Terrerazo,24.45,1.3883,Red,4,3
Matarromera,Gran Reserva,2011,FALSE,4.2,389,Ribera del Duero,Ribera del Duero,64.5,1.8096,Ribera Del Duero Red,5,3
Sei Solo,Preludio,2016,FALSE,4.2,388,Ribera del Duero,Ribera del Duero,31.63,1.5001,Ribera Del Duero Red,5,3
Remirez de Ganuza,Rioja Blanco,2017,FALSE,4.2,421,Rioja,Rioja,29.15,1.4646,Rioja White,3,3
La Vicalanda,Reserva,2015,FALSE,4.2,420,Rioja,Rioja,17.5,1.243,Rioja Red,4,3
Enrique Mendoza,Santa Rosa,2017,FALSE,4.2,420,Alicante,Alicante,18.9,1.2765,Red,4,3
Clos Pons,Roc Nu,2011,FALSE,4.2,420,Costers del Segre,Costers del Segre,23.95,1.3793,Red,4,3
Sierra Cantabria,Coleccion Privada,2012,FALSE,4.2,420,Rioja,Rioja,28.3,1.4518,Rioja Red,4,3
Imperial,Rioja Reserva,2004,FALSE,4.2,417,Rioja,Rioja,45.0,1.6532,Rioja Red,4,3
Losada,Altos de Losada,2018,FALSE,4.2,415,Bierzo,Bierzo,17.9,1.2529,Mencia,3,3
Mar de Frades,Rias Baixas Albarino Finca Valinas,2015,FALSE,4.2,414,Rias Baixas,Rias Baixas,16.78,1.2248,Albarino,3,3
La Rioja Alta,Vina Alberdi Crianza,2018,FALSE,4.2,410,Rioja,Rioja,13.58,1.1329,Rioja Red,4,3
Bodegas La Horra,Corimbo I,2015,FALSE,4.2,412,Ribera del Duero,Ribera del Duero,37.9,1.5786,Ribera Del Duero Red,5,3
Vina Pedrosa,Gran Reserva,2011,FALSE,4.2,410,Ribera del Duero,Ribera del Duero,51.35,1.7105,Ribera Del Duero Red,5,3
Campillo,Gran Reserva Rioja,2012,FALSE,4.2,410,Rioja,Rioja,22.99,1.3615,Rioja Red,4,3
Ramon do Casar,Treixadura,2020,FALSE,4.2,407,Ribeiro,Ribeiro,11.95,1.0774,NA,NA,NA
Lustau,Candela Cream Dulce Sweet,,TRUE,4.2,405,Jerez-Xeres-Sherry,Jerez-Xeres-Sherry,7.1,0.8513,Sherry,4,3
Portal del Priorat,Clos del Portal Somni,2014,FALSE,4.2,404,Priorato,Priorato,77.36,1.8885,Priorat Red,4,3
Binigrau,Nounat,2020,FALSE,4.2,404,Mallorca,Mallorca,19.9,1.2989,NA,NA,NA
Ramon Bilbao,Mirto,2011,FALSE,4.2,402,Rioja,Rioja,28.53,1.4553,Rioja Red,4,3
Matsu,El Viejo,2019,FALSE,4.2,400,Toro,Toro,27.89,1.4454,Toro Red,5,3
Artadi,Valdegines,2016,FALSE,4.2,398,Vino de Espana,Vino de Espana,48.96,1.6898,Tempranillo,4,2
Contino,Rioja Graciano,2011,FALSE,4.2,395,Rioja,Rioja,61.94,1.792,Rioja Red,4,3
Contino,Reserva,2016,FALSE,4.2,392,Rioja,Rioja,19.98,1.3006,Rioja Red,4,3
Conreria d'Scala Dei,Les Brugueres,2018,FALSE,4.2,390,Priorato,Priorato,16.76,1.2243,Priorat Red,4,3
Mustiguillo,Finca Terrerazo,2017,FALSE,4.2,390,El Terrerazo,El Terrerazo,24.45,1.3883,Red,4,3
Matarromera,Gran Reserva,2011,FALSE,4.2,389,Ribera del Duero,Ribera del Duero,64.5,1.8096,Ribera Del Duero Red,5,3
Sei Solo,Preludio,2016,FALSE,4.2,388,Ribera del Duero,Ribera del Duero,31.63,1.5001,Ribera Del Duero Red,5,3
Remirez de Ganuza,Rioja Blanco,2017,FALSE,4.2,421,Rioja,Rioja,29.15,1.4646,Rioja White,3,3
La Vicalanda,Reserva,2015,FALSE,4.2,420,Rioja,Rioja,17.5,1.243,Rioja Red,4,3
Enrique Mendoza,Santa Rosa,2017,FALSE,4.2,420,Alicante,Alicante,18.9,1.2765,Red,4,3
Clos Pons,Roc Nu,2011,FALSE,4.2,420,Costers del Segre,Costers del Segre,23.95,1.3793,Red,4,3
Sierra Cantabria,Coleccion Privada,2012,FALSE,4.2,420,Rioja,Rioja,28.3,1.4518,Rioja Red,4,3
Imperial,Rioja Reserva,2004,FALSE,4.2,417,Rioja,Rioja,45.0,1.6532,Rioja Red,4,3
Losada,Altos de Losada,2018,FALSE,4.2,415,Bierzo,Bierzo,17.9,1.2529,Mencia,3,3
Mar de Frades,Rias Baixas Albarino Finca Valinas,2015,FALSE,4.2,414,Rias Baixas,Rias Baixas,16.78,1.2248,Albarino,3,3
La Rioja Alta,Vina Alberdi Crianza,2018,FALSE,4.2,410,Rioja,Rioja,13.58,1.1329,Rioja Red,4,3
Bodegas La Horra,Corimbo I,2015,FALSE,4.2,412,Ribera del Duero,Ribera del Duero,37.9,1.5786,Ribera Del Duero Red,5,3
Vina Pedrosa,Gran Reserva,2011,FALSE,4.2,410,Ribera del Duero,Ribera del Duero,51.35,1.7105,Ribera Del Duero Red,5,3
Campillo,Gran Reserva Rioja,2012,FALSE,4.2,410,Rioja,Rioja,22.99,1.3615,Rioja Red,4,3
Ramon do Casar,Treixadura,2020,FALSE,4.2,407,Ribeiro,Ribeiro,11.95,1.0774,NA,NA,NA
Lustau,Candela Cream Dulce Sweet,,TRUE,4.2,405,Jerez-Xeres-Sherry,Jerez-Xeres-Sherry,7.1,0.8513,Sherry,4,3
Portal del Priorat,Clos del Portal Somni,2014,FALSE,4.2,404,Priorato,Priorato,77.36,1.8885,Priorat Red,4,3
Binigrau,Nounat,2020,FALSE,4.2,404,Mallorca,Mallorca,19.9,1.2989,NA,NA,NA
Ramon Bilbao,Mirto,2011,FALSE,4.2,402,Rioja,Rioja,28.53,1.4553,Rioja Red,4,3
Matsu,El Viejo,2019,FALSE,4.2,400,Toro,Toro,27.89,1.4454,Toro Red,5,3
Artadi,Valdegines,2016,FALSE,4.2,398,Vino de Espana,Vino de Espana,48.96,1.6898,Tempranillo,4,2
Contino,Rioja Graciano,2011,FALSE,4.2,395,Rioja,Rioja,61.94,1.792,Rioja Red,4,3
Contino,Reserva,2016,FALSE,4.2,392,Rioja,Rioja,19.98,1.3006,Rioja Red,4,3
Conreria d'Scala Dei,Les Brugueres,2018,FALSE,4.2,390,Priorato,Priorato,16.76,1.2243,Priorat Red,4,3
Mustiguillo,Finca Terrerazo,2017,FALSE,4.2,390,El Terrerazo,El Terrerazo,24.45,1.3883,Red,4,3
Matarromera,Gran Reserva,2011,FALSE,4.2,389,Ribera del Duero,Ribera del Duero,64.5,1.8096,Ribera Del Duero Red,5,3
Sei Solo,Preludio,2016,FALSE,4.2,388,Ribera del Duero,Ribera del Duero,31.63,1.5001,Ribera Del Duero Red,5,3
Remirez de Ganuza,Rioja Blanco,2017,FALSE,4.2,421,Rioja,Rioja,29.15,1.4646,Rioja White,3,3
La Vicalanda,Reserva,2015,FALSE,4.2,420,Rioja,Rioja,17.5,1.243,Rioja Red,4,3
Enrique Mendoza,Santa Rosa,2017,FALSE,4.2,420,Alicante,Alicante,18.9,1.2765,Red,4,3
Clos Pons,Roc Nu,2011,FALSE,4.2,420,Costers del Segre,Costers del Segre,23.95,1.3793,Red,4,3
Sierra Cantabria,Coleccion Privada,2012,FALSE,4.2,420,Rioja,Rioja,28.3,1.4518,Rioja Red,4,3
Imperial,Rioja Reserva,2004,FALSE,4.2,417,Rioja,Rioja,45.0,1.6532,Rioja Red,4,3
Losada,Altos de Losada,2018,FALSE,4.2,415,Bierzo,Bierzo,17.9,1.2529,Mencia,3,3
Mar de Frades,Rias Baixas Albarino Finca Valinas,2015,FALSE,4.2,414,Rias Baixas,Rias Baixas,16.78,1.2248,Albarino,3,3
La Rioja Alta,Vina Alberdi Crianza,2018,FALSE,4.2,410,Rioja,Rioja,13.58,1.1329,Rioja Red,4,3
Bodegas La Horra,Corimbo I,2015,FALSE,4.2,412,Ribera del Duero,Ribera del Duero,37.9,1.5786,Ribera Del Duero Red,5,3
Vina Pedrosa,Gran Reserva,2011,FALSE,4.2,410,Ribera del Duero,Ribera del Duero,51.35,1.7105,Ribera Del Duero Red,5,3
Campillo,Gran Reserva Rioja,2012,FALSE,4.2,410,Rioja,Rioja,22.99,1.3615,Rioja Red,4,3
Ramon do Casar,Treixadura,2020,FALSE,4.2,407,Ribeiro,Ribeiro,11.95,1.0774,NA,NA,NA
Lustau,Candela Cream Dulce Sweet,,TRUE,4.2,405,Jerez-Xeres-Sherry,Jerez-Xeres-Sherry,7.1,0.8513,Sherry,4,3
Portal del Priorat,Clos del Portal Somni,2014,FALSE,4.2,404,Priorato,Priorato,77.36,1.8885,Priorat Red,4,3
Binigrau,Nounat,2020,FALSE,4.2,404,Mallorca,Mallorca,19.9,1.2989,NA,NA,NA
Ramon Bilbao,Mirto,2011,FALSE,4.2,402,Rioja,Rioja,28.53,1.4553,Rioja Red,4,3
Matsu,El Viejo,2019,FALSE,4.2,400,Toro,Toro,27.89,1.4454,Toro Red,5,3
Artadi,Valdegines,2016,FALSE,4.2,398,Vino de Espana,Vino de Espana,48.96,1.6898,Tempranillo,4,2
Contino,Rioja Graciano,2011,FALSE,4.2,395,Rioja,Rioja,61.94,1.792,Rioja Red,4,3
Contino,Reserva,2016,FALSE,4.2,392,Rioja,Rioja,19.98,1.3006,Rioja Red,4,3
Conreria d'Scala Dei,Les Brugueres,2018,FALSE,4.2,390,Priorato,Priorato,16.76,1.2243,Priorat Red,4,3
Mustiguillo,Finca Terrerazo,2017,FALSE,4.2,390,El Terrerazo,El Terrerazo,24.45,1.3883,Red,4,3
Matarromera,Gran Reserva,2011,FALSE,4.2,389,Ribera del Duero,Ribera del Duero,64.5,1.8096,Ribera Del Duero Red,5,3
Sei Solo,Preludio,2016,FALSE,4.2,388,Ribera del Duero,Ribera del Duero,31.63,1.5001,Ribera Del Duero Red,5,3
Remirez de Ganuza,Rioja Blanco,2017,FALSE,4.2,421,Rioja,Rioja,29.15,1.4646,Rioja White,3,3
La Vicalanda,Reserva,2015,FALSE,4.2,420,Rioja,Rioja,17.5,1.243,Rioja Red,4,3
Enrique Mendoza,Santa Rosa,2017,FALSE,4.2,420,Alicante,Alicante,18.9,1.2765,Red,4,3
Clos Pons,Roc Nu,2011,FALSE,4.2,420,Costers del Segre,Costers del Segre,23.95,1.3793,Red,4,3
Sierra Cantabria,Coleccion Privada,2012,FALSE,4.2,420,Rioja,Rioja,28.3,1.4518,Rioja Red,4,3
Imperial,Rioja Reserva,2004,FALSE,4.2,417,Rioja,Rioja,45.0,1.6532,Rioja Red,4,3
Losada,Altos de Losada,2018,FALSE,4.2,415,Bierzo,Bierzo,17.9,1.2529,Mencia,3,3
Mar de Frades,Rias Baixas Albarino Finca Valinas,2015,FALSE,4.2,414,Rias Baixas,Rias Baixas,16.78,1.2248,Albarino,3,3
La Rioja Alta,Vina Alberdi Crianza,2018,FALSE,4.2,410,Rioja,Rioja,13.58,1.1329,Rioja Red,4,3
Bodegas La Horra,Corimbo I,2015,FALSE,4.2,412,Ribera del Duero,Ribera del Duero,37.9,1.5786,Ribera Del Duero Red,5,3
Vina Pedrosa,Gran Reserva,2011,FALSE,4.2,410,Ribera del Duero,Ribera del Duero,51.35,1.7105,Ribera Del Duero Red,5,3
Campillo,Gran Reserva Rioja,2012,FALSE,4.2,410,Rioja,Rioja,22.99,1.3615,Rioja Red,4,3
Ramon do Casar,Treixadura,2020,FALSE,4.2,407,Ribeiro,Ribeiro,11.95,1.0774,NA,NA,NA
Lustau,Candela Cream Dulce Sweet,,TRUE,4.2,405,Jerez-Xeres-Sherry,Jerez-Xeres-Sherry,7.1,0.8513,Sherry,4,3
Portal del Priorat,Clos del Portal Somni,2014,FALSE,4.2,404,Priorato,Priorato,77.36,1.8885,Priorat Red,4,3
Binigrau,Nounat,2020,FALSE,4.2,404,Mallorca,Mallorca,19.9,1.2989,NA,NA,NA
Ramon Bilbao,Mirto,2011,FALSE,4.2,402,Rioja,Rioja,28.53,1.4553,Rioja Red,4,3
Matsu,El Viejo,2019,FALSE,4.2,400,Toro,Toro,27.89,1.4454,Toro Red,5,3
Artadi,Valdegines,2016,FALSE,4.2,398,Vino de Espana,Vino de Espana,48.96,1.6898,Tempranillo,4,2
Contino,Rioja Graciano,2011,FALSE,4.2,395,Rioja,Rioja,61.94,1.792,Rioja Red,4,3
Contino,Reserva,2016,FALSE,4.2,392,Rioja,Rioja,19.98,1.3006,Rioja Red,4,3
Conreria d'Scala Dei,Les Brugueres,2018,FALSE,4.2,390,Priorato,Priorato,16.76,1.2243,Priorat Red,4,3
Mustiguillo,Finca Terrerazo,2017,FALSE,4.2,390,El Terrerazo,El Terrerazo,24.45,1.3883,Red,4,3
Matarromera,Gran Reserva,2011,FALSE,4.2,389,Ribera del Duero,Ribera del Duero,64.5,1.8096,Ribera Del Duero Red,5,3
Sei Solo,Preludio,2016,FALSE,4.2,388,Ribera del Duero,Ribera del Duero,31.63,1.5001,Ribera Del Duero Red,5,3
Remirez de Ganuza,Rioja Blanco,2017,FALSE,4.2,421,Rioja,Rioja,29.15,1.4646,Rioja White,3,3
La Vicalanda,Reserva,2015,FALSE,4.2,420,Rioja,Rioja,17.5,1.243,Rioja Red,4,3
Enrique Mendoza,Santa Rosa,2017,FALSE,4.2,420,Alicante,Alicante,18.9,1.2765,Red,4,3
Clos Pons,Roc Nu,2011,FALSE,4.2,420,Costers del Segre,Costers del Segre,23.95,1.3793,Red,4,3
Sierra Cantabria,Coleccion Privada,2012,FALSE,4.2,420,Rioja,Rioja,28.3,1.4518,Rioja Red,4,3
Imperial,Rioja Reserva,2004,FALSE,4.2,417,Rioja,Rioja,45.0,1.6532,Rioja Red,4,3
Losada,Altos de Losada,2018,FALSE,4.2,415,Bierzo,Bierzo,17.9,1.2529,Mencia,3,3
Mar de Frades,Rias Baixas Albarino Finca Valinas,2015,FALSE,4.2,414,Rias Baixas,Rias Baixas,16.78,1.2248,Albarino,3,3
La Rioja Alta,Vina Alberdi Crianza,2018,FALSE,4.2,410,Rioja,Rioja,13.58,1.1329,Rioja Red,4,3
Bodegas La Horra,Corimbo I,2015,FALSE,4.2,412,Ribera del Duero,Ribera del Duero,37.9,1.5786,Ribera Del Duero Red,5,3
Vina Pedrosa,Gran Reserva,2011,FALSE,4.2,410,Ribera del Duero,Ribera del Duero,51.35,1.7105,Ribera Del Duero Red,5,3
Campillo,Gran Reserva Rioja,2012,FALSE,4.2,410,Rioja,Rioja,22.99,1.3615,Rioja Red,4,3
Ramon do Casar,Treixadura,2020,FALSE,4.2,407,Ribeiro,Ribeiro,11.95,1.0774,NA,NA,NA
Lustau,Candela Cream Dulce Sweet,,TRUE,4.2,405,Jerez-Xeres-Sherry,Jerez-Xeres-Sherry,7.1,0.8513,Sherry,4,3
Portal del Priorat,Clos del Portal Somni,2014,FALSE,4.2,404,Priorato,Priorato,77.36,1.8885,Priorat Red,4,3
Binigrau,Nounat,2020,FALSE,4.2,404,Mallorca,Mallorca,19.9,1.2989,NA,NA,NA
Ramon Bilbao,Mirto,2011,FALSE,4.2,402,Rioja,Rioja,28.53,1.4553,Rioja Red,4,3
Matsu,El Viejo,2019,FALSE,4.2,400,Toro,Toro,27.89,1.4454,Toro Red,5,3
Artadi,Valdegines,2016,FALSE,4.2,398,Vino de Espana,Vino de Espana,48.96,1.6898,Tempranillo,4,2
Contino,Rioja Graciano,2011,FALSE,4.2,395,Rioja,Rioja,61.94,1.792,Rioja Red,4,3
Contino,Reserva,2016,FALSE,4.2,392,Rioja,Rioja,19.98,1.3006,Rioja Red,4,3
Conreria d'Scala Dei,Les Brugueres,2018,FALSE,4.2,390,Priorato,Priorato,16.76,1.2243,Priorat Red,4,3
Mustiguillo,Finca Terrerazo,2017,FALSE,4.2,390,El Terrerazo,El Terrerazo,24.45,1.3883,Red,4,3
Matarromera,Gran Reserva,2011,FALSE,4.2,389,Ribera del Duero,Ribera del Duero,64.5,1.8096,Ribera Del Duero Red,5,3
Sei Solo,Preludio,2016,FALSE,4.2,388,Ribera del Duero,Ribera del Duero,31.63,1.5001,Ribera Del Duero Red,5,3
Remirez de Ganuza,Rioja Blanco,2017,FALSE,4.2,421,Rioja,Rioja,29.15,1.4646,Rioja White,3,3
La Vicalanda,Reserva,2015,FALSE,4.2,420,Rioja,Rioja,17.5,1.243,Rioja Red,4,3
Enrique Mendoza,Santa Rosa,2017,FALSE,4.2,420,Alicante,Alicante,18.9,1.2765,Red,4,3
Clos Pons,Roc Nu,2011,FALSE,4.2,420,Costers del Segre,Costers del Segre,23.95,1.3793,Red,4,3
Sierra Cantabria,Coleccion Privada,2012,FALSE,4.2,420,Rioja,Rioja,28.3,1.4518,Rioja Red,4,3
Imperial,Rioja Reserva,2004,FALSE,4.2,417,Rioja,Rioja,45.0,1.6532,Rioja Red,4,3
Losada,Altos de Losada,2018,FALSE,4.2,415,Bierzo,Bierzo,17.9,1.2529,Mencia,3,3
Mar de Frades,Rias Baixas Albarino Finca Valinas,2015,FALSE,4.2,414,Rias Baixas,Rias Baixas,16.78,1.2248,Albarino,3,3
La Rioja Alta,Vina Alberdi Crianza,2018,FALSE,4.2,410,Rioja,Rioja,13.58,1.1329,Rioja Red,4,3
Bodegas La Horra,Corimbo I,2015,FALSE,4.2,412,Ribera del Duero,Ribera del Duero,37.9,1.5786,Ribera Del Duero Red,5,3
Vina Pedrosa,Gran Reserva,2011,FALSE,4.2,410,Ribera del Duero,Ribera del Duero,51.35,1.7105,Ribera Del Duero Red,5,3
Campillo,Gran Reserva Rioja,2012,FALSE,4.2,410,Rioja,Rioja,22.99,1.3615,Rioja Red,4,3
Ramon do Casar,Treixadura,2020,FALSE,4.2,407,Ribeiro,Ribeiro,11.95,1.0774,NA,NA,NA
Lustau,Candela Cream Dulce Sweet,,TRUE,4.2,405,Jerez-Xeres-Sherry,Jerez-Xeres-Sherry,7.1,0.8513,Sherry,4,3
Portal del Priorat,Clos del Portal Somni,2014,FALSE,4.2,404,Priorato,Priorato,77.36,1.8885,Priorat Red,4,3
Binigrau,Nounat,2020,FALSE,4.2,404,Mallorca,Mallorca,19.9,1.2989,NA,NA,NA
Ramon Bilbao,Mirto,2011,FALSE,4.2,402,Rioja,Rioja,28.53,1.4553,Rioja Red,4,3
Matsu,El Viejo,2019,FALSE,4.2,400,Toro,Toro,27.89,1.4454,Toro Red,5,3
Artadi,Valdegines,2016,FALSE,4.2,398,Vino de Espana,Vino de Espana,48.96,1.6898,Tempranillo,4,2
Contino,Rioja Graciano,2011,FALSE,4.2,395,Rioja,Rioja,61.94,1.792,Rioja Red,4,3
Contino,Reserva,2016,FALSE,4.2,392,Rioja,Rioja,19.98,1.3006,Rioja Red,4,3
Conreria d'Scala Dei,Les Brugueres,2018,FALSE,4.2,390,Priorato,Priorato,16.76,1.2243,Priorat Red,4,3
Mustiguillo,Finca Terrerazo,2017,FALSE,4.2,390,El Terrerazo,El Terrerazo,24.45,1.3883,Red,4,3
Matarromera,Gran Reserva,2011,FALSE,4.2,389,Ribera del Duero,Ribera del Duero,64.5,1.8096,Ribera Del Duero Red,5,3
Sei Solo,Preludio,2016,FALSE,4.2,388,Ribera del Duero,Ribera del Duero,31.63,1.5001,Ribera Del Duero Red,5,3
Remirez de Ganuza,Rioja Blanco,2017,FALSE,4.2,421,Rioja,Rioja,29.15,1.4646,Rioja White,3,3
La Vicalanda,Reserva,2015,FALSE,4.2,420,Rioja,Rioja,17.5,1.243,Rioja Red,4,3
Enrique Mendoza,Santa Rosa,2017,FALSE,4.2,420,Alicante,Alicante,18.9,1.2765,Red,4,3
Clos Pons,Roc Nu,2011,FALSE,4.2,420,Costers del Segre,Costers del Segre,23.95,1.3793,Red,4,3
Sierra Cantabria,Coleccion Privada,2012,FALSE,4.2,420,Rioja,Rioja,28.3,1.4518,Rioja Red,4,3
Imperial,Rioja Reserva,2004,FALSE,4.2,417,Rioja,Rioja,45.0,1.6532,Rioja Red,4,3
Losada,Altos de Losada,2018,FALSE,4.2,415,Bierzo,Bierzo,17.9,1.2529,Mencia,3,3
Mar de Frades,Rias Baixas Albarino Finca Valinas,2015,FALSE,4.2,414,Rias Baixas,Rias Baixas,16.78,1.2248,Albarino,3,3
La Rioja Alta,Vina Alberdi Crianza,2018,FALSE,4.2,410,Rioja,Rioja,13.58,1.1329,Rioja Red,4,3
Bodegas La Horra,Corimbo I,2015,FALSE,4.2,412,Ribera del Duero,Ribera del Duero,37.9,1.5786,Ribera Del Duero Red,5,3
Vina Pedrosa,Gran Reserva,2011,FALSE,4.2,410,Ribera del Duero,Ribera del Duero,51.35,1.7105,Ribera Del Duero Red,5,3
Campillo,Gran Reserva Rioja,2012,FALSE,4.2,410,Rioja,Rioja,22.99,1.3615,Rioja Red,4,3
Ramon do Casar,Treixadura,2020,FALSE,4.2,407,Ribeiro,Ribeiro,11.95,1.0774,NA,NA,NA
Lustau,Candela Cream Dulce Sweet,,TRUE,4.2,405,Jerez-Xeres-Sherry,Jerez-Xeres-Sherry,7.1,0.8513,Sherry,4,3
Portal del Priorat,Clos del Portal Somni,2014,FALSE,4.2,404,Priorato,Priorato,77.36,1.8885,Priorat Red,4,3
Binigrau,Nounat,2020,FALSE,4.2,404,Mallorca,Mallorca,19.9,1.2989,NA,NA,NA
Ramon Bilbao,Mirto,2011,FALSE,4.2,402,Rioja,Rioja,28.53,1.4553,Rioja Red,4,3
Matsu,El Viejo,2019,FALSE,4.2,400,Toro,Toro,27.89,1.4454,Toro Red,5,3
Artadi,Valdegines,2016,FALSE,4.2,398,Vino de Espana,Vino de Espana,48.96,1.6898,Tempranillo,4,2
Contino,Rioja Graciano,2011,FALSE,4.2,395,Rioja,Rioja,61.94,1.792,Rioja Red,4,3
Contino,Reserva,2016,FALSE,4.2,392,Rioja,Rioja,19.98,1.3006,Rioja Red,4,3
Conreria d'Scala Dei,Les Brugueres,2018,FALSE,4.2,390,Priorato,Priorato,16.76,1.2243,Priorat Red,4,3
Mustiguillo,Finca Terrerazo,2017,FALSE,4.2,390,El Terrerazo,El Terrerazo,24.45,1.3883,Red,4,3
Matarromera,Gran Reserva,2011,FALSE,4.2,389,Ribera del Duero,Ribera del Duero,64.5,1.8096,Ribera Del Duero Red,5,3
Sei Solo,Preludio,2016,FALSE,4.2,388,Ribera del Duero,Ribera del Duero,31.63,1.5001,Ribera Del Duero Red,5,3
Remirez de Ganuza,Rioja Blanco,2017,FALSE,4.2,421,Rioja,Rioja,29.15,1.4646,Rioja White,3,3
La Vicalanda,Reserva,2015,FALSE,4.2,420,Rioja,Rioja,17.5,1.243,Rioja Red,4,3
Enrique Mendoza,Santa Rosa,2017,FALSE,4.2,420,Alicante,Alicante,18.9,1.2765,Red,4,3
Clos Pons,Roc Nu,2011,FALSE,4.2,420,Costers del Segre,Costers del Segre,23.95,1.3793,Red,4,3
Sierra Cantabria,Coleccion Privada,2012,FALSE,4.2,420,Rioja,Rioja,28.3,1.4518,Rioja Red,4,3
Imperial,Rioja Reserva,2004,FALSE,4.2,417,Rioja,Rioja,45.0,1.6532,Rioja Red,4,3
Losada,Altos de Losada,2018,FALSE,4.2,415,Bierzo,Bierzo,17.9,1.2529,Mencia,3,3
Mar de Frades,Rias Baixas Albarino Finca Valinas,2015,FALSE,4.2,414,Rias Baixas,Rias Baixas,16.78,1.2248,Albarino,3,3
La Rioja Alta,Vina Alberdi Crianza,2018,FALSE,4.2,410,Rioja,Rioja,13.58,1.1329,Rioja Red,4,3
Bodegas La Horra,Corimbo I,2015,FALSE,4.2,412,Ribera del Duero,Ribera del Duero,37.9,1.5786,Ribera Del Duero Red,5,3
Vina Pedrosa,Gran Reserva,2011,FALSE,4.2,410,Ribera del Duero,Ribera del Duero,51.35,1.7105,Ribera Del Duero Red,5,3
Campillo,Gran Reserva Rioja,2012,FALSE,4.2,410,Rioja,Rioja,22.99,1.3615,Rioja Red,4,3
Ramon do Casar,Treixadura,2020,FALSE,4.2,407,Ribeiro,Ribeiro,11.95,1.0774,NA,NA,NA
Lustau,Candela Cream Dulce Sweet,,TRUE,4.2,405,Jerez-Xeres-Sherry,Jerez-Xeres-Sherry,7.1,0.8513,Sherry,4,3
Portal del Priorat,Clos del Portal Somni,2014,FALSE,4.2,404,Priorato,Priorato,77.36,1.8885,Priorat Red,4,3
Binigrau,Nounat,2020,FALSE,4.2,404,Mallorca,Mallorca,19.9,1.2989,NA,NA,NA
Ramon Bilbao,Mirto,2011,FALSE,4.2,402,Rioja,Rioja,28.53,1.4553,Rioja Red,4,3
Matsu,El Viejo,2019,FALSE,4.2,400,Toro,Toro,27.89,1.4454,Toro Red,5,3
Artadi,Valdegines,2016,FALSE,4.2,398,Vino de Espana,Vino de Espana,48.96,1.6898,Tempranillo,4,2
Contino,Rioja Graciano,2011,FALSE,4.2,395,Rioja,Rioja,61.94,1.792,Rioja Red,4,3
Contino,Reserva,2016,FALSE,4.2,392,Rioja,Rioja,19.98,1.3006,Rioja Red,4,3
Conreria d'Scala Dei,Les Brugueres,2018,FALSE,4.2,390,Priorato,Priorato,16.76,1.2243,Priorat Red,4,3
Mustiguillo,Finca Terrerazo,2017,FALSE,4.2,390,El Terrerazo,El Terrerazo,24.45,1.3883,Red,4,3
Matarromera,Gran Reserva,2011,FALSE,4.2,389,Ribera del Duero,Ribera del Duero,64.5,1.8096,Ribera Del Duero Red,5,3
Sei Solo,Preludio,2016,FALSE,4.2,388,Ribera del Duero,Ribera del Duero,31.63,1.5001,Ribera Del Duero Red,5,3
Remirez de Ganuza,Rioja Blanco,2017,FALSE,4.2,421,Rioja,Rioja,29.15,1.4646,Rioja White,3,3
La Vicalanda,Reserva,2015,FALSE,4.2,420,Rioja,Rioja,17.5,1.243,Rioja Red,4,3
Enrique Mendoza,Santa Rosa,2017,FALSE,4.2,420,Alicante,Alicante,18.9,1.2765,Red,4,3
Clos Pons,Roc Nu,2011,FALSE,4.2,420,Costers del Segre,Costers del Segre,23.95,1.3793,Red,4,3
Sierra Cantabria,Coleccion Privada,2012,FALSE,4.2,420,Rioja,Rioja,28.3,1.4518,Rioja Red,4,3
Imperial,Rioja Reserva,2004,FALSE,4.2,417,Rioja,Rioja,45.0,1.6532,Rioja Red,4,3
Losada,Altos de Losada,2018,FALSE,4.2,415,Bierzo,Bierzo,17.9,1.2529,Mencia,3,3
Mar de Frades,Rias Baixas Albarino Finca Valinas,2015,FALSE,4.2,414,Rias Baixas,Rias Baixas,16.78,1.2248,Albarino,3,3
La Rioja Alta,Vina Alberdi Crianza,2018,FALSE,4.2,410,Rioja,Rioja,13.58,1.1329,Rioja Red,4,3
Bodegas La Horra,Corimbo I,2015,FALSE,4.2,412,Ribera del Duero,Ribera del Duero,37.9,1.5786,Ribera Del Duero Red,5,3
Vina Pedrosa,Gran Reserva,2011,FALSE,4.2,410,Ribera del Duero,Ribera del Duero,51.35,1.7105,Ribera Del Duero Red,5,3
Campillo,Gran Reserva Rioja,2012,FALSE,4.2,410,Rioja,Rioja,22.99,1.3615,Rioja Red,4,3
Ramon do Casar,Treixadura,2020,FALSE,4.2,407,Ribeiro,Ribeiro,11.95,1.0774,NA,NA,NA
Lustau,Candela Cream Dulce Sweet,,TRUE,4.2,405,Jerez-Xeres-Sherry,Jerez-Xeres-Sherry,7.1,0.8513,Sherry,4,3
Portal del Priorat,Clos del Portal Somni,2014,FALSE,4.2,404,Priorato,Priorato,77.36,1.8885,Priorat Red,4,3
Binigrau,Nounat,2020,FALSE,4.2,404,Mallorca,Mallorca,19.9,1.2989,NA,NA,NA
Ramon Bilbao,Mirto,2011,FALSE,4.2,402,Rioja,Rioja,28.53,1.4553,Rioja Red,4,3
Matsu,El Viejo,2019,FALSE,4.2,400,Toro,Toro,27.89,1.4454,Toro Red,5,3
Artadi,Valdegines,2016,FALSE,4.2,398,Vino de Espana,Vino de Espana,48.96,1.6898,Tempranillo,4,2
Contino,Rioja Graciano,2011,FALSE,4.2,395,Rioja,Rioja,61.94,1.792,Rioja Red,4,3
Contino,Reserva,2016,FALSE,4.2,392,Rioja,Rioja,19.98,1.3006,Rioja Red,4,3
Conreria d'Scala Dei,Les Brugueres,2018,FALSE,4.2,390,Priorato,Priorato,16.76,1.2243,Priorat Red,4,3
Mustiguillo,Finca Terrerazo,2017,FALSE,4.2,390,El Terrerazo,El Terrerazo,24.45,1.3883,Red,4,3
Matarromera,Gran Reserva,2011,FALSE,4.2,389,Ribera del Duero,Ribera del Duero,64.5,1.8096,Ribera Del Duero Red,5,3
Sei Solo,Preludio,2016,FALSE,4.2,388,Ribera del Duero,Ribera del Duero,31.63,1.5001,Ribera Del Duero Red,5,3
Remirez de Ganuza,Rioja Blanco,2017,FALSE,4.2,421,Rioja,Rioja,29.15,1.4646,Rioja White,3,3
La Vicalanda,Reserva,2015,FALSE,4.2,420,Rioja,Rioja,17.5,1.243,Rioja Red,4,3
Enrique Mendoza,Santa Rosa,2017,FALSE,4.2,420,Alicante,Alicante,18.9,1.2765,Red,4,3
Clos Pons,Roc Nu,2011,FALSE,4.2,420,Costers del Segre,Costers del Segre,23.95,1.3793,Red,4,3
Sierra Cantabria,Coleccion Privada,2012,FALSE,4.2,420,Rioja,Rioja,28.3,1.4518,Rioja Red,4,3
Imperial,Rioja Reserva,2004,FALSE,4.2,417,Rioja,Rioja,45.0,1.6532,Rioja Red,4,3
Losada,Altos de Losada,2018,FALSE,4.2,415,Bierzo,Bierzo,17.9,1.2529,Mencia,3,3
Mar de Frades,Rias Baixas Albarino Finca Valinas,2015,FALSE,4.2,414,Rias Baixas,Rias Baixas,16.78,1.2248,Albarino,3,3
La Rioja Alta,Vina Alberdi Crianza,2018,FALSE,4.2,410,Rioja,Rioja,13.58,1.1329,Rioja Red,4,3
Bodegas La Horra,Corimbo I,2015,FALSE,4.2,412,Ribera del Duero,Ribera del Duero,37.9,1.5786,Ribera Del Duero Red,5,3
Vina Pedrosa,Gran Reserva,2011,FALSE,4.2,410,Ribera del Duero,Ribera del Duero,51.35,1.7105,Ribera Del Duero Red,5,3
Campillo,Gran Reserva Rioja,2012,FALSE,4.2,410,Rioja,Rioja,22.99,1.3615,Rioja Red,4,3
Ramon do Casar,Treixadura,2020,FALSE,4.2,407,Ribeiro,Ribeiro,11.95,1.0774,NA,NA,NA
Lustau,Candela Cream Dulce Sweet,,TRUE,4.2,405,Jerez-Xeres-Sherry,Jerez-Xeres-Sherry,7.1,0.8513,Sherry,4,3
Portal del Priorat,Clos del Portal Somni,2014,FALSE,4.2,404,Priorato,Priorato,77.36,1.8885,Priorat Red,4,3
Binigrau,Nounat,2020,FALSE,4.2,404,Mallorca,Mallorca,19.9,1.2989,NA,NA,NA
Ramon Bilbao,Mirto,2011,FALSE,4.2,402,Rioja,Rioja,28.53,1.4553,Rioja Red,4,3
Matsu,El Viejo,2019,FALSE,4.2,400,Toro,Toro,27.89,1.4454,Toro Red,5,3
Artadi,Valdegines,2016,FALSE,4.2,398,Vino de Espana,Vino de Espana,48.96,1.6898,Tempranillo,4,2
Contino,Rioja Graciano,2011,FALSE,4.2,395,Rioja,Rioja,61.94,1.792,Rioja Red,4,3
Contino,Reserva,2016,FALSE,4.2,392,Rioja,Rioja,19.98,1.3006,Rioja Red,4,3
Conreria d'Scala Dei,Les Brugueres,2018,FALSE,4.2,390,Priorato,Priorato,16.76,1.2243,Priorat Red,4,3
Mustiguillo,Finca Terrerazo,2017,FALSE,4.2,390,El Terrerazo,El Terrerazo,24.45,1.3883,Red,4,3
Matarromera,Gran Reserva,2011,FALSE,4.2,389,Ribera del Duero,Ribera del Duero,64.5,1.8096,Ribera Del Duero Red,5,3
Sei Solo,Preludio,2016,FALSE,4.2,388,Ribera del Duero,Ribera del Duero,31.63,1.5001,Ribera Del Duero Red,5,3
Remirez de Ganuza,Rioja Blanco,2017,FALSE,4.2,421,Rioja,Rioja,29.15,1.4646,Rioja White,3,3
La Vicalanda,Reserva,2015,FALSE,4.2,420,Rioja,Rioja,17.5,1.243,Rioja Red,4,3
Enrique Mendoza,Santa Rosa,2017,FALSE,4.2,420,Alicante,Alicante,18.9,1.2765,Red,4,3
Clos Pons,Roc Nu,2011,FALSE,4.2,420,Costers del Segre,Costers del Segre,23.95,1.3793,Red,4,3
Sierra Cantabria,Coleccion Privada,2012,FALSE,4.2,420,Rioja,Rioja,28.3,1.4518,Rioja Red,4,3
Imperial,Rioja Reserva,2004,FALSE,4.2,417,Rioja,Rioja,45.0,1.6532,Rioja Red,4,3
Losada,Altos de Losada,2018,FALSE,4.2,415,Bierzo,Bierzo,17.9,1.2529,Mencia,3,3
Mar de Frades,Rias Baixas Albarino Finca Valinas,2015,FALSE,4.2,414,Rias Baixas,Rias Baixas,16.78,1.2248,Albarino,3,3
La Rioja Alta,Vina Alberdi Crianza,2018,FALSE,4.2,410,Rioja,Rioja,13.58,1.1329,Rioja Red,4,3
Bodegas La Horra,Corimbo I,2015,FALSE,4.2,412,Ribera del Duero,Ribera del Duero,37.9,1.5786,Ribera Del Duero Red,5,3
Vina Pedrosa,Gran Reserva,2011,FALSE,4.2,410,Ribera del Duero,Ribera del Duero,51.35,1.7105,Ribera Del Duero Red,5,3
Campillo,Gran Reserva Rioja,2012,FALSE,4.2,410,Rioja,Rioja,22.99,1.3615,Rioja Red,4,3
Ramon do Casar,Treixadura,2020,FALSE,4.2,407,Ribeiro,Ribeiro,11.95,1.0774,NA,NA,NA
Lustau,Candela Cream Dulce Sweet,,TRUE,4.2,405,Jerez-Xeres-Sherry,Jerez-Xeres-Sherry,7.1,0.8513,Sherry,4,3
Portal del Priorat,Clos del Portal Somni,2014,FALSE,4.2,404,Priorato,Priorato,77.36,1.8885,Priorat Red,4,3
Binigrau,Nounat,2020,FALSE,4.2,404,Mallorca,Mallorca,19.9,1.2989,NA,NA,NA
Ramon Bilbao,Mirto,2011,FALSE,4.2,402,Rioja,Rioja,28.53,1.4553,Rioja Red,4,3
Matsu,El Viejo,2019,FALSE,4.2,400,Toro,Toro,27.89,1.4454,Toro Red,5,3
Artadi,Valdegines,2016,FALSE,4.2,398,Vino de Espana,Vino de Espana,48.96,1.6898,Tempranillo,4,2
Contino,Rioja Graciano,2011,FALSE,4.2,395,Rioja,Rioja,61.94,1.792,Rioja Red,4,3
Contino,Reserva,2016,FALSE,4.2,392,Rioja,Rioja,19.98,1.3006,Rioja Red,4,3
Conreria d'Scala Dei,Les Brugueres,2018,FALSE,4.2,390,Priorato,Priorato,16.76,1.2243,Priorat Red,4,3
Mustiguillo,Finca Terrerazo,2017,FALSE,4.2,390,El Terrerazo,El Terrerazo,24.45,1.3883,Red,4,3
Matarromera,Gran Reserva,2011,FALSE,4.2,389,Ribera del Duero,Ribera del Duero,64.5,1.8096,Ribera Del Duero Red,5,3
Sei Solo,Preludio,2016,FALSE,4.2,388,Ribera del Duero,Ribera del Duero,31.63,1.5001,Ribera Del Duero Red,5,3
Remirez de Ganuza,Rioja Blanco,2017,FALSE,4.2,421,Rioja,Rioja,29.15,1.4646,Rioja White,3,3
La Vicalanda,Reserva,2015,FALSE,4.2,420,Rioja,Rioja,17.5,1.243,Rioja Red,4,3
Enrique Mendoza,Santa Rosa,2017,FALSE,4.2,420,Alicante,Alicante,18.9,1.2765,Red,4,3
Clos Pons,Roc Nu,2011,FALSE,4.2,420,Costers del Segre,Costers del Segre,23.95,1.3793,Red,4,3
Sierra Cantabria,Coleccion Privada,2012,FALSE,4.2,420,Rioja,Rioja,28.3,1.4518,Rioja Red,4,3
Imperial,Rioja Reserva,2004,FALSE,4.2,417,Rioja,Rioja,45.0,1.6532,Rioja Red,4,3
Losada,Altos de Losada,2018,FALSE,4.2,415,Bierzo,Bierzo,17.9,1.2529,Mencia,3,3
Mar de Frades,Rias Baixas Albarino Finca Valinas,2015,FALSE,4.2,414,Rias Baixas,Rias Baixas,16.78,1.2248,Albarino,3,3
La Rioja Alta,Vina Alberdi Crianza,2018,FALSE,4.2,410,Rioja,Rioja,13.58,1.1329,Rioja Red,4,3
Bodegas La Horra,Corimbo I,2015,FALSE,4.2,412,Ribera del Duero,Ribera del Duero,37.9,1.5786,Ribera Del Duero Red,5,3
Vina Pedrosa,Gran Reserva,2011,FALSE,4.2,410,Ribera del Duero,Ribera del Duero,51.35,1.7105,Ribera Del Duero Red,5,3
Campillo,Gran Reserva Rioja,2012,FALSE,4.2,410,Rioja,Rioja,22.99,1.3615,Rioja Red,4,3
Ramon do Casar,Treixadura,2020,FALSE,4.2,407,Ribeiro,Ribeiro,11.95,1.0774,NA,NA,NA
Lustau,Candela Cream Dulce Sweet,,TRUE,4.2,405,Jerez-Xeres-Sherry,Jerez-Xeres-Sherry,7.1,0.8513,Sherry,4,3
Portal del Priorat,Clos del Portal Somni,2014,FALSE,4.2,404,Priorato,Priorato,77.36,1.8885,Priorat Red,4,3
Binigrau,Nounat,2020,FALSE,4.2,404,Mallorca,Mallorca,19.9,1.2989,NA,NA,NA
Ramon Bilbao,Mirto,2011,FALSE,4.2,402,Rioja,Rioja,28.53,1.4553,Rioja Red,4,3
Matsu,El Viejo,2019,FALSE,4.2,400,Toro,Toro,27.89,1.4454,Toro Red,5,3
Artadi,Valdegines,2016,FALSE,4.2,398,Vino de Espana,Vino de Espana,48.96,1.6898,Tempranillo,4,2
Contino,Rioja Graciano,2011,FALSE,4.2,395,Rioja,Rioja,61.94,1.792,Rioja Red,4,3
Contino,Reserva,2016,FALSE,4.2,392,Rioja,Rioja,19.98,1.3006,Rioja Red,4,3
Conreria d'Scala Dei,Les Brugueres,2018,FALSE,4.2,390,Priorato,Priorato,16.76,1.2243,Priorat Red,4,3
Mustiguillo,Finca Terrerazo,2017,FALSE,4.2,390,El Terrerazo,El Terrerazo,24.45,1.3883,Red,4,3
Matarromera,Gran Reserva,2011,FALSE,4.2,389,Ribera del Duero,Ribera del Duero,64.5,1.8096,Ribera Del Duero Red,5,3
Sei Solo,Preludio,2016,FALSE,4.2,388,Ribera del Duero,Ribera del Duero,31.63,1.5001,Ribera Del Duero Red,5,3
Remirez de Ganuza,Rioja Blanco,2017,FALSE,4.2,421,Rioja,Rioja,29.15,1.4646,Rioja White,NA,NA
La Vicalanda,Reserva,2015,FALSE,4.2,420,Rioja,Rioja,17.5,1.243,Rioja Red,NA,NA
Enrique Mendoza,Santa Rosa,2017,FALSE,4.2,420,Alicante,Alicante,18.9,1.2765,Red,NA,NA
Clos Pons,Roc Nu,2011,FALSE,4.2,420,Costers del Segre,Costers del Segre,23.95,1.3793,Red,NA,NA
Sierra Cantabria,Coleccion Privada,2012,FALSE,4.2,420,Rioja,Rioja,28.3,1.4518,Rioja Red,NA,NA
Imperial,Rioja Reserva,2004,FALSE,4.2,417,Rioja,Rioja,45.0,1.6532,Rioja Red,NA,NA
Losada,Altos de Losada,2018,FALSE,4.2,415,Bierzo,Bierzo,17.9,1.2529,Mencia,NA,NA
Mar de Frades,Rias Baixas Albarino Finca Valinas,2015,FALSE,4.2,414,Rias Baixas,Rias Baixas,16.78,1.2248,Albarino,NA,NA
La Rioja Alta,Vina Alberdi Crianza,2018,FALSE,4.2,410,Rioja,Rioja,13.58,1.1329,Rioja Red,NA,NA
Bodegas La Horra,Corimbo I,2015,FALSE,4.2,412,Ribera del Duero,Ribera del Duero,37.9,1.5786,Ribera Del Duero Red,NA,NA
Vina Pedrosa,Gran Reserva,2011,FALSE,4.2,410,Ribera del Duero,Ribera del Duero,51.35,1.7105,Ribera Del Duero Red,NA,NA
Campillo,Gran Reserva Rioja,2012,FALSE,4.2,410,Rioja,Rioja,22.99,1.3615,Rioja Red,NA,NA
Ramon do Casar,Treixadura,2020,FALSE,4.2,407,Ribeiro,Ribeiro,11.95,1.0774,NA,NA,NA
Lustau,Candela Cream Dulce Sweet,,TRUE,4.2,405,Jerez-Xeres-Sherry,Jerez-Xeres-Sherry,7.1,0.8513,Sherry,NA,NA
Portal del Priorat,Clos del Portal Somni,2014,FALSE,4.2,404,Priorato,Priorato,77.36,1.8885,Priorat Red,NA,NA
Binigrau,Nounat,2020,FALSE,4.2,404,Mallorca,Mallorca,19.9,1.2989,NA,NA,NA
Ramon Bilbao,Mirto,2011,FALSE,4.2,402,Rioja,Rioja,28.53,1.4553,Rioja Red,NA,NA
Matsu,El Viejo,2019,FALSE,4.2,400,Toro,Toro,27.89,1.4454,Toro Red,NA,NA
Artadi,Valdegines,2016,FALSE,4.2,398,Vino de Espana,Vino de Espana,48.96,1.6898,Tempranillo,NA,NA
Contino,Rioja Graciano,2011,FALSE,4.2,395,Rioja,Rioja,61.94,1.792,Rioja Red,NA,NA
Contino,Reserva,2016,FALSE,4.2,392,Rioja,Rioja,19.98,1.3006,Rioja Red,NA,NA
Conreria d'Scala Dei,Les Brugueres,2018,FALSE,4.2,390,Priorato,Priorato,16.76,1.2243,Priorat Red,NA,NA
Mustiguillo,Finca Terrerazo,2017,FALSE,4.2,390,El Terrerazo,El Terrerazo,24.45,1.3883,Red,NA,NA
Matarromera,Gran Reserva,2011,FALSE,4.2,389,Ribera del Duero,Ribera del Duero,64.5,1.8096,Ribera Del Duero Red,NA,NA
Sei Solo,Preludio,2016,FALSE,4.2,388,Ribera del Duero,Ribera del Duero,31.63,1.5001,Ribera Del Duero Red,NA,NA
Remirez de Ganuza,Rioja Blanco,2017,FALSE,4.2,421,Rioja,Rioja,29.15,1.4646,Rioja White,3,3
La Vicalanda,Reserva,2015,FALSE,4.2,420,Rioja,Rioja,17.5,1.243,Rioja Red,4,3
Enrique Mendoza,Santa Rosa,2017,FALSE,4.2,420,Alicante,Alicante,18.9,1.2765,Red,4,3
Clos Pons,Roc Nu,2011,FALSE,4.2,420,Costers del Segre,Costers del Segre,23.95,1.3793,Red,4,3
Sierra Cantabria,Coleccion Privada,2012,FALSE,4.2,420,Rioja,Rioja,28.3,1.4518,Rioja Red,4,3
Imperial,Rioja Reserva,2004,FALSE,4.2,417,Rioja,Rioja,45.0,1.6532,Rioja Red,4,3
Losada,Altos de Losada,2018,FALSE,4.2,415,Bierzo,Bierzo,17.9,1.2529,Mencia,3,3
Mar de Frades,Rias Baixas Albarino Finca Valinas,2015,FALSE,4.2,414,Rias Baixas,Rias Baixas,16.78,1.2248,Albarino,3,3
La Rioja Alta,Vina Alberdi Crianza,2018,FALSE,4.2,410,Rioja,Rioja,13.58,1.1329,Rioja Red,4,3
Bodegas La Horra,Corimbo I,2015,FALSE,4.2,412,Ribera del Duero,Ribera del Duero,37.9,1.5786,Ribera Del Duero Red,5,3
Vina Pedrosa,Gran Reserva,2011,FALSE,4.2,410,Ribera del Duero,Ribera del Duero,51.35,1.7105,Ribera Del Duero Red,5,3
Campillo,Gran Reserva Rioja,2012,FALSE,4.2,410,Rioja,Rioja,22.99,1.3615,Rioja Red,4,3
Ramon do Casar,Treixadura,2020,FALSE,4.2,407,Ribeiro,Ribeiro,11.95,1.0774,NA,NA,NA
Lustau,Candela Cream Dulce Sweet,,TRUE,4.2,405,Jerez-Xeres-Sherry,Jerez-Xeres-Sherry,7.1,0.8513,Sherry,4,3
Portal del Priorat,Clos del Portal Somni,2014,FALSE,4.2,404,Priorato,Priorato,77.36,1.8885,Priorat Red,4,3
Binigrau,Nounat,2020,FALSE,4.2,404,Mallorca,Mallorca,19.9,1.2989,NA,NA,NA
Ramon Bilbao,Mirto,2011,FALSE,4.2,402,Rioja,Rioja,28.53,1.4553,Rioja Red,4,3
Matsu,El Viejo,2019,FALSE,4.2,400,Toro,Toro,27.89,1.4454,Toro Red,5,3
Artadi,Valdegines,2016,FALSE,4.2,398,Vino de Espana,Vino de Espana,48.96,1.6898,Tempranillo,4,2
Contino,Rioja Graciano,2011,FALSE,4.2,395,Rioja,Rioja,61.94,1.792,Rioja Red,4,3
Contino,Reserva,2016,FALSE,4.2,392,Rioja,Rioja,19.98,1.3006,Rioja Red,4,3
Conreria d'Scala Dei,Les Brugueres,2018,FALSE,4.2,390,Priorato,Priorato,16.76,1.2243,Priorat Red,4,3
Mustiguillo,Finca Terrerazo,2017,FALSE,4.2,390,El Terrerazo,El Terrerazo,24.45,1.3883,Red,4,3
Matarromera,Gran Reserva,2011,FALSE,4.2,389,Ribera del Duero,Ribera del Duero,64.5,1.8096,Ribera Del Duero Red,5,3
Sei Solo,Preludio,2016,FALSE,4.2,388,Ribera del Duero,Ribera del Duero,31.63,1.5001,Ribera Del Duero Red,5,3
Remirez de Ganuza,Rioja Blanco,2017,FALSE,4.2,421,Rioja,Rioja,29.15,1.4646,Rioja White,3,3
La Vicalanda,Reserva,2015,FALSE,4.2,420,Rioja,Rioja,17.5,1.243,Rioja Red,4,3
Enrique Mendoza,Santa Rosa,2017,FALSE,4.2,420,Alicante,Alicante,18.9,1.2765,Red,4,3
Clos Pons,Roc Nu,2011,FALSE,4.2,420,Costers del Segre,Costers del Segre,23.95,1.3793,Red,4,3
Sierra Cantabria,Coleccion Privada,2012,FALSE,4.2,420,Rioja,Rioja,28.3,1.4518,Rioja Red,4,3
Imperial,Rioja Reserva,2004,FALSE,4.2,417,Rioja,Rioja,45.0,1.6532,Rioja Red,4,3
Losada,Altos de Losada,2018,FALSE,4.2,415,Bierzo,Bierzo,17.9,1.2529,Mencia,3,3
Mar de Frades,Rias Baixas Albarino Finca Valinas,2015,FALSE,4.2,414,Rias Baixas,Rias Baixas,16.78,1.2248,Albarino,3,3
La Rioja Alta,Vina Alberdi Crianza,2018,FALSE,4.2,410,Rioja,Rioja,13.58,1.1329,Rioja Red,4,3
Bodegas La Horra,Corimbo I,2015,FALSE,4.2,412,Ribera del Duero,Ribera del Duero,37.9,1.5786,Ribera Del Duero Red,5,3
Vina Pedrosa,Gran Reserva,2011,FALSE,4.2,410,Ribera del Duero,Ribera del Duero,51.35,1.7105,Ribera Del Duero Red,5,3
Campillo,Gran Reserva Rioja,2012,FALSE,4.2,410,Rioja,Rioja,22.99,1.3615,Rioja Red,4,3
Ramon do Casar,Treixadura,2020,FALSE,4.2,407,Ribeiro,Ribeiro,11.95,1.0774,NA,NA,NA
Lustau,Candela Cream Dulce Sweet,,TRUE,4.2,405,Jerez-Xeres-Sherry,Jerez-Xeres-Sherry,7.1,0.8513,Sherry,4,3
Portal del Priorat,Clos del Portal Somni,2014,FALSE,4.2,404,Priorato,Priorato,77.36,1.8885,Priorat Red,4,3
Binigrau,Nounat,2020,FALSE,4.2,404,Mallorca,Mallorca,19.9,1.2989,NA,NA,NA
Ramon Bilbao,Mirto,2011,FALSE,4.2,402,Rioja,Rioja,28.53,1.4553,Rioja Red,4,3
Matsu,El Viejo,2019,FALSE,4.2,400,Toro,Toro,27.89,1.4454,Toro Red,5,3
Artadi,Valdegines,2016,FALSE,4.2,398,Vino de Espana,Vino de Espana,48.96,1.6898,Tempranillo,4,2
Contino,Rioja Graciano,2011,FALSE,4.2,395,Rioja,Rioja,61.94,1.792,Rioja Red,4,3
Contino,Reserva,2016,FALSE,4.2,392,Rioja,Rioja,19.98,1.3006,Rioja Red,4,3
Conreria d'Scala Dei,Les Brugueres,2018,FALSE,4.2,390,Priorato,Priorato,16.76,1.2243,Priorat Red,4,3
Mustiguillo,Finca Terrerazo,2017,FALSE,4.2,390,El Terrerazo,El Terrerazo,24.45,1.3883,Red,4,3
Matarromera,Gran Reserva,2011,FALSE,4.2,389,Ribera del Duero,Ribera del Duero,64.5,1.8096,Ribera Del Duero Red,5,3
Sei Solo,Preludio,2016,FALSE,4.2,388,Ribera del Duero,Ribera del Duero,31.63,1.5001,Ribera Del Duero Red,5,3
Remirez de Ganuza,Rioja Blanco,2017,FALSE,4.2,421,Rioja,Rioja,29.15,1.4646,Rioja White,3,3
La Vicalanda,Reserva,2015,FALSE,4.2,420,Rioja,Rioja,17.5,1.243,Rioja Red,4,3
Enrique Mendoza,Santa Rosa,2017,FALSE,4.2,420,Alicante,Alicante,18.9,1.2765,Red,4,3
Clos Pons,Roc Nu,2011,FALSE,4.2,420,Costers del Segre,Costers del Segre,23.95,1.3793,Red,4,3
Sierra Cantabria,Coleccion Privada,2012,FALSE,4.2,420,Rioja,Rioja,28.3,1.4518,Rioja Red,4,3
Imperial,Rioja Reserva,2004,FALSE,4.2,417,Rioja,Rioja,45.0,1.6532,Rioja Red,4,3
Losada,Altos de Losada,2018,FALSE,4.2,415,Bierzo,Bierzo,17.9,1.2529,Mencia,3,3
Mar de Frades,Rias Baixas Albarino Finca Valinas,2015,FALSE,4.2,414,Rias Baixas,Rias Baixas,16.78,1.2248,Albarino,3,3
La Rioja Alta,Vina Alberdi Crianza,2018,FALSE,4.2,410,Rioja,Rioja,13.58,1.1329,Rioja Red,4,3
Bodegas La Horra,Corimbo I,2015,FALSE,4.2,412,Ribera del Duero,Ribera del Duero,37.9,1.5786,Ribera Del Duero Red,5,3
Vina Pedrosa,Gran Reserva,2011,FALSE,4.2,410,Ribera del Duero,Ribera del Duero,51.35,1.7105,Ribera Del Duero Red,5,3
Campillo,Gran Reserva Rioja,2012,FALSE,4.2,410,Rioja,Rioja,22.99,1.3615,Rioja Red,4,3
Ramon do Casar,Treixadura,2020,FALSE,4.2,407,Ribeiro,Ribeiro,11.95,1.0774,NA,NA,NA
Lustau,Candela Cream Dulce Sweet,,TRUE,4.2,405,Jerez-Xeres-Sherry,Jerez-Xeres-Sherry,7.1,0.8513,Sherry,4,3
Portal del Priorat,Clos del Portal Somni,2014,FALSE,4.2,404,Priorato,Priorato,77.36,1.8885,Priorat Red,4,3
Binigrau,Nounat,2020,FALSE,4.2,404,Mallorca,Mallorca,19.9,1.2989,NA,NA,NA
Ramon Bilbao,Mirto,2011,FALSE,4.2,402,Rioja,Rioja,28.53,1.4553,Rioja Red,4,3
Matsu,El Viejo,2019,FALSE,4.2,400,Toro,Toro,27.89,1.4454,Toro Red,5,3
Artadi,Valdegines,2016,FALSE,4.2,398,Vino de Espana,Vino de Espana,48.96,1.6898,Tempranillo,4,2
Contino,Rioja Graciano,2011,FALSE,4.2,395,Rioja,Rioja,61.94,1.792,Rioja Red,4,3
Contino,Reserva,2016,FALSE,4.2,392,Rioja,Rioja,19.98,1.3006,Rioja Red,4,3
Conreria d'Scala Dei,Les Brugueres,2018,FALSE,4.2,390,Priorato,Priorato,16.76,1.2243,Priorat Red,4,3
Mustiguillo,Finca Terrerazo,2017,FALSE,4.2,390,El Terrerazo,El Terrerazo,24.45,1.3883,Red,4,3
Matarromera,Gran Reserva,2011,FALSE,4.2,389,Ribera del Duero,Ribera del Duero,64.5,1.8096,Ribera Del Duero Red,5,3
Sei Solo,Preludio,2016,FALSE,4.2,388,Ribera del Duero,Ribera del Duero,31.63,1.5001,Ribera Del Duero Red,5,3
Remirez de Ganuza,Rioja Blanco,2017,FALSE,4.2,421,Rioja,Rioja,29.15,1.4646,Rioja White,3,3
La Vicalanda,Reserva,2015,FALSE,4.2,420,Rioja,Rioja,17.5,1.243,Rioja Red,4,3
Enrique Mendoza,Santa Rosa,2017,FALSE,4.2,420,Alicante,Alicante,18.9,1.2765,Red,4,3
Clos Pons,Roc Nu,2011,FALSE,4.2,420,Costers del Segre,Costers del Segre,23.95,1.3793,Red,4,3
Sierra Cantabria,Coleccion Privada,2012,FALSE,4.2,420,Rioja,Rioja,28.3,1.4518,Rioja Red,4,3
Imperial,Rioja Reserva,2004,FALSE,4.2,417,Rioja,Rioja,45.0,1.6532,Rioja Red,4,3
Losada,Altos de Losada,2018,FALSE,4.2,415,Bierzo,Bierzo,17.9,1.2529,Mencia,3,3
Mar de Frades,Rias Baixas Albarino Finca Valinas,2015,FALSE,4.2,414,Rias Baixas,Rias Baixas,16.78,1.2248,Albarino,3,3
La Rioja Alta,Vina Alberdi Crianza,2018,FALSE,4.2,410,Rioja,Rioja,13.58,1.1329,Rioja Red,4,3
Bodegas La Horra,Corimbo I,2015,FALSE,4.2,412,Ribera del Duero,Ribera del Duero,37.9,1.5786,Ribera Del Duero Red,5,3
Vina Pedrosa,Gran Reserva,2011,FALSE,4.2,410,Ribera del Duero,Ribera del Duero,51.35,1.7105,Ribera Del Duero Red,5,3
Campillo,Gran Reserva Rioja,2012,FALSE,4.2,410,Rioja,Rioja,22.99,1.3615,Rioja Red,4,3
Ramon do Casar,Treixadura,2020,FALSE,4.2,407,Ribeiro,Ribeiro,11.95,1.0774,NA,NA,NA
Lustau,Candela Cream Dulce Sweet,,TRUE,4.2,405,Jerez-Xeres-Sherry,Jerez-Xeres-Sherry,7.1,0.8513,Sherry,4,3
Portal del Priorat,Clos del Portal Somni,2014,FALSE,4.2,404,Priorato,Priorato,77.36,1.8885,Priorat Red,4,3
Binigrau,Nounat,2020,FALSE,4.2,404,Mallorca,Mallorca,19.9,1.2989,NA,NA,NA
Ramon Bilbao,Mirto,2011,FALSE,4.2,402,Rioja,Rioja,28.53,1.4553,Rioja Red,4,3
Matsu,El Viejo,2019,FALSE,4.2,400,Toro,Toro,27.89,1.4454,Toro Red,5,3
Artadi,Valdegines,2016,FALSE,4.2,398,Vino de Espana,Vino de Espana,48.96,1.6898,Tempranillo,4,2
Contino,Rioja Graciano,2011,FALSE,4.2,395,Rioja,Rioja,61.94,1.792,Rioja Red,4,3
Contino,Reserva,2016,FALSE,4.2,392,Rioja,Rioja,19.98,1.3006,Rioja Red,4,3
Conreria d'Scala Dei,Les Brugueres,2018,FALSE,4.2,390,Priorato,Priorato,16.76,1.2243,Priorat Red,4,3
Mustiguillo,Finca Terrerazo,2017,FALSE,4.2,390,El Terrerazo,El Terrerazo,24.45,1.3883,Red,4,3
Matarromera,Gran Reserva,2011,FALSE,4.2,389,Ribera del Duero,Ribera del Duero,64.5,1.8096,Ribera Del Duero Red,5,3
Sei Solo,Preludio,2016,FALSE,4.2,388,Ribera del Duero,Ribera del Duero,31.63,1.5001,Ribera Del Duero Red,5,3
Remirez de Ganuza,Rioja Blanco,2017,FALSE,4.2,421,Rioja,Rioja,29.15,1.4646,Rioja White,3,3
La Vicalanda,Reserva,2015,FALSE,4.2,420,Rioja,Rioja,17.5,1.243,Rioja Red,4,3
Enrique Mendoza,Santa Rosa,2017,FALSE,4.2,420,Alicante,Alicante,18.9,1.2765,Red,4,3
Clos Pons,Roc Nu,2011,FALSE,4.2,420,Costers del Segre,Costers del Segre,23.95,1.3793,Red,4,3
Sierra Cantabria,Coleccion Privada,2012,FALSE,4.2,420,Rioja,Rioja,28.3,1.4518,Rioja Red,4,3
Imperial,Rioja Reserva,2004,FALSE,4.2,417,Rioja,Rioja,45.0,1.6532,Rioja Red,4,3
Losada,Altos de Losada,2018,FALSE,4.2,415,Bierzo,Bierzo,17.9,1.2529,Mencia,3,3
Mar de Frades,Rias Baixas Albarino Finca Valinas,2015,FALSE,4.2,414,Rias Baixas,Rias Baixas,16.78,1.2248,Albarino,3,3
La Rioja Alta,Vina Alberdi Crianza,2018,FALSE,4.2,410,Rioja,Rioja,13.58,1.1329,Rioja Red,4,3
Bodegas La Horra,Corimbo I,2015,FALSE,4.2,412,Ribera del Duero,Ribera del Duero,37.9,1.5786,Ribera Del Duero Red,5,3
Vina Pedrosa,Gran Reserva,2011,FALSE,4.2,410,Ribera del Duero,Ribera del Duero,51.35,1.7105,Ribera Del Duero Red,5,3
Campillo,Gran Reserva Rioja,2012,FALSE,4.2,410,Rioja,Rioja,22.99,1.3615,Rioja Red,4,3
Ramon do Casar,Treixadura,2020,FALSE,4.2,407,Ribeiro,Ribeiro,11.95,1.0774,NA,NA,NA
Lustau,Candela Cream Dulce Sweet,,TRUE,4.2,405,Jerez-Xeres-Sherry,Jerez-Xeres-Sherry,7.1,0.8513,Sherry,4,3
Portal del Priorat,Clos del Portal Somni,2014,FALSE,4.2,404,Priorato,Priorato,77.36,1.8885,Priorat Red,4,3
Binigrau,Nounat,2020,FALSE,4.2,404,Mallorca,Mallorca,19.9,1.2989,NA,NA,NA
Ramon Bilbao,Mirto,2011,FALSE,4.2,402,Rioja,Rioja,28.53,1.4553,Rioja Red,4,3
Matsu,El Viejo,2019,FALSE,4.2,400,Toro,Toro,27.89,1.4454,Toro Red,5,3
Artadi,Valdegines,2016,FALSE,4.2,398,Vino de Espana,Vino de Espana,48.96,1.6898,Tempranillo,4,2
Contino,Rioja Graciano,2011,FALSE,4.2,395,Rioja,Rioja,61.94,1.792,Rioja Red,4,3
Contino,Reserva,2016,FALSE,4.2,392,Rioja,Rioja,19.98,1.3006,Rioja Red,4,3
Conreria d'Scala Dei,Les Brugueres,2018,FALSE,4.2,390,Priorato,Priorato,16.76,1.2243,Priorat Red,4,3
Mustiguillo,Finca Terrerazo,2017,FALSE,4.2,390,El Terrerazo,El Terrerazo,24.45,1.3883,Red,4,3
Matarromera,Gran Reserva,2011,FALSE,4.2,389,Ribera del Duero,Ribera del Duero,64.5,1.8096,Ribera Del Duero Red,5,3
Sei Solo,Preludio,2016,FALSE,4.2,388,Ribera del Duero,Ribera del Duero,31.63,1.5001,Ribera Del Duero Red,5,3
Remirez de Ganuza,Rioja Blanco,2017,FALSE,4.2,421,Rioja,Rioja,29.15,1.4646,Rioja White,3,3
La Vicalanda,Reserva,2015,FALSE,4.2,420,Rioja,Rioja,17.5,1.243,Rioja Red,4,3
Enrique Mendoza,Santa Rosa,2017,FALSE,4.2,420,Alicante,Alicante,18.9,1.2765,Red,4,3
Clos Pons,Roc Nu,2011,FALSE,4.2,420,Costers del Segre,Costers del Segre,23.95,1.3793,Red,4,3
Sierra Cantabria,Coleccion Privada,2012,FALSE,4.2,420,Rioja,Rioja,28.3,1.4518,Rioja Red,4,3
Imperial,Rioja Reserva,2004,FALSE,4.2,417,Rioja,Rioja,45.0,1.6532,Rioja Red,4,3
Losada,Altos de Losada,2018,FALSE,4.2,415,Bierzo,Bierzo,17.9,1.2529,Mencia,3,3
Mar de Frades,Rias Baixas Albarino Finca Valinas,2015,FALSE,4.2,414,Rias Baixas,Rias Baixas,16.78,1.2248,Albarino,3,3
La Rioja Alta,Vina Alberdi Crianza,2018,FALSE,4.2,410,Rioja,Rioja,13.58,1.1329,Rioja Red,4,3
Bodegas La Horra,Corimbo I,2015,FALSE,4.2,412,Ribera del Duero,Ribera del Duero,37.9,1.5786,Ribera Del Duero Red,5,3
Vina Pedrosa,Gran Reserva,2011,FALSE,4.2,410,Ribera del Duero,Ribera del Duero,51.35,1.7105,Ribera Del Duero Red,5,3
Campillo,Gran Reserva Rioja,2012,FALSE,4.2,410,Rioja,Rioja,22.99,1.3615,Rioja Red,4,3
Ramon do Casar,Treixadura,2020,FALSE,4.2,407,Ribeiro,Ribeiro,11.95,1.0774,NA,NA,NA
Lustau,Candela Cream Dulce Sweet,,TRUE,4.2,405,Jerez-Xeres-Sherry,Jerez-Xeres-Sherry,7.1,0.8513,Sherry,4,3
Portal del Priorat,Clos del Portal Somni,2014,FALSE,4.2,404,Priorato,Priorato,77.36,1.8885,Priorat Red,4,3
Binigrau,Nounat,2020,FALSE,4.2,404,Mallorca,Mallorca,19.9,1.2989,NA,NA,NA
Ramon Bilbao,Mirto,2011,FALSE,4.2,402,Rioja,Rioja,28.53,1.4553,Rioja Red,4,3
Matsu,El Viejo,2019,FALSE,4.2,400,Toro,Toro,27.89,1.4454,Toro Red,5,3
Artadi,Valdegines,2016,FALSE,4.2,398,Vino de Espana,Vino de Espana,48.96,1.6898,Tempranillo,4,2
Contino,Rioja Graciano,2011,FALSE,4.2,395,Rioja,Rioja,61.94,1.792,Rioja Red,4,3
Contino,Reserva,2016,FALSE,4.2,392,Rioja,Rioja,19.98,1.3006,Rioja Red,4,3
Conreria d'Scala Dei,Les Brugueres,2018,FALSE,4.2,390,Priorato,Priorato,16.76,1.2243,Priorat Red,4,3
Mustiguillo,Finca Terrerazo,2017,FALSE,4.2,390,El Terrerazo,El Terrerazo,24.45,1.3883,Red,4,3
Matarromera,Gran Reserva,2011,FALSE,4.2,389,Ribera del Duero,Ribera del Duero,64.5,1.8096,Ribera Del Duero Red,5,3
Sei Solo,Preludio,2016,FALSE,4.2,388,Ribera del Duero,Ribera del Duero,31.63,1.5001,Ribera Del Duero Red,5,3
Remirez de Ganuza,Rioja Blanco,2017,FALSE,4.2,421,Rioja,Rioja,29.15,1.4646,Rioja White,3,3
La Vicalanda,Reserva,2015,FALSE,4.2,420,Rioja,Rioja,17.5,1.243,Rioja Red,4,3
Enrique Mendoza,Santa Rosa,2017,FALSE,4.2,420,Alicante,Alicante,18.9,1.2765,Red,4,3
Clos Pons,Roc Nu,2011,FALSE,4.2,420,Costers del Segre,Costers del Segre,23.95,1.3793,Red,4,3
Sierra Cantabria,Coleccion Privada,2012,FALSE,4.2,420,Rioja,Rioja,28.3,1.4518,Rioja Red,4,3
Imperial,Rioja Reserva,2004,FALSE,4.2,417,Rioja,Rioja,45.0,1.6532,Rioja Red,4,3
Losada,Altos de Losada,2018,FALSE,4.2,415,Bierzo,Bierzo,17.9,1.2529,Mencia,3,3
Mar de Frades,Rias Baixas Albarino Finca Valinas,2015,FALSE,4.2,414,Rias Baixas,Rias Baixas,16.78,1.2248,Albarino,3,3
La Rioja Alta,Vina Alberdi Crianza,2018,FALSE,4.2,410,Rioja,Rioja,13.58,1.1329,Rioja Red,4,3
Bodegas La Horra,Corimbo I,2015,FALSE,4.2,412,Ribera del Duero,Ribera del Duero,37.9,1.5786,Ribera Del Duero Red,5,3
Vina Pedrosa,Gran Reserva,2011,FALSE,4.2,410,Ribera del Duero,Ribera del Duero,51.35,1.7105,Ribera Del Duero Red,5,3
Campillo,Gran Reserva Rioja,2012,FALSE,4.2,410,Rioja,Rioja,22.99,1.3615,Rioja Red,4,3
Ramon do Casar,Treixadura,2020,FALSE,4.2,407,Ribeiro,Ribeiro,11.95,1.0774,NA,NA,NA
Lustau,Candela Cream Dulce Sweet,,TRUE,4.2,405,Jerez-Xeres-Sherry,Jerez-Xeres-Sherry,7.1,0.8513,Sherry,4,3
Portal del Priorat,Clos del Portal Somni,2014,FALSE,4.2,404,Priorato,Priorato,77.36,1.8885,Priorat Red,4,3
Binigrau,Nounat,2020,FALSE,4.2,404,Mallorca,Mallorca,19.9,1.2989,NA,NA,NA
Ramon Bilbao,Mirto,2011,FALSE,4.2,402,Rioja,Rioja,28.53,1.4553,Rioja Red,4,3
Matsu,El Viejo,2019,FALSE,4.2,400,Toro,Toro,27.89,1.4454,Toro Red,5,3
Artadi,Valdegines,2016,FALSE,4.2,398,Vino de Espana,Vino de Espana,48.96,1.6898,Tempranillo,4,2
Contino,Rioja Graciano,2011,FALSE,4.2,395,Rioja,Rioja,61.94,1.792,Rioja Red,4,3
Contino,Reserva,2016,FALSE,4.2,392,Rioja,Rioja,19.98,1.3006,Rioja Red,4,3
Conreria d'Scala Dei,Les Brugueres,2018,FALSE,4.2,390,Priorato,Priorato,16.76,1.2243,Priorat Red,4,3
Mustiguillo,Finca Terrerazo,2017,FALSE,4.2,390,El Terrerazo,El Terrerazo,24.45,1.3883,Red,4,3
Matarromera,Gran Reserva,2011,FALSE,4.2,389,Ribera del Duero,Ribera del Duero,64.5,1.8096,Ribera Del Duero Red,5,3
Sei Solo,Preludio,2016,FALSE,4.2,388,Ribera del Duero,Ribera del Duero,31.63,1.5001,Ribera Del Duero Red,5,3
Remirez de Ganuza,Rioja Blanco,2017,FALSE,4.2,421,Rioja,Rioja,29.15,1.4646,Rioja White,3,3
La Vicalanda,Reserva,2015,FALSE,4.2,420,Rioja,Rioja,17.5,1.243,Rioja Red,4,3
Enrique Mendoza,Santa Rosa,2017,FALSE,4.2,420,Alicante,Alicante,18.9,1.2765,Red,4,3
Clos Pons,Roc Nu,2011,FALSE,4.2,420,Costers del Segre,Costers del Segre,23.95,1.3793,Red,4,3
Sierra Cantabria,Coleccion Privada,2012,FALSE,4.2,420,Rioja,Rioja,28.3,1.4518,Rioja Red,4,3
Imperial,Rioja Reserva,2004,FALSE,4.2,417,Rioja,Rioja,45.0,1.6532,Rioja Red,4,3
Losada,Altos de Losada,2018,FALSE,4.2,415,Bierzo,Bierzo,17.9,1.2529,Mencia,3,3
Mar de Frades,Rias Baixas Albarino Finca Valinas,2015,FALSE,4.2,414,Rias Baixas,Rias Baixas,16.78,1.2248,Albarino,3,3
La Rioja Alta,Vina Alberdi Crianza,2018,FALSE,4.2,410,Rioja,Rioja,13.58,1.1329,Rioja Red,4,3
Bodegas La Horra,Corimbo I,2015,FALSE,4.2,412,Ribera del Duero,Ribera del Duero,37.9,1.5786,Ribera Del Duero Red,5,3
Vina Pedrosa,Gran Reserva,2011,FALSE,4.2,410,Ribera del Duero,Ribera del Duero,51.35,1.7105,Ribera Del Duero Red,5,3
Campillo,Gran Reserva Rioja,2012,FALSE,4.2,410,Rioja,Rioja,22.99,1.3615,Rioja Red,4,3
Ramon do Casar,Treixadura,2020,FALSE,4.2,407,Ribeiro,Ribeiro,11.95,1.0774,NA,NA,NA
Lustau,Candela Cream Dulce Sweet,,TRUE,4.2,405,Jerez-Xeres-Sherry,Jerez-Xeres-Sherry,7.1,0.8513,Sherry,4,3
Portal del Priorat,Clos del Portal Somni,2014,FALSE,4.2,404,Priorato,Priorato,77.36,1.8885,Priorat Red,4,3
Binigrau,Nounat,2020,FALSE,4.2,404,Mallorca,Mallorca,19.9,1.2989,NA,NA,NA
Ramon Bilbao,Mirto,2011,FALSE,4.2,402,Rioja,Rioja,28.53,1.4553,Rioja Red,4,3
Matsu,El Viejo,2019,FALSE,4.2,400,Toro,Toro,27.89,1.4454,Toro Red,5,3
Artadi,Valdegines,2016,FALSE,4.2,398,Vino de Espana,Vino de Espana,48.96,1.6898,Tempranillo,4,2
Contino,Rioja Graciano,2011,FALSE,4.2,395,Rioja,Rioja,61.94,1.792,Rioja Red,4,3
Contino,Reserva,2016,FALSE,4.2,392,Rioja,Rioja,19.98,1.3006,Rioja Red,4,3
Conreria d'Scala Dei,Les Brugueres,2018,FALSE,4.2,390,Priorato,Priorato,16.76,1.2243,Priorat Red,4,3
Mustiguillo,Finca Terrerazo,2017,FALSE,4.2,390,El Terrerazo,El Terrerazo,24.45,1.3883,Red,4,3
Matarromera,Gran Reserva,2011,FALSE,4.2,389,Ribera del Duero,Ribera del Duero,64.5,1.8096,Ribera Del Duero Red,5,3
Sei Solo,Preludio,2016,FALSE,4.2,388,Ribera del Duero,Ribera del Duero,31.63,1.5001,Ribera Del Duero Red,5,3
Remirez de Ganuza,Rioja Blanco,2017,FALSE,4.2,421,Rioja,Rioja,29.15,1.4646,Rioja White,3,3
La Vicalanda,Reserva,2015,FALSE,4.2,420,Rioja,Rioja,17.5,1.243,Rioja Red,4,3
Enrique Mendoza,Santa Rosa,2017,FALSE,4.2,420,Alicante,Alicante,18.9,1.2765,Red,4,3
Clos Pons,Roc Nu,2011,FALSE,4.2,420,Costers del Segre,Costers del Segre,23.95,1.3793,Red,4,3
Sierra Cantabria,Coleccion Privada,2012,FALSE,4.2,420,Rioja,Rioja,28.3,1.4518,Rioja Red,4,3
Imperial,Rioja Reserva,2004,FALSE,4.2,417,Rioja,Rioja,45.0,1.6532,Rioja Red,4,3
Losada,Altos de Losada,2018,FALSE,4.2,415,Bierzo,Bierzo,17.9,1.2529,Mencia,3,3
Mar de Frades,Rias Baixas Albarino Finca Valinas,2015,FALSE,4.2,414,Rias Baixas,Rias Baixas,16.78,1.2248,Albarino,3,3
La Rioja Alta,Vina Alberdi Crianza,2018,FALSE,4.2,410,Rioja,Rioja,13.58,1.1329,Rioja Red,4,3
Bodegas La Horra,Corimbo I,2015,FALSE,4.2,412,Ribera del Duero,Ribera del Duero,37.9,1.5786,Ribera Del Duero Red,5,3
Vina Pedrosa,Gran Reserva,2011,FALSE,4.2,410,Ribera del Duero,Ribera del Duero,51.35,1.7105,Ribera Del Duero Red,5,3
Campillo,Gran Reserva Rioja,2012,FALSE,4.2,410,Rioja,Rioja,22.99,1.3615,Rioja Red,4,3
Ramon do Casar,Treixadura,2020,FALSE,4.2,407,Ribeiro,Ribeiro,11.95,1.0774,NA,NA,NA
Lustau,Candela Cream Dulce Sweet,,TRUE,4.2,405,Jerez-Xeres-Sherry,Jerez-Xeres-Sherry,7.1,0.8513,Sherry,4,3
Portal del Priorat,Clos del Portal Somni,2014,FALSE,4.2,404,Priorato,Priorato,77.36,1.8885,Priorat Red,4,3
Binigrau,Nounat,2020,FALSE,4.2,404,Mallorca,Mallorca,19.9,1.2989,NA,NA,NA
Ramon Bilbao,Mirto,2011,FALSE,4.2,402,Rioja,Rioja,28.53,1.4553,Rioja Red,4,3
Matsu,El Viejo,2019,FALSE,4.2,400,Toro,Toro,27.89,1.4454,Toro Red,5,3
Artadi,Valdegines,2016,FALSE,4.2,398,Vino de Espana,Vino de Espana,48.96,1.6898,Tempranillo,4,2
Contino,Rioja Graciano,2011,FALSE,4.2,395,Rioja,Rioja,61.94,1.792,Rioja Red,4,3
Contino,Reserva,2016,FALSE,4.2,392,Rioja,Rioja,19.98,1.3006,Rioja Red,4,3
Conreria d'Scala Dei,Les Brugueres,2018,FALSE,4.2,390,Priorato,Priorato,16.76,1.2243,Priorat Red,4,3
Mustiguillo,Finca Terrerazo,2017,FALSE,4.2,390,El Terrerazo,El Terrerazo,24.45,1.3883,Red,4,3
Matarromera,Gran Reserva,2011,FALSE,4.2,389,Ribera del Duero,Ribera del Duero,64.5,1.8096,Ribera Del Duero Red,5,3
Sei Solo,Preludio,2016,FALSE,4.2,388,Ribera del Duero,Ribera del Duero,31.63,1.5001,Ribera Del Duero Red,5,3
Remirez de Ganuza,Rioja Blanco,2017,FALSE,4.2,421,Rioja,Rioja,29.15,1.4646,Rioja White,3,3
La Vicalanda,Reserva,2015,FALSE,4.2,420,Rioja,Rioja,17.5,1.243,Rioja Red,4,3
Enrique Mendoza,Santa Rosa,2017,FALSE,4.2,420,Alicante,Alicante,18.9,1.2765,Red,4,3
Clos Pons,Roc Nu,2011,FALSE,4.2,420,Costers del Segre,Costers del Segre,23.95,1.3793,Red,4,3
Sierra Cantabria,Coleccion Privada,2012,FALSE,4.2,420,Rioja,Rioja,28.3,1.4518,Rioja Red,4,3
Imperial,Rioja Reserva,2004,FALSE,4.2,417,Rioja,Rioja,45.0,1.6532,Rioja Red,4,3
Losada,Altos de Losada,2018,FALSE,4.2,415,Bierzo,Bierzo,17.9,1.2529,Mencia,3,3
Mar de Frades,Rias Baixas Albarino Finca Valinas,2015,FALSE,4.2,414,Rias Baixas,Rias Baixas,16.78,1.2248,Albarino,3,3
La Rioja Alta,Vina Alberdi Crianza,2018,FALSE,4.2,410,Rioja,Rioja,13.58,1.1329,Rioja Red,4,3
Bodegas La Horra,Corimbo I,2015,FALSE,4.2,412,Ribera del Duero,Ribera del Duero,37.9,1.5786,Ribera Del Duero Red,5,3
Vina Pedrosa,Gran Reserva,2011,FALSE,4.2,410,Ribera del Duero,Ribera del Duero,51.35,1.7105,Ribera Del Duero Red,5,3
Campillo,Gran Reserva Rioja,2012,FALSE,4.2,410,Rioja,Rioja,22.99,1.3615,Rioja Red,4,3
Ramon do Casar,Treixadura,2020,FALSE,4.2,407,Ribeiro,Ribeiro,11.95,1.0774,NA,NA,NA
Lustau,Candela Cream Dulce Sweet,,TRUE,4.2,405,Jerez-Xeres-Sherry,Jerez-Xeres-Sherry,7.1,0.8513,Sherry,4,3
Portal del Priorat,Clos del Portal Somni,2014,FALSE,4.2,404,Priorato,Priorato,77.36,1.8885,Priorat Red,4,3
Binigrau,Nounat,2020,FALSE,4.2,404,Mallorca,Mallorca,19.9,1.2989,NA,NA,NA
Ramon Bilbao,Mirto,2011,FALSE,4.2,402,Rioja,Rioja,28.53,1.4553,Rioja Red,4,3
Matsu,El Viejo,2019,FALSE,4.2,400,Toro,Toro,27.89,1.4454,Toro Red,5,3
Artadi,Valdegines,2016,FALSE,4.2,398,Vino de Espana,Vino de Espana,48.96,1.6898,Tempranillo,4,2
Contino,Rioja Graciano,2011,FALSE,4.2,395,Rioja,Rioja,61.94,1.792,Rioja Red,4,3
Contino,Reserva,2016,FALSE,4.2,392,Rioja,Rioja,19.98,1.3006,Rioja Red,4,3
Conreria d'Scala Dei,Les Brugueres,2018,FALSE,4.2,390,Priorato,Priorato,16.76,1.2243,Priorat Red,4,3
Mustiguillo,Finca Terrerazo,2017,FALSE,4.2,390,El Terrerazo,El Terrerazo,24.45,1.3883,Red,4,3
Matarromera,Gran Reserva,2011,FALSE,4.2,389,Ribera del Duero,Ribera del Duero,64.5,1.8096,Ribera Del Duero Red,5,3
Sei Solo,Preludio,2016,FALSE,4.2,388,Ribera del Duero,Ribera del Duero,31.63,1.5001,Ribera Del Duero Red,5,3
Remirez de Ganuza,Rioja Blanco,2017,FALSE,4.2,421,Rioja,Rioja,29.15,1.4646,Rioja White,3,3
La Vicalanda,Reserva,2015,FALSE,4.2,420,Rioja,Rioja,17.5,1.243,Rioja Red,4,3
Enrique Mendoza,Santa Rosa,2017,FALSE,4.2,420,Alicante,Alicante,18.9,1.2765,Red,4,3
Clos Pons,Roc Nu,2011,FALSE,4.2,420,Costers del Segre,Costers del Segre,23.95,1.3793,Red,4,3
Sierra Cantabria,Coleccion Privada,2012,FALSE,4.2,420,Rioja,Rioja,28.3,1.4518,Rioja Red,4,3
Imperial,Rioja Reserva,2004,FALSE,4.2,417,Rioja,Rioja,45.0,1.6532,Rioja Red,4,3
Losada,Altos de Losada,2018,FALSE,4.2,415,Bierzo,Bierzo,17.9,1.2529,Mencia,3,3
Mar de Frades,Rias Baixas Albarino Finca Valinas,2015,FALSE,4.2,414,Rias Baixas,Rias Baixas,16.78,1.2248,Albarino,3,3
La Rioja Alta,Vina Alberdi Crianza,2018,FALSE,4.2,410,Rioja,Rioja,13.58,1.1329,Rioja Red,4,3
Bodegas La Horra,Corimbo I,2015,FALSE,4.2,412,Ribera del Duero,Ribera del Duero,37.9,1.5786,Ribera Del Duero Red,5,3
Vina Pedrosa,Gran Reserva,2011,FALSE,4.2,410,Ribera del Duero,Ribera del Duero,51.35,1.7105,Ribera Del Duero Red,5,3
Campillo,Gran Reserva Rioja,2012,FALSE,4.2,410,Rioja,Rioja,22.99,1.3615,Rioja Red,4,3
Ramon do Casar,Treixadura,2020,FALSE,4.2,407,Ribeiro,Ribeiro,11.95,1.0774,NA,NA,NA
Lustau,Candela Cream Dulce Sweet,,TRUE,4.2,405,Jerez-Xeres-Sherry,Jerez-Xeres-Sherry,7.1,0.8513,Sherry,4,3
Portal del Priorat,Clos del Portal Somni,2014,FALSE,4.2,404,Priorato,Priorato,77.36,1.8885,Priorat Red,4,3
Binigrau,Nounat,2020,FALSE,4.2,404,Mallorca,Mallorca,19.9,1.2989,NA,NA,NA
Ramon Bilbao,Mirto,2011,FALSE,4.2,402,Rioja,Rioja,28.53,1.4553,Rioja Red,4,3
Matsu,El Viejo,2019,FALSE,4.2,400,Toro,Toro,27.89,1.4454,Toro Red,5,3
Artadi,Valdegines,2016,FALSE,4.2,398,Vino de Espana,Vino de Espana,48.96,1.6898,Tempranillo,4,2
Contino,Rioja Graciano,2011,FALSE,4.2,395,Rioja,Rioja,61.94,1.792,Rioja Red,4,3
Contino,Reserva,2016,FALSE,4.2,392,Rioja,Rioja,19.98,1.3006,Rioja Red,4,3
Conreria d'Scala Dei,Les Brugueres,2018,FALSE,4.2,390,Priorato,Priorato,16.76,1.2243,Priorat Red,4,3
Mustiguillo,Finca Terrerazo,2017,FALSE,4.2,390,El Terrerazo,El Terrerazo,24.45,1.3883,Red,4,3
Matarromera,Gran Reserva,2011,FALSE,4.2,389,Ribera del Duero,Ribera del Duero,64.5,1.8096,Ribera Del Duero Red,5,3
Sei Solo,Preludio,2016,FALSE,4.2,388,Ribera del Duero,Ribera del Duero,31.63,1.5001,Ribera Del Duero Red,5,3
Remirez de Ganuza,Rioja Blanco,2017,FALSE,4.2,421,Rioja,Rioja,29.15,1.4646,Rioja White,3,3
La Vicalanda,Reserva,2015,FALSE,4.2,420,Rioja,Rioja,17.5,1.243,Rioja Red,4,3
Enrique Mendoza,Santa Rosa,2017,FALSE,4.2,420,Alicante,Alicante,18.9,1.2765,Red,4,3
Clos Pons,Roc Nu,2011,FALSE,4.2,420,Costers del Segre,Costers del Segre,23.95,1.3793,Red,4,3
Sierra Cantabria,Coleccion Privada,2012,FALSE,4.2,420,Rioja,Rioja,28.3,1.4518,Rioja Red,4,3
Imperial,Rioja Reserva,2004,FALSE,4.2,417,Rioja,Rioja,45.0,1.6532,Rioja Red,4,3
Losada,Altos de Losada,2018,FALSE,4.2,415,Bierzo,Bierzo,17.9,1.2529,Mencia,3,3
Mar de Frades,Rias Baixas Albarino Finca Valinas,2015,FALSE,4.2,414,Rias Baixas,Rias Baixas,16.78,1.2248,Albarino,3,3
La Rioja Alta,Vina Alberdi Crianza,2018,FALSE,4.2,410,Rioja,Rioja,13.58,1.1329,Rioja Red,4,3
Bodegas La Horra,Corimbo I,2015,FALSE,4.2,412,Ribera del Duero,Ribera del Duero,37.9,1.5786,Ribera Del Duero Red,5,3
Vina Pedrosa,Gran Reserva,2011,FALSE,4.2,410,Ribera del Duero,Ribera del Duero,51.35,1.7105,Ribera Del Duero Red,5,3
Campillo,Gran Reserva Rioja,2012,FALSE,4.2,410,Rioja,Rioja,22.99,1.3615,Rioja Red,4,3
Ramon do Casar,Treixadura,2020,FALSE,4.2,407,Ribeiro,Ribeiro,11.95,1.0774,NA,NA,NA
Lustau,Candela Cream Dulce Sweet,,TRUE,4.2,405,Jerez-Xeres-Sherry,Jerez-Xeres-Sherry,7.1,0.8513,Sherry,4,3
Portal del Priorat,Clos del Portal Somni,2014,FALSE,4.2,404,Priorato,Priorato,77.36,1.8885,Priorat Red,4,3
Binigrau,Nounat,2020,FALSE,4.2,404,Mallorca,Mallorca,19.9,1.2989,NA,NA,NA
Ramon Bilbao,Mirto,2011,FALSE,4.2,402,Rioja,Rioja,28.53,1.4553,Rioja Red,4,3
Matsu,El Viejo,2019,FALSE,4.2,400,Toro,Toro,27.89,1.4454,Toro Red,5,3
Artadi,Valdegines,2016,FALSE,4.2,398,Vino de Espana,Vino de Espana,48.96,1.6898,Tempranillo,4,2
Contino,Rioja Graciano,2011,FALSE,4.2,395,Rioja,Rioja,61.94,1.792,Rioja Red,4,3
Contino,Reserva,2016,FALSE,4.2,392,Rioja,Rioja,19.98,1.3006,Rioja Red,4,3
Conreria d'Scala Dei,Les Brugueres,2018,FALSE,4.2,390,Priorato,Priorato,16.76,1.2243,Priorat Red,4,3
Mustiguillo,Finca Terrerazo,2017,FALSE,4.2,390,El Terrerazo,El Terrerazo,24.45,1.3883,Red,4,3
Matarromera,Gran Reserva,2011,FALSE,4.2,389,Ribera del Duero,Ribera del Duero,64.5,1.8096,Ribera Del Duero Red,5,3
Sei Solo,Preludio,2016,FALSE,4.2,388,Ribera del Duero,Ribera del Duero,31.63,1.5001,Ribera Del Duero Red,5,3
Remirez de Ganuza,Rioja Blanco,2017,FALSE,4.2,421,Rioja,Rioja,29.15,1.4646,Rioja White,3,3
La Vicalanda,Reserva,2015,FALSE,4.2,420,Rioja,Rioja,17.5,1.243,Rioja Red,4,3
Enrique Mendoza,Santa Rosa,2017,FALSE,4.2,420,Alicante,Alicante,18.9,1.2765,Red,4,3
Clos Pons,Roc Nu,2011,FALSE,4.2,420,Costers del Segre,Costers del Segre,23.95,1.3793,Red,4,3
Sierra Cantabria,Coleccion Privada,2012,FALSE,4.2,420,Rioja,Rioja,28.3,1.4518,Rioja Red,4,3
Imperial,Rioja Reserva,2004,FALSE,4.2,417,Rioja,Rioja,45.0,1.6532,Rioja Red,4,3
Losada,Altos de Losada,2018,FALSE,4.2,415,Bierzo,Bierzo,17.9,1.2529,Mencia,3,3
Mar de Frades,Rias Baixas Albarino Finca Valinas,2015,FALSE,4.2,414,Rias Baixas,Rias Baixas,16.78,1.2248,Albarino,3,3
La Rioja Alta,Vina Alberdi Crianza,2018,FALSE,4.2,410,Rioja,Rioja,13.58,1.1329,Rioja Red,4,3
Bodegas La Horra,Corimbo I,2015,FALSE,4.2,412,Ribera del Duero,Ribera del Duero,37.9,1.5786,Ribera Del Duero Red,5,3
Vina Pedrosa,Gran Reserva,2011,FALSE,4.2,410,Ribera del Duero,Ribera del Duero,51.35,1.7105,Ribera Del Duero Red,5,3
Campillo,Gran Reserva Rioja,2012,FALSE,4.2,410,Rioja,Rioja,22.99,1.3615,Rioja Red,4,3
Ramon do Casar,Treixadura,2020,FALSE,4.2,407,Ribeiro,Ribeiro,11.95,1.0774,NA,NA,NA
Lustau,Candela Cream Dulce Sweet,,TRUE,4.2,405,Jerez-Xeres-Sherry,Jerez-Xeres-Sherry,7.1,0.8513,Sherry,4,3
Portal del Priorat,Clos del Portal Somni,2014,FALSE,4.2,404,Priorato,Priorato,77.36,1.8885,Priorat Red,4,3
Binigrau,Nounat,2020,FALSE,4.2,404,Mallorca,Mallorca,19.9,1.2989,NA,NA,NA
Ramon Bilbao,Mirto,2011,FALSE,4.2,402,Rioja,Rioja,28.53,1.4553,Rioja Red,4,3
Matsu,El Viejo,2019,FALSE,4.2,400,Toro,Toro,27.89,1.4454,Toro Red,5,3
Artadi,Valdegines,2016,FALSE,4.2,398,Vino de Espana,Vino de Espana,48.96,1.6898,Tempranillo,4,2
Contino,Rioja Graciano,2011,FALSE,4.2,395,Rioja,Rioja,61.94,1.792,Rioja Red,4,3
Contino,Reserva,2016,FALSE,4.2,392,Rioja,Rioja,19.98,1.3006,Rioja Red,4,3
Conreria d'Scala Dei,Les Brugueres,2018,FALSE,4.2,390,Priorato,Priorato,16.76,1.2243,Priorat Red,4,3
Mustiguillo,Finca Terrerazo,2017,FALSE,4.2,390,El Terrerazo,El Terrerazo,24.45,1.3883,Red,4,3
Matarromera,Gran Reserva,2011,FALSE,4.2,389,Ribera del Duero,Ribera del Duero,64.5,1.8096,Ribera Del Duero Red,5,3
Sei Solo,Preludio,2016,FALSE,4.2,388,Ribera del Duero,Ribera del Duero,31.63,1.5001,Ribera Del Duero Red,5,3
